radio,mcc,net,area,cell,unit,lon,lat,range,samples,changeable,created,updated,averageSignal
GSM,520,99,1605,34921,0,100.55,13.71,1672,1,1,0,0,0
UMTS,520,15,20021,42125987,0,100.562,13.71,1000,1,1,0,0,0
UMTS,520,15,13015,42617423,0,100.562,13.71,1000,1,1,0,0,0
UMTS,520,3,13011,42617423,0,100.562,13.71,1000,1,1,0,0,0
UMTS,520,3,13011,42617422,0,100.562,13.71,1000,1,1,0,0,0
UMTS,520,15,20021,42125554,0,100.555,13.71,1374,1,1,0,0,0
LTE,520,4,4010,8886046,0,100.564,13.71,5736,1,1,0,0,0
UMTS,520,4,1604,137728881,0,100.55,13.71,1000,1,1,0,0,0
UMTS,520,5,3051,23342601,0,100.556,13.71,9688,1,1,0,0,0
UMTS,520,1,912,154630511,0,100.554,13.71,1328,1,1,0,0,0
UMTS,520,4,1605,137725847,0,100.563,13.71,2448,1,1,0,0,0
GSM,520,18,14612,10098,0,100.55,13.71,1000,1,1,0,0,0
UMTS,520,3,20025,41908255,0,100.55,13.71,1000,1,1,0,0,0
UMTS,520,3,20025,41908265,0,100.55,13.71,1000,1,1,0,0,0
UMTS,520,3,20025,42127753,0,100.55,13.71,1000,1,1,0,0,0
UMTS,520,3,20025,42127764,0,100.55,13.71,1000,1,1,0,0,0
UMTS,520,15,1102,6882385,0,100.55,13.71,1000,1,1,0,0,0
UMTS,520,3,20025,42112814,0,100.55,13.71,1000,1,1,0,0,0
UMTS,520,5,3051,23354231,0,100.55,13.71,1000,1,1,0,0,0
UMTS,520,3,20025,42127773,0,100.552,13.71,1000,1,1,0,0,0
UMTS,520,3,3015,42134969,0,100.552,13.71,1000,1,1,0,0,0
UMTS,520,3,15025,41706558,0,100.552,13.71,1000,1,1,0,0,0
UMTS,520,3,16025,41908265,0,100.552,13.71,1000,1,1,0,0,0
UMTS,520,3,16025,41908255,0,100.552,13.71,1000,1,1,0,0,0
UMTS,520,3,16025,41908245,0,100.552,13.71,1000,1,1,0,0,0
UMTS,520,5,3053,7341192,0,100.552,13.71,1000,1,1,0,0,0
UMTS,520,5,3053,23342368,0,100.552,13.71,1000,1,1,0,0,0
GSM,520,18,14002,1053,0,100.552,13.71,1000,1,1,0,0,0
UMTS,520,5,3133,23355389,0,100.552,13.71,1000,1,1,0,0,0
UMTS,520,3,20025,42136525,0,100.561,13.71,1000,1,1,0,0,0
UMTS,520,3,16025,41891812,0,100.561,13.71,1000,1,1,0,0,0
UMTS,520,3,16025,41891822,0,100.561,13.71,1000,1,1,0,0,0
GSM,520,18,10370,5871,0,100.563,13.71,1000,1,1,0,0,0
UMTS,520,3,20025,42136513,0,100.564,13.71,1000,1,1,0,0,0
GSM,520,5,181,4013,0,100.551,13.71,1000,1,1,0,0,0
LTE,520,4,1010,11499806,0,100.552,13.71,1000,1,1,0,0,0
LTE,520,18,3101,64403203,0,100.56,13.71,3749,1,1,0,0,0
LTE,520,3,917,154770041,0,100.559,13.71,2193,1,1,0,0,0
UMTS,520,15,20021,42119070,0,100.561,13.71,1000,1,1,0,0,0
LTE,520,5,112,2004739,0,100.563,13.71,1000,1,1,0,0,0
UMTS,520,15,20021,42119064,0,100.565,13.71,1000,1,1,0,0,0
LTE,520,4,5032,35254146,0,100.551,13.71,1000,1,1,0,0,0
GSM,520,18,14002,403,0,100.551,13.71,1000,1,1,0,0,0
UMTS,520,5,3133,23872441,0,100.552,13.71,1000,1,1,0,0,0
UMTS,520,4,1605,137725993,0,100.551,13.71,4224,1,1,0,0,0
GSM,520,1,16010,553,0,100.551,13.71,1000,1,1,0,0,0
UMTS,520,3,20025,42119073,0,100.566,13.711,1000,1,1,0,0,0
LTE,520,18,3051,64440834,0,100.563,13.711,9462,1,1,0,0,0
UMTS,520,5,847,156929402,0,100.564,13.711,1000,1,1,0,0,0
UMTS,520,15,20021,42114709,0,100.552,13.711,1000,1,1,0,0,0
LTE,520,3,912,156941159,0,100.561,13.711,1000,1,1,0,0,0
UMTS,520,15,20021,42114710,0,100.555,13.711,1000,1,1,0,0,0
UMTS,520,5,1017,10006020,0,100.55,13.711,1000,1,1,0,0,0
LTE,520,18,3051,64297730,0,100.566,13.711,5038,1,1,0,0,0
UMTS,520,0,1016,10127158,0,100.551,13.711,1000,1,1,0,0,0
LTE,520,4,5010,11499776,0,100.551,13.711,2569,1,1,0,0,0
UMTS,520,15,20021,42113506,0,100.561,13.711,1000,1,1,0,0,0
GSM,520,99,1605,36012,0,100.56,13.711,2552,1,1,0,0,0
UMTS,520,18,4010,8886046,0,100.562,13.711,1000,1,1,0,0,0
UMTS,520,3,13015,42619339,0,100.564,13.711,1000,1,1,0,0,0
LTE,520,4,1010,10048256,0,100.551,13.711,1000,1,1,0,0,0
GSM,520,18,14612,1199,0,100.552,13.711,1000,1,1,0,0,0
UMTS,520,3,15025,41706537,0,100.552,13.711,1000,1,1,0,0,0
LTE,520,4,1010,8886016,0,100.563,13.711,1000,1,1,0,0,0
LTE,520,3,912,154630506,0,100.552,13.711,1000,1,1,0,0,0
LTE,520,5,4010,8886046,0,100.559,13.714,1000,1,1,0,0,0
GSM,520,18,14002,2857,0,100.565,13.711,1203,1,1,0,0,0
LTE,520,47,33133,77146636,0,100.552,13.711,1000,1,1,0,0,0
UMTS,520,5,1017,10019277,0,100.553,13.711,1101,1,1,0,0,0
LTE,520,15,2968,154630621,0,100.552,13.711,1000,1,1,0,0,0
UMTS,520,0,1017,10007564,0,100.559,13.711,1000,1,1,0,0,0
UMTS,520,5,1017,9997614,0,100.563,13.711,1000,1,1,0,0,0
LTE,520,3,912,157057638,0,100.559,13.711,1000,1,1,0,0,0
UMTS,520,15,20021,42118674,0,100.553,13.711,1000,1,1,0,0,0
GSM,520,99,16061,5674,0,100.553,13.711,1000,1,1,0,0,0
UMTS,520,0,1017,10019276,0,100.558,13.711,2851,1,1,0,0,0
UMTS,520,5,1023,19866936,0,100.558,13.711,6299,1,1,0,0,0
UMTS,520,18,14707,7087987,0,100.552,13.711,1000,1,1,0,0,0
LTE,520,4,37010,842,0,100.551,13.711,1000,1,1,0,0,0
UMTS,520,18,14612,7347972,0,100.566,13.711,1901,1,1,0,0,0
LTE,520,3,847,156929383,0,100.561,13.711,3562,1,1,0,0,0
UMTS,520,3,20025,42119080,0,100.561,13.711,1000,1,1,0,0,0
LTE,520,5,112,269058,0,100.559,13.711,1000,1,1,0,0,0
UMTS,520,4,1605,137730807,0,100.551,13.711,1000,1,1,0,0,0
UMTS,520,0,1017,9997613,0,100.567,13.711,1000,1,1,0,0,0
UMTS,520,5,3051,64440834,0,100.565,13.711,1000,1,1,0,0,0
UMTS,520,5,3051,23342604,0,100.554,13.711,1000,1,1,0,0,0
LTE,520,3,912,156941669,0,100.56,13.711,1000,1,1,0,0,0
LTE,520,4,4010,1369856,0,100.566,13.711,1000,1,1,0,0,0
LTE,520,1,26040,1042,0,100.551,13.711,1232,1,1,0,0,0
LTE,520,5,4010,14674206,0,100.564,13.711,1000,1,1,0,0,0
UMTS,520,18,3133,23866653,0,100.551,13.711,1000,1,1,0,0,0
UMTS,520,15,20021,42125985,0,100.564,13.711,1000,1,1,0,0,0
LTE,520,4,4032,37038230,0,100.564,13.711,1000,1,1,0,0,0
LTE,520,3,847,156929512,0,100.564,13.711,1000,1,1,0,0,0
LTE,520,5,54006,79156912,0,100.566,13.711,1000,1,1,0,0,0
UMTS,520,3,15025,41706547,0,100.552,13.711,1000,1,1,0,0,0
GSM,520,99,16061,4024,0,100.556,13.711,1000,1,1,0,0,0
UMTS,520,3,14006,554,0,100.551,13.711,4303,1,1,0,0,0
GSM,520,1,26040,1186,0,100.551,13.711,1000,1,1,0,0,0
UMTS,520,15,20021,42125297,0,100.561,13.711,2896,1,1,0,0,0
LTE,520,99,3051,64440833,0,100.563,13.711,1000,1,1,0,0,0
LTE,520,5,181,102659,0,100.552,13.711,1000,1,1,0,0,0
LTE,520,3,847,156929387,0,100.564,13.712,1000,1,1,0,0,0
LTE,520,4,4032,37038212,0,100.565,13.712,1000,1,1,0,0,0
LTE,520,3,847,156929429,0,100.565,13.712,1000,1,1,0,0,0
UMTS,520,18,14707,7087986,0,100.55,13.712,1000,1,1,0,0,0
UMTS,520,18,14707,7087983,0,100.55,13.712,2086,1,1,0,0,0
UMTS,520,5,3133,23866656,0,100.551,13.712,1000,1,1,0,0,0
LTE,520,4,1010,3228446,0,100.554,13.712,1000,1,1,0,0,0
LTE,520,47,33051,76902165,0,100.563,13.712,1000,1,1,0,0,0
UMTS,520,3,13015,42617436,0,100.566,13.712,1000,1,1,0,0,0
UMTS,520,3,20025,42113149,0,100.552,13.712,1000,1,1,0,0,0
LTE,520,5,4010,16827167,0,100.566,13.712,1000,1,1,0,0,0
LTE,520,3,912,157057637,0,100.558,13.712,1000,1,1,0,0,0
LTE,520,4,4032,37038210,0,100.563,13.712,1000,1,1,0,0,0
UMTS,520,15,13011,42623825,0,100.564,13.712,1000,1,1,0,0,0
LTE,520,4,4032,39301251,0,100.566,13.712,1000,1,1,0,0,0
LTE,520,4,2401,779267,0,100.564,13.712,1000,1,1,0,0,0
UMTS,520,4,1605,137727277,0,100.565,13.712,5423,1,1,0,0,0
LTE,520,4,1010,1369857,0,100.563,13.712,1000,1,1,0,0,0
GSM,520,1,16010,714,0,100.564,13.712,1000,1,1,0,0,0
UMTS,520,3,13015,42617426,0,100.565,13.712,1000,1,1,0,0,0
GSM,520,18,14612,8543,0,100.565,13.712,1000,1,1,0,0,0
UMTS,520,3,20025,42117954,0,100.565,13.712,1000,1,1,0,0,0
GSM,520,1,16010,643,0,100.566,13.712,1000,1,1,0,0,0
UMTS,520,5,181,372912,0,100.552,13.712,1000,1,1,0,0,0
UMTS,520,3,20025,42112813,0,100.552,13.712,1000,1,1,0,0,0
UMTS,520,3,20025,42081775,0,100.552,13.712,1000,1,1,0,0,0
UMTS,520,3,20025,42081777,0,100.552,13.712,1000,1,1,0,0,0
UMTS,520,3,16025,41882744,0,100.552,13.712,1000,1,1,0,0,0
LTE,520,4,1010,10048286,0,100.552,13.712,1000,1,1,0,0,0
UMTS,520,5,3051,23342368,0,100.552,13.712,1000,1,1,0,0,0
UMTS,520,18,14612,23342365,0,100.552,13.712,1000,1,1,0,0,0
LTE,520,4,1010,11499836,0,100.552,13.712,1000,1,1,0,0,0
UMTS,520,5,3051,7341217,0,100.552,13.712,1000,1,1,0,0,0
UMTS,520,3,16025,41882742,0,100.553,13.712,1000,1,1,0,0,0
UMTS,520,18,14612,23342367,0,100.553,13.712,1000,1,1,0,0,0
UMTS,520,15,1102,6882382,0,100.553,13.712,1000,1,1,0,0,0
UMTS,520,4,1602,137732211,0,100.553,13.712,1000,1,1,0,0,0
UMTS,520,3,20025,42136535,0,100.56,13.712,1000,1,1,0,0,0
UMTS,520,3,15025,41696434,0,100.56,13.712,1000,1,1,0,0,0
UMTS,520,3,13015,42619340,0,100.561,13.712,1000,1,1,0,0,0
UMTS,520,3,15025,2983446,0,100.563,13.712,1000,1,1,0,0,0
UMTS,520,3,20025,42603856,0,100.563,13.712,1000,1,1,0,0,0
UMTS,520,0,1017,10017584,0,100.563,13.712,1000,1,1,0,0,0
UMTS,520,3,13015,42603856,0,100.563,13.712,1000,1,1,0,0,0
UMTS,520,3,13015,42617412,0,100.563,13.712,1000,1,1,0,0,0
LTE,520,4,1010,1369887,0,100.563,13.712,1000,1,1,0,0,0
UMTS,520,3,13015,42617411,0,100.563,13.712,1000,1,1,0,0,0
UMTS,520,3,15025,2983441,0,100.564,13.712,1000,1,1,0,0,0
GSM,520,18,14612,6108,0,100.564,13.712,1000,1,1,0,0,0
UMTS,520,3,20025,42617432,0,100.564,13.712,1000,1,1,0,0,0
UMTS,520,3,55090,42603858,0,100.564,13.712,1000,1,1,0,0,0
UMTS,520,3,55090,42603859,0,100.564,13.712,1000,1,1,0,0,0
UMTS,520,3,55090,42617413,0,100.564,13.712,1000,1,1,0,0,0
UMTS,520,3,55090,42617432,0,100.564,13.712,1000,1,1,0,0,0
UMTS,520,3,15025,41696444,0,100.564,13.712,1000,1,1,0,0,0
UMTS,520,3,15025,41696442,0,100.564,13.712,1000,1,1,0,0,0
UMTS,520,3,16025,41897430,0,100.564,13.712,1000,1,1,0,0,0
UMTS,520,3,16025,41897436,0,100.564,13.712,1000,1,1,0,0,0
UMTS,520,3,16025,41897420,0,100.564,13.712,1000,1,1,0,0,0
UMTS,520,3,13015,42617416,0,100.564,13.712,1000,1,1,0,0,0
UMTS,520,0,18,9997614,0,100.564,13.712,1000,1,1,0,0,0
UMTS,520,0,18,9996183,0,100.564,13.712,1000,1,1,0,0,0
UMTS,520,0,1017,137725847,0,100.564,13.712,1000,1,1,0,0,0
UMTS,520,3,20025,42603858,0,100.565,13.712,1000,1,1,0,0,0
UMTS,520,3,20025,42617436,0,100.565,13.712,1000,1,1,0,0,0
UMTS,520,3,55090,42617436,0,100.565,13.712,1000,1,1,0,0,0
UMTS,520,3,15025,41696438,0,100.565,13.712,1000,1,1,0,0,0
UMTS,520,3,15025,41696448,0,100.565,13.712,1000,1,1,0,0,0
UMTS,520,3,16025,41882526,0,100.565,13.712,1000,1,1,0,0,0
UMTS,520,3,16025,41897440,0,100.565,13.712,1000,1,1,0,0,0
UMTS,520,3,16025,42603855,0,100.565,13.712,1000,1,1,0,0,0
UMTS,520,3,13015,42603858,0,100.565,13.712,1000,1,1,0,0,0
UMTS,520,3,13015,43096954,0,100.565,13.712,1000,1,1,0,0,0
LTE,520,4,1010,1369886,0,100.565,13.712,1000,1,1,0,0,0
LTE,520,4,1010,1369856,0,100.565,13.712,1000,1,1,0,0,0
UMTS,520,5,3052,23336924,0,100.565,13.712,1000,1,1,0,0,0
UMTS,520,3,7025,42117954,0,100.565,13.712,1000,1,1,0,0,0
UMTS,520,3,7025,42117944,0,100.565,13.712,1000,1,1,0,0,0
UMTS,520,3,7025,42117964,0,100.565,13.712,1000,1,1,0,0,0
UMTS,520,0,18,10007563,0,100.565,13.712,1000,1,1,0,0,0
UMTS,520,3,13015,42619344,0,100.565,13.712,1000,1,1,0,0,0
UMTS,520,3,13015,42618254,0,100.565,13.712,1000,1,1,0,0,0
UMTS,520,3,13015,42617422,0,100.564,13.712,1000,1,1,0,0,0
UMTS,520,15,20021,42112824,0,100.551,13.712,1000,1,1,0,0,0
UMTS,520,4,1017,9996183,0,100.559,13.712,1000,1,1,0,0,0
UMTS,520,0,1017,9997614,0,100.564,13.712,1000,1,1,0,0,0
UMTS,520,0,1017,10006649,0,100.553,13.712,1000,1,1,0,0,0
LTE,520,3,912,156942182,0,100.557,13.712,1193,1,1,0,0,0
UMTS,520,15,13011,42618251,0,100.566,13.712,1000,1,1,0,0,0
UMTS,520,5,3023,23135649,0,100.564,13.712,2375,1,1,0,0,0
LTE,520,5,112,269059,0,100.553,13.712,1000,1,1,0,0,0
LTE,520,3,847,156929411,0,100.565,13.712,1000,1,1,0,0,0
LTE,520,4,4010,10181406,0,100.557,13.712,4800,1,1,0,0,0
UMTS,520,5,3051,23343799,0,100.559,13.712,1000,1,1,0,0,0
UMTS,520,4,1017,9997614,0,100.561,13.712,1000,1,1,0,0,0
UMTS,520,3,13015,42618252,0,100.564,13.712,1000,1,1,0,0,0
LTE,520,3,444,9917523,0,100.56,13.712,2932,1,1,0,0,0
UMTS,520,5,112,78312,0,100.565,13.712,1000,1,1,0,0,0
LTE,520,3,847,156929392,0,100.564,13.712,1000,1,1,0,0,0
LTE,520,1,37010,517,0,100.553,13.712,1031,1,1,0,0,0
GSM,520,1,34040,957,0,100.553,13.712,1000,1,1,0,0,0
LTE,520,3,912,154630508,0,100.552,13.712,1000,1,1,0,0,0
GSM,520,1,26040,791,0,100.564,13.712,1000,1,1,0,0,0
UMTS,520,5,3051,23336924,0,100.564,13.712,9633,1,1,0,0,0
UMTS,520,0,1017,10013547,0,100.555,13.712,1274,1,1,0,0,0
UMTS,520,4,1620,137727277,0,100.566,13.712,1000,1,1,0,0,0
UMTS,520,4,1620,137727278,0,100.566,13.712,1000,1,1,0,0,0
UMTS,520,0,1017,10000217,0,100.558,13.712,1719,1,1,0,0,0
UMTS,520,5,14707,7087983,0,100.55,13.712,1000,1,1,0,0,0
UMTS,520,1,912,154630502,0,100.553,13.712,1000,1,1,0,0,0
LTE,520,3,847,156931173,0,100.564,13.712,5504,1,1,0,0,0
LTE,520,4,26040,789,0,100.564,13.712,1000,1,1,0,0,0
UMTS,520,4,26040,1041,0,100.553,13.712,1000,1,1,0,0,0
UMTS,520,5,14707,7087986,0,100.55,13.712,1000,1,1,0,0,0
UMTS,520,5,3133,23866655,0,100.552,13.712,1000,1,1,0,0,0
LTE,520,4,4010,8886016,0,100.562,13.712,5945,1,1,0,0,0
UMTS,520,15,20021,42125746,0,100.553,13.712,1648,1,1,0,0,0
LTE,520,5,54006,76902165,0,100.564,13.712,1000,1,1,0,0,0
GSM,520,99,1605,34783,0,100.567,13.712,1000,1,1,0,0,0
UMTS,520,5,3051,23343800,0,100.559,13.712,1000,1,1,0,0,0
LTE,520,4,4010,10181407,0,100.559,13.712,8325,1,1,0,0,0
LTE,520,4,20010,1369917,0,100.561,13.712,1000,1,1,0,0,0
UMTS,520,15,20021,42113374,0,100.554,13.712,1000,1,1,0,0,0
LTE,520,4,1670,496730,0,100.554,13.712,1000,1,1,0,0,0
LTE,520,4,4032,35218326,0,100.562,13.712,1000,1,1,0,0,0
UMTS,520,5,3051,23336926,0,100.565,13.712,2526,1,1,0,0,0
GSM,520,1,4020,38920,0,100.553,13.712,1000,1,1,0,0,0
UMTS,520,18,14612,7347973,0,100.563,13.712,2518,1,1,0,0,0
LTE,520,3,847,156948839,0,100.565,13.712,561,1,1,0,0,0
UMTS,520,4,65534,1369856,0,100.565,13.712,1000,1,1,0,0,0
LTE,520,47,33051,76902155,0,100.562,13.712,1000,1,1,0,0,0
UMTS,520,18,14612,7352215,0,100.559,13.712,1000,1,1,0,0,0
GSM,520,18,14612,8545,0,100.562,13.712,1000,1,1,0,0,0
UMTS,520,3,13015,42617929,0,100.566,13.712,1000,1,1,0,0,0
LTE,520,5,4010,14674289,0,100.562,13.712,1000,1,1,0,0,0
LTE,520,4,4010,1369887,0,100.562,13.712,7296,1,1,0,0,0
LTE,520,4,14002,2665,0,100.564,13.712,1000,1,1,0,0,0
LTE,520,3,912,154630531,0,100.554,13.713,2041,1,1,0,0,0
LTE,520,4,4032,37038232,0,100.562,13.713,1000,1,1,0,0,0
LTE,520,3,847,156929513,0,100.562,13.713,1000,1,1,0,0,0
UMTS,520,3,20025,42113158,0,100.551,13.713,1495,1,1,0,0,0
UMTS,520,0,18,10007564,0,100.564,13.713,1000,1,1,0,0,0
UMTS,520,5,3051,23342599,0,100.56,13.713,1000,1,1,0,0,0
LTE,520,4,1010,3228416,0,100.554,13.713,1000,1,1,0,0,0
UMTS,520,3,13015,42617423,0,100.562,13.713,1000,1,1,0,0,0
UMTS,520,18,14612,7348578,0,100.566,13.713,1000,1,1,0,0,0
UMTS,520,15,13011,42617372,0,100.565,13.713,1431,1,1,0,0,0
UMTS,520,15,13011,42618255,0,100.564,13.713,1000,1,1,0,0,0
UMTS,520,18,14612,7348577,0,100.561,13.713,1000,1,1,0,0,0
LTE,520,4,20010,30003516,0,100.558,13.713,1000,1,1,0,0,0
LTE,520,3,912,156933508,0,100.562,13.713,1000,1,1,0,0,0
LTE,520,3,847,156929403,0,100.564,13.713,2951,1,1,0,0,0
LTE,520,4,5010,5179167,0,100.551,13.713,1000,1,1,0,0,0
LTE,520,3,912,156941164,0,100.557,13.713,1000,1,1,0,0,0
UMTS,520,3,13015,42618251,0,100.565,13.713,1000,1,1,0,0,0
LTE,520,18,3051,64440835,0,100.564,13.713,1000,1,1,0,0,0
GSM,520,99,1605,34924,0,100.553,13.713,2056,1,1,0,0,0
GSM,520,18,14612,7940,0,100.561,13.713,1000,1,1,0,0,0
UMTS,520,3,15025,41712489,0,100.553,13.713,1000,1,1,0,0,0
GSM,520,99,1605,34923,0,100.552,13.713,2054,1,1,0,0,0
LTE,520,18,3051,62532866,0,100.554,13.713,9939,1,1,0,0,0
UMTS,520,3,13015,42617431,0,100.567,13.713,1000,1,1,0,0,0
UMTS,520,5,3051,23336925,0,100.563,13.713,1000,1,1,0,0,0
UMTS,520,18,14612,7348574,0,100.562,13.713,1000,1,1,0,0,0
UMTS,520,15,13011,42115794,0,100.565,13.713,1000,1,1,0,0,0
UMTS,520,3,20025,42113235,0,100.552,13.713,2774,1,1,0,0,0
UMTS,520,18,14612,7341192,0,100.554,13.713,1000,1,1,0,0,0
UMTS,520,4,1605,9997614,0,100.561,13.713,1000,1,1,0,0,0
UMTS,520,3,20025,42117944,0,100.562,13.713,1000,1,1,0,0,0
UMTS,520,3,20025,42133715,0,100.553,13.713,1000,1,1,0,0,0
UMTS,520,3,20025,42133705,0,100.553,13.713,1000,1,1,0,0,0
UMTS,520,3,15025,41706557,0,100.553,13.713,1000,1,1,0,0,0
UMTS,520,3,13015,41882744,0,100.553,13.713,1000,1,1,0,0,0
GSM,520,1,26040,845,0,100.553,13.713,1000,1,1,0,0,0
GSM,520,99,1605,34922,0,100.553,13.713,1000,1,1,0,0,0
GSM,520,5,181,4011,0,100.554,13.713,1000,1,1,0,0,0
UMTS,520,3,20025,41891646,0,100.554,13.713,1000,1,1,0,0,0
UMTS,520,3,16025,41891626,0,100.554,13.713,1000,1,1,0,0,0
UMTS,520,3,13015,41882924,0,100.554,13.713,1000,1,1,0,0,0
UMTS,520,5,3052,23342364,0,100.554,13.713,1000,1,1,0,0,0
UMTS,520,3,13015,42118684,0,100.554,13.713,1000,1,1,0,0,0
UMTS,520,3,20025,42133145,0,100.559,13.713,1000,1,1,0,0,0
UMTS,520,3,20025,42119070,0,100.56,13.713,1000,1,1,0,0,0
UMTS,520,3,13015,41898777,0,100.56,13.713,1000,1,1,0,0,0
UMTS,520,3,13015,42119060,0,100.56,13.713,1000,1,1,0,0,0
UMTS,520,3,13015,41898767,0,100.56,13.713,1000,1,1,0,0,0
UMTS,520,3,13015,42081705,0,100.56,13.713,1000,1,1,0,0,0
GSM,520,23,10059,1943,0,100.56,13.713,1000,1,1,0,0,0
LTE,520,3,847,156942182,0,100.56,13.713,1000,1,1,0,0,0
UMTS,520,3,13015,42125422,0,100.56,13.713,1000,1,1,0,0,0
UMTS,520,3,20025,42119060,0,100.561,13.713,1000,1,1,0,0,0
UMTS,520,3,20025,42123434,0,100.561,13.713,1000,1,1,0,0,0
UMTS,520,3,20025,42133144,0,100.561,13.713,1000,1,1,0,0,0
UMTS,520,3,20025,42617413,0,100.561,13.713,1000,1,1,0,0,0
UMTS,520,3,20025,42603859,0,100.561,13.713,1000,1,1,0,0,0
UMTS,520,3,20025,42617433,0,100.561,13.713,1000,1,1,0,0,0
UMTS,520,3,20025,42617423,0,100.561,13.713,1000,1,1,0,0,0
UMTS,520,3,55090,42617433,0,100.561,13.713,1000,1,1,0,0,0
UMTS,520,3,16025,41882524,0,100.561,13.713,1000,1,1,0,0,0
UMTS,520,3,16025,41882527,0,100.561,13.713,1000,1,1,0,0,0
UMTS,520,3,16025,41897437,0,100.561,13.713,1000,1,1,0,0,0
UMTS,520,3,16025,41899920,0,100.561,13.713,1000,1,1,0,0,0
UMTS,520,3,16025,42617433,0,100.561,13.713,1000,1,1,0,0,0
UMTS,520,3,13015,42119070,0,100.561,13.713,1000,1,1,0,0,0
UMTS,520,3,13015,41891646,0,100.561,13.713,1000,1,1,0,0,0
UMTS,520,3,13015,42603859,0,100.561,13.713,1000,1,1,0,0,0
UMTS,520,3,13015,42617413,0,100.561,13.713,1000,1,1,0,0,0
UMTS,520,5,3052,23336923,0,100.561,13.713,1000,1,1,0,0,0
GSM,520,23,10059,2037,0,100.561,13.713,1000,1,1,0,0,0
UMTS,520,3,7025,42117945,0,100.561,13.713,1000,1,1,0,0,0
UMTS,520,3,13015,42119063,0,100.561,13.713,1000,1,1,0,0,0
UMTS,520,3,20025,42618253,0,100.561,13.713,1000,1,1,0,0,0
UMTS,520,3,20025,42119093,0,100.563,13.713,1000,1,1,0,0,0
UMTS,520,3,16025,42123660,0,100.563,13.713,1000,1,1,0,0,0
UMTS,520,3,16025,42603856,0,100.563,13.713,1000,1,1,0,0,0
UMTS,520,3,16025,42617423,0,100.563,13.713,1000,1,1,0,0,0
UMTS,520,3,20025,42117950,0,100.564,13.713,1000,1,1,0,0,0
UMTS,520,3,20025,42117970,0,100.564,13.713,1000,1,1,0,0,0
UMTS,520,3,20025,42117960,0,100.564,13.713,1000,1,1,0,0,0
UMTS,520,3,55090,42617423,0,100.564,13.713,1000,1,1,0,0,0
UMTS,520,3,55090,42603857,0,100.564,13.713,1000,1,1,0,0,0
UMTS,520,3,15025,41696432,0,100.564,13.713,1000,1,1,0,0,0
UMTS,520,3,16025,41897422,0,100.564,13.713,1000,1,1,0,0,0
UMTS,520,3,16025,41898065,0,100.564,13.713,1000,1,1,0,0,0
UMTS,520,0,18,7315266,0,100.564,13.713,1000,1,1,0,0,0
UMTS,520,0,18,7337266,0,100.564,13.713,1000,1,1,0,0,0
UMTS,520,4,1605,7313238,0,100.564,13.713,1000,1,1,0,0,0
UMTS,520,0,1017,7320502,0,100.564,13.713,1000,1,1,0,0,0
UMTS,520,18,14612,9122974,0,100.564,13.713,1000,1,1,0,0,0
UMTS,520,5,3133,23866652,0,100.554,13.713,1000,1,1,0,0,0
UMTS,520,18,14782,9122974,0,100.566,13.713,2091,1,1,0,0,0
GSM,520,1,26040,793,0,100.561,13.713,6647,1,1,0,0,0
UMTS,520,15,20021,42113732,0,100.563,13.713,1000,1,1,0,0,0
UMTS,520,3,13015,42114874,0,100.565,13.713,1000,1,1,0,0,0
UMTS,520,4,1602,137730224,0,100.554,13.713,5653,1,1,0,0,0
LTE,520,3,912,153604197,0,100.563,13.713,1000,1,1,0,0,0
GSM,520,1,16010,546,0,100.554,13.713,1000,1,1,0,0,0
LTE,520,4,5010,11499806,0,100.555,13.713,8787,1,1,0,0,0
GSM,520,1,16010,715,0,100.561,13.713,1000,1,1,0,0,0
UMTS,520,15,13011,42615498,0,100.564,13.713,1000,1,1,0,0,0
UMTS,520,15,13011,42618252,0,100.565,13.713,1000,1,1,0,0,0
LTE,520,99,3051,64440834,0,100.564,13.713,1000,1,1,0,0,0
LTE,520,4,4032,35218306,0,100.56,13.713,1000,1,1,0,0,0
LTE,520,4,20010,11499836,0,100.553,13.713,1166,1,1,0,0,0
LTE,520,15,2968,156940515,0,100.554,13.713,1000,1,1,0,0,0
UMTS,520,3,20025,42117955,0,100.561,13.713,1000,1,1,0,0,0
UMTS,520,15,20021,42113577,0,100.562,13.713,1000,1,1,0,0,0
LTE,520,3,493,10965323,0,100.555,13.713,3977,1,1,0,0,0
UMTS,520,5,3133,23872440,0,100.551,13.713,2820,1,1,0,0,0
LTE,520,3,847,156929413,0,100.561,13.713,1000,1,1,0,0,0
UMTS,520,0,1017,10007297,0,100.554,13.713,1000,1,1,0,0,0
UMTS,520,5,112,322212,0,100.56,13.713,1000,1,1,0,0,0
UMTS,520,15,20021,42116047,0,100.564,13.713,1000,1,1,0,0,0
LTE,520,3,912,156940400,0,100.554,13.713,1000,1,1,0,0,0
UMTS,520,15,3011,43112745,0,100.551,13.713,3744,1,1,0,0,0
LTE,520,5,112,269057,0,100.559,13.714,1000,1,1,0,0,0
LTE,520,3,912,156940519,0,100.554,13.714,1000,1,1,0,0,0
UMTS,520,99,1019,10322177,0,100.565,13.714,1000,1,1,0,0,0
UMTS,520,3,444,9562201,0,100.553,13.714,1000,1,1,0,0,0
GSM,520,99,16061,4026,0,100.556,13.714,1000,1,1,0,0,0
LTE,520,3,847,156929391,0,100.566,13.714,1519,1,1,0,0,0
UMTS,520,5,3133,23866651,0,100.553,13.714,1000,1,1,0,0,0
LTE,520,3,912,156940520,0,100.555,13.714,1000,1,1,0,0,0
LTE,520,3,912,156931450,0,100.558,13.714,4966,1,1,0,0,0
GSM,520,18,14612,8542,0,100.56,13.714,1000,1,1,0,0,0
GSM,520,1,26040,1041,0,100.55,13.714,2477,1,1,0,0,0
GSM,520,1,26040,789,0,100.563,13.714,3401,1,1,0,0,0
UMTS,520,3,13015,42617438,0,100.563,13.714,1000,1,1,0,0,0
UMTS,520,18,14612,7341222,0,100.555,13.714,1000,1,1,0,0,0
GSM,520,18,14002,1051,0,100.557,13.714,1000,1,1,0,0,0
UMTS,520,3,13015,42115785,0,100.559,13.714,1000,1,1,0,0,0
UMTS,520,3,20025,42125422,0,100.56,13.714,1000,1,1,0,0,0
UMTS,520,3,13015,42115799,0,100.561,13.714,1000,1,1,0,0,0
LTE,520,3,912,156940395,0,100.554,13.714,500,1,1,0,0,0
UMTS,520,4,1605,137727278,0,100.563,13.714,2142,1,1,0,0,0
GSM,520,5,181,4012,0,100.554,13.714,1000,1,1,0,0,0
LTE,520,18,3051,64786945,0,100.561,13.714,9937,1,1,0,0,0
LTE,520,47,33051,76899339,0,100.56,13.714,1000,1,1,0,0,0
LTE,520,3,912,156941189,0,100.56,13.714,1000,1,1,0,0,0
UMTS,520,1,912,156940389,0,100.556,13.714,1000,1,1,0,0,0
LTE,520,4,5032,20421507,0,100.557,13.714,1726,1,1,0,0,0
LTE,520,18,121,842499,0,100.558,13.714,1000,1,1,0,0,0
UMTS,520,15,20021,42117548,0,100.554,13.714,1000,1,1,0,0,0
LTE,520,5,112,2004737,0,100.561,13.714,1000,1,1,0,0,0
UMTS,520,15,20021,42125747,0,100.556,13.714,1000,1,1,0,0,0
UMTS,520,4,1017,10006649,0,100.557,13.714,1000,1,1,0,0,0
UMTS,520,3,20025,42125747,0,100.554,13.714,1000,1,1,0,0,0
GSM,520,18,14612,7944,0,100.56,13.714,1000,1,1,0,0,0
LTE,520,3,912,156933498,0,100.56,13.714,1000,1,1,0,0,0
UMTS,520,3,4015,42152175,0,100.564,13.714,7116,1,1,0,0,0
UMTS,520,3,20025,42133695,0,100.554,13.714,1000,1,1,0,0,0
UMTS,520,18,14612,7353650,0,100.559,13.714,1000,1,1,0,0,0
UMTS,520,0,1017,7330028,0,100.564,13.714,1000,1,1,0,0,0
GSM,520,99,1605,34776,0,100.553,13.714,2140,1,1,0,0,0
LTE,520,5,54006,80181279,0,100.566,13.714,1000,1,1,0,0,0
LTE,520,99,3051,64277763,0,100.565,13.714,1000,1,1,0,0,0
GSM,520,99,14101,59323,0,100.564,13.714,1165,1,1,0,0,0
GSM,520,99,1605,34784,0,100.564,13.714,1000,1,1,0,0,0
LTE,520,3,912,154637926,0,100.556,13.714,6392,1,1,0,0,0
LTE,520,3,912,156933488,0,100.561,13.714,1000,1,1,0,0,0
UMTS,520,4,1605,137730322,0,100.56,13.714,1000,1,1,0,0,0
UMTS,520,3,15025,41712488,0,100.554,13.714,1000,1,1,0,0,0
LTE,520,4,4010,8886017,0,100.558,13.714,1000,1,1,0,0,0
LTE,520,3,912,156933478,0,100.559,13.714,500,1,1,0,0,0
LTE,520,18,3051,62277889,0,100.56,13.714,1000,1,1,0,0,0
UMTS,520,15,20021,42112940,0,100.561,13.714,1201,1,1,0,0,0
UMTS,520,3,20025,42133704,0,100.554,13.714,1000,1,1,0,0,0
LTE,520,4,4010,19133717,0,100.566,13.714,1000,1,1,0,0,0
UMTS,520,18,14782,9109715,0,100.56,13.714,1000,1,1,0,0,0
UMTS,520,0,1017,10017697,0,100.554,13.714,1000,1,1,0,0,0
UMTS,520,99,1017,9997613,0,100.562,13.714,1000,1,1,0,0,0
UMTS,520,15,20021,42125768,0,100.563,13.714,1000,1,1,0,0,0
UMTS,520,15,13011,42620535,0,100.563,13.714,1000,1,1,0,0,0
GSM,520,18,14002,2665,0,100.561,13.714,1000,1,1,0,0,0
LTE,520,3,912,156933608,0,100.559,13.714,1000,1,1,0,0,0
LTE,520,5,54006,80181289,0,100.565,13.714,1000,1,1,0,0,0
UMTS,520,3,20025,42128134,0,100.562,13.714,1000,1,1,0,0,0
UMTS,520,5,3051,23342602,0,100.559,13.714,1000,1,1,0,0,0
GSM,520,99,1605,35094,0,100.554,13.714,1000,1,1,0,0,0
GSM,520,1,26040,1171,0,100.554,13.714,1134,1,1,0,0,0
UMTS,520,15,20021,42138027,0,100.561,13.714,1000,1,1,0,0,0
UMTS,520,5,1605,34777,0,100.555,13.714,1000,1,1,0,0,0
UMTS,520,1,20021,42114864,0,100.566,13.714,1000,1,1,0,0,0
UMTS,520,15,20021,43113273,0,100.565,13.714,1000,1,1,0,0,0
LTE,520,4,4010,5814046,0,100.561,13.714,1000,1,1,0,0,0
UMTS,520,15,20021,42125767,0,100.559,13.714,1000,1,1,0,0,0
UMTS,520,18,14612,7348291,0,100.55,13.714,1000,1,1,0,0,0
LTE,520,4,1010,3228482,0,100.55,13.714,1000,1,1,0,0,0
LTE,520,4,1010,379197,0,100.55,13.714,1000,1,1,0,0,0
LTE,520,4,20010,379197,0,100.55,13.714,1000,1,1,0,0,0
LTE,520,4,5010,379167,0,100.55,13.714,1000,1,1,0,0,0
UMTS,520,3,16025,41891647,0,100.553,13.714,1000,1,1,0,0,0
UMTS,520,3,20025,42133694,0,100.554,13.714,1000,1,1,0,0,0
UMTS,520,3,20025,41891636,0,100.554,13.714,1000,1,1,0,0,0
UMTS,520,3,20025,42081837,0,100.554,13.714,1000,1,1,0,0,0
UMTS,520,3,20025,42118674,0,100.554,13.714,1000,1,1,0,0,0
UMTS,520,3,20025,42133714,0,100.554,13.714,1000,1,1,0,0,0
UMTS,520,0,1017,9994895,0,100.554,13.714,1000,1,1,0,0,0
LTE,520,5,181,7065858,0,100.554,13.714,1000,1,1,0,0,0
UMTS,520,3,16025,41882921,0,100.554,13.714,1000,1,1,0,0,0
UMTS,520,3,16025,41882924,0,100.554,13.714,1000,1,1,0,0,0
LTE,520,4,1010,3228447,0,100.554,13.714,1000,1,1,0,0,0
UMTS,520,5,3051,23342364,0,100.554,13.714,1000,1,1,0,0,0
UMTS,520,5,14612,7341191,0,100.554,13.714,1000,1,1,0,0,0
UMTS,520,0,1015,10017697,0,100.554,13.714,1000,1,1,0,0,0
LTE,520,4,4010,3228447,0,100.554,13.714,1000,1,1,0,0,0
UMTS,520,0,1017,10005960,0,100.556,13.714,1000,1,1,0,0,0
UMTS,520,4,1605,137725857,0,100.556,13.714,1000,1,1,0,0,0
UMTS,520,3,16025,41898765,0,100.556,13.714,1000,1,1,0,0,0
UMTS,520,3,13015,41882923,0,100.556,13.714,1000,1,1,0,0,0
LTE,520,4,1010,8886047,0,100.556,13.714,1000,1,1,0,0,0
UMTS,520,5,3053,23342367,0,100.556,13.714,1000,1,1,0,0,0
UMTS,520,5,3053,7341191,0,100.556,13.714,1000,1,1,0,0,0
UMTS,520,3,13015,42118663,0,100.556,13.714,1000,1,1,0,0,0
UMTS,520,3,16025,41898785,0,100.557,13.714,1000,1,1,0,0,0
UMTS,520,3,20025,42115799,0,100.559,13.714,1000,1,1,0,0,0
UMTS,520,3,20025,42115793,0,100.559,13.714,1000,1,1,0,0,0
UMTS,520,3,20025,42136515,0,100.559,13.714,1000,1,1,0,0,0
UMTS,520,3,55090,41898791,0,100.559,13.714,1000,1,1,0,0,0
UMTS,520,3,16025,41882522,0,100.559,13.714,1000,1,1,0,0,0
UMTS,520,3,16025,41882633,0,100.559,13.714,1000,1,1,0,0,0
UMTS,520,3,16025,41898770,0,100.559,13.714,1000,1,1,0,0,0
UMTS,520,3,16025,41898791,0,100.559,13.714,1000,1,1,0,0,0
UMTS,520,3,16025,41898771,0,100.559,13.714,1000,1,1,0,0,0
UMTS,520,3,13015,42081732,0,100.559,13.714,1000,1,1,0,0,0
UMTS,520,3,13015,41882580,0,100.559,13.714,1000,1,1,0,0,0
LTE,520,4,1010,10181407,0,100.559,13.714,1000,1,1,0,0,0
UMTS,520,5,3051,23341969,0,100.559,13.714,1000,1,1,0,0,0
UMTS,520,5,14612,23341969,0,100.559,13.714,1000,1,1,0,0,0
GSM,520,23,10059,2039,0,100.559,13.714,1000,1,1,0,0,0
UMTS,520,15,1101,6883755,0,100.559,13.714,1000,1,1,0,0,0
UMTS,520,3,20025,42081702,0,100.56,13.714,1000,1,1,0,0,0
UMTS,520,3,20025,42115784,0,100.56,13.714,1000,1,1,0,0,0
UMTS,520,3,16025,41882577,0,100.56,13.714,1000,1,1,0,0,0
UMTS,520,3,16025,41898776,0,100.56,13.714,1000,1,1,0,0,0
UMTS,520,3,16025,41897417,0,100.56,13.714,1000,1,1,0,0,0
UMTS,520,3,16025,41897427,0,100.56,13.714,1000,1,1,0,0,0
UMTS,520,3,16025,41898786,0,100.56,13.714,1000,1,1,0,0,0
UMTS,520,3,16025,41898766,0,100.56,13.714,1000,1,1,0,0,0
UMTS,520,3,16025,41898787,0,100.56,13.714,1000,1,1,0,0,0
UMTS,520,3,16025,42603859,0,100.56,13.714,1000,1,1,0,0,0
UMTS,520,3,13015,41898791,0,100.56,13.714,1000,1,1,0,0,0
UMTS,520,3,13015,41898771,0,100.56,13.714,1000,1,1,0,0,0
UMTS,520,3,13015,42115809,0,100.56,13.714,1000,1,1,0,0,0
UMTS,520,3,13015,41898781,0,100.56,13.714,1000,1,1,0,0,0
LTE,520,4,1010,8886017,0,100.56,13.714,1000,1,1,0,0,0
LTE,520,4,1010,10181377,0,100.56,13.714,1000,1,1,0,0,0
UMTS,520,5,3052,23342599,0,100.56,13.714,1000,1,1,0,0,0
UMTS,520,5,3053,23341969,0,100.56,13.714,1000,1,1,0,0,0
UMTS,520,0,18,10000658,0,100.56,13.714,1000,1,1,0,0,0
UMTS,520,3,20025,42112940,0,100.56,13.714,1000,1,1,0,0,0
UMTS,520,3,20025,42122609,0,100.563,13.714,1000,1,1,0,0,0
UMTS,520,3,16025,41888807,0,100.563,13.714,1000,1,1,0,0,0
UMTS,520,3,16025,41912491,0,100.563,13.714,1000,1,1,0,0,0
UMTS,520,0,18,7320502,0,100.563,13.714,1000,1,1,0,0,0
UMTS,520,3,16025,41897442,0,100.564,13.714,1000,1,1,0,0,0
UMTS,520,3,16025,41897535,0,100.564,13.714,1000,1,1,0,0,0
UMTS,520,3,16025,41897425,0,100.564,13.714,1000,1,1,0,0,0
UMTS,520,3,16025,41897432,0,100.564,13.714,1000,1,1,0,0,0
UMTS,520,0,1015,7320502,0,100.564,13.714,1000,1,1,0,0,0
UMTS,520,0,18,10000217,0,100.564,13.714,1000,1,1,0,0,0
UMTS,520,3,20025,42120934,0,100.565,13.714,1000,1,1,0,0,0
UMTS,520,3,20025,42122619,0,100.565,13.714,1000,1,1,0,0,0
UMTS,520,3,55090,42617438,0,100.565,13.714,1000,1,1,0,0,0
UMTS,520,3,55090,42617411,0,100.565,13.714,1000,1,1,0,0,0
UMTS,520,3,55090,42617418,0,100.565,13.714,1000,1,1,0,0,0
UMTS,520,3,16025,41892422,0,100.565,13.714,1000,1,1,0,0,0
UMTS,520,3,13015,42617421,0,100.565,13.714,1000,1,1,0,0,0
UMTS,520,3,13015,42617418,0,100.565,13.714,1000,1,1,0,0,0
UMTS,520,3,13015,42617428,0,100.565,13.714,1000,1,1,0,0,0
UMTS,520,3,15025,41375538,0,100.565,13.714,1000,1,1,0,0,0
UMTS,520,0,18,10017007,0,100.565,13.714,1000,1,1,0,0,0
UMTS,520,3,7025,42120994,0,100.565,13.714,1000,1,1,0,0,0
UMTS,520,3,7025,42122619,0,100.565,13.714,1000,1,1,0,0,0
UMTS,520,3,20025,42128113,0,100.565,13.714,1000,1,1,0,0,0
UMTS,520,3,20025,42128123,0,100.565,13.714,1000,1,1,0,0,0
LTE,520,4,20010,3228482,0,100.551,13.714,1000,1,1,0,0,0
LTE,520,4,1010,3228417,0,100.556,13.714,1000,1,1,0,0,0
UMTS,520,0,1017,10011658,0,100.559,13.714,1000,1,1,0,0,0
UMTS,520,3,13015,42115789,0,100.559,13.714,1000,1,1,0,0,0
UMTS,520,0,18,10005950,0,100.565,13.714,1000,1,1,0,0,0
UMTS,520,15,20021,42125422,0,100.554,13.714,4451,1,1,0,0,0
LTE,520,4,5032,20421506,0,100.556,13.714,1768,1,1,0,0,0
LTE,520,3,912,156933479,0,100.559,13.714,6515,1,1,0,0,0
LTE,520,4,4032,51195011,0,100.559,13.714,1000,1,1,0,0,0
LTE,520,5,54006,80181281,0,100.565,13.714,1000,1,1,0,0,0
LTE,520,3,912,156930923,0,100.566,13.714,1000,1,1,0,0,0
LTE,520,18,3051,64297729,0,100.56,13.714,1000,1,1,0,0,0
UMTS,520,4,1605,137730332,0,100.555,13.714,5017,1,1,0,0,0
LTE,520,3,912,157067879,0,100.555,13.714,2394,1,1,0,0,0
UMTS,520,5,3051,23358344,0,100.559,13.714,1000,1,1,0,0,0
LTE,520,5,181,9254658,0,100.554,13.714,7364,1,1,0,0,0
UMTS,520,3,20025,42118684,0,100.556,13.715,1000,1,1,0,0,0
UMTS,520,0,18,7330028,0,100.565,13.715,1000,1,1,0,0,0
UMTS,520,0,1017,10000658,0,100.559,13.715,1000,1,1,0,0,0
LTE,520,3,912,156942183,0,100.56,13.715,4099,1,1,0,0,0
GSM,520,99,16061,5679,0,100.554,13.715,1000,1,1,0,0,0
LTE,520,3,912,156942202,0,100.562,13.715,1000,1,1,0,0,0
LTE,520,4,4010,5814047,0,100.56,13.715,1000,1,1,0,0,0
UMTS,520,15,20021,42115794,0,100.561,13.715,1000,1,1,0,0,0
UMTS,520,15,20021,42125555,0,100.554,13.715,1341,1,1,0,0,0
UMTS,520,15,20021,42128124,0,100.562,13.715,1000,1,1,0,0,0
LTE,520,3,912,156940394,0,100.555,13.715,1000,1,1,0,0,0
LTE,520,4,4010,4388133,0,100.565,13.715,1000,1,1,0,0,0
UMTS,520,15,20021,42138276,0,100.558,13.715,1000,1,1,0,0,0
LTE,520,3,912,156941672,0,100.561,13.715,1000,1,1,0,0,0
UMTS,520,18,14612,7341221,0,100.555,13.715,1000,1,1,0,0,0
GSM,520,18,14002,401,0,100.553,13.715,1000,1,1,0,0,0
UMTS,520,3,20025,42128133,0,100.562,13.715,2409,1,1,0,0,0
LTE,520,4,4032,39733892,0,100.559,13.715,1000,1,1,0,0,0
LTE,520,3,912,156931688,0,100.561,13.715,5027,1,1,0,0,0
LTE,520,18,3051,62532867,0,100.554,13.715,3831,1,1,0,0,0
LTE,520,4,1010,182017,0,100.566,13.715,1000,1,1,0,0,0
UMTS,520,4,1605,137729991,0,100.555,13.715,1000,1,1,0,0,0
UMTS,520,5,847,156929391,0,100.565,13.715,1000,1,1,0,0,0
UMTS,520,0,1017,10002547,0,100.551,13.715,5312,1,1,0,0,0
UMTS,520,5,3051,23361184,0,100.565,13.715,1000,1,1,0,0,0
GSM,520,1,16010,702,0,100.556,13.715,1000,1,1,0,0,0
UMTS,520,15,13011,42623271,0,100.563,13.715,1000,1,1,0,0,0
UMTS,520,99,864,157390181,0,100.555,13.715,3487,1,1,0,0,0
UMTS,520,15,20021,42125537,0,100.566,13.715,1000,1,1,0,0,0
LTE,520,4,4032,39733912,0,100.559,13.715,1000,1,1,0,0,0
UMTS,520,3,13015,42618253,0,100.561,13.715,1000,1,1,0,0,0
GSM,520,18,14002,1647,0,100.555,13.715,1000,1,1,0,0,0
LTE,520,18,3113,62491146,0,100.561,13.715,1000,1,1,0,0,0
LTE,520,5,14002,2858,0,100.558,13.715,1000,1,1,0,0,0
LTE,520,15,2968,156940509,0,100.555,13.715,1000,1,1,0,0,0
LTE,520,47,33133,78184717,0,100.555,13.715,1000,1,1,0,0,0
LTE,520,3,912,156933477,0,100.559,13.715,1000,1,1,0,0,0
UMTS,520,3,20025,42617438,0,100.563,13.715,1000,1,1,0,0,0
UMTS,520,4,1602,137730467,0,100.555,13.715,3097,1,1,0,0,0
UMTS,520,5,3051,23361182,0,100.558,13.715,1000,1,1,0,0,0
UMTS,520,18,912,154884464,0,100.557,13.715,1000,1,1,0,0,0
UMTS,520,0,1017,10018478,0,100.553,13.715,1000,1,1,0,0,0
UMTS,520,5,3051,23342603,0,100.553,13.715,5837,1,1,0,0,0
UMTS,520,0,1017,7313238,0,100.564,13.715,1000,1,1,0,0,0
LTE,520,3,847,156929388,0,100.565,13.715,1000,1,1,0,0,0
UMTS,520,15,20021,42124353,0,100.557,13.715,1000,1,1,0,0,0
LTE,520,4,20010,29568316,0,100.564,13.715,1000,1,1,0,0,0
UMTS,520,5,112,322213,0,100.557,13.715,1000,1,1,0,0,0
LTE,520,3,912,153604199,0,100.565,13.715,1000,1,1,0,0,0
GSM,520,1,26040,1170,0,100.556,13.715,1000,1,1,0,0,0
UMTS,520,3,20025,42125746,0,100.555,13.715,1000,1,1,0,0,0
UMTS,520,3,20025,42118664,0,100.554,13.715,1000,1,1,0,0,0
UMTS,520,18,14612,7347976,0,100.559,13.715,1000,1,1,0,0,0
LTE,520,3,912,156940389,0,100.555,13.715,846,1,1,0,0,0
LTE,520,3,912,156934632,0,100.556,13.715,1000,1,1,0,0,0
LTE,520,5,112,8248580,0,100.558,13.715,1000,1,1,0,0,0
LTE,520,3,912,156933489,0,100.556,13.715,1000,1,1,0,0,0
UMTS,520,15,2011,43038734,0,100.558,13.715,1000,1,1,0,0,0
UMTS,520,15,2011,43042030,0,100.558,13.715,1000,1,1,0,0,0
LTE,520,47,33051,76925205,0,100.558,13.715,1000,1,1,0,0,0
UMTS,520,3,15025,41712498,0,100.555,13.715,1000,1,1,0,0,0
GSM,520,1,26040,1010,0,100.56,13.715,1000,1,1,0,0,0
LTE,520,4,4032,39733891,0,100.558,13.715,1000,1,1,0,0,0
LTE,520,3,912,156942181,0,100.563,13.715,3468,1,1,0,0,0
LTE,520,3,912,156941692,0,100.558,13.715,1000,1,1,0,0,0
UMTS,520,4,1605,137724559,0,100.555,13.715,1000,1,1,0,0,0
GSM,520,1,16010,709,0,100.558,13.715,1000,1,1,0,0,0
GSM,520,99,1605,34850,0,100.565,13.715,1000,1,1,0,0,0
GSM,520,18,14002,2858,0,100.558,13.715,1000,1,1,0,0,0
UMTS,520,4,1017,10017774,0,100.551,13.715,1000,1,1,0,0,0
LTE,520,3,912,156940390,0,100.55,13.715,7744,1,1,0,0,0
GSM,520,99,16061,5678,0,100.556,13.715,1000,1,1,0,0,0
LTE,520,4,4010,4388134,0,100.563,13.715,1000,1,1,0,0,0
UMTS,520,15,20021,42125560,0,100.55,13.715,1000,1,1,0,0,0
UMTS,520,15,20021,42122119,0,100.559,13.715,1000,1,1,0,0,0
UMTS,520,0,1017,10000327,0,100.56,13.715,6085,1,1,0,0,0
UMTS,520,4,1602,137725281,0,100.566,13.715,1000,1,1,0,0,0
GSM,520,99,16061,20247,0,100.564,13.715,1000,1,1,0,0,0
UMTS,520,15,20021,42122123,0,100.559,13.715,1000,1,1,0,0,0
LTE,520,3,912,156934532,0,100.557,13.716,1194,1,1,0,0,0
UMTS,520,0,1017,10018257,0,100.56,13.716,1000,1,1,0,0,0
UMTS,520,5,3051,23355392,0,100.556,13.716,1000,1,1,0,0,0
UMTS,520,15,20021,42124356,0,100.558,13.716,1000,1,1,0,0,0
GSM,520,99,16061,5677,0,100.557,13.716,1000,1,1,0,0,0
UMTS,520,15,4011,42153869,0,100.561,13.716,6969,1,1,0,0,0
GSM,520,1,26040,821,0,100.564,13.716,3348,1,1,0,0,0
LTE,520,5,4010,19113247,0,100.558,13.716,1000,1,1,0,0,0
UMTS,520,15,20021,42125419,0,100.56,13.716,1000,1,1,0,0,0
LTE,520,3,912,156933609,0,100.557,13.716,1000,1,1,0,0,0
UMTS,520,5,3051,7347971,0,100.564,13.716,1000,1,1,0,0,0
LTE,520,4,1010,10181408,0,100.554,13.716,1000,1,1,0,0,0
LTE,520,4,1010,10181378,0,100.555,13.716,1000,1,1,0,0,0
UMTS,520,3,20025,42113376,0,100.556,13.716,1000,1,1,0,0,0
UMTS,520,4,1605,10000658,0,100.558,13.716,1000,1,1,0,0,0
UMTS,520,3,20025,42617431,0,100.563,13.716,1000,1,1,0,0,0
UMTS,520,0,18,10007483,0,100.563,13.716,1000,1,1,0,0,0
UMTS,520,0,1017,10007483,0,100.564,13.716,1000,1,1,0,0,0
UMTS,520,5,3051,23342263,0,100.566,13.716,1000,1,1,0,0,0
UMTS,520,3,16025,41891636,0,100.553,13.716,1000,1,1,0,0,0
UMTS,520,3,20025,42081838,0,100.554,13.716,1000,1,1,0,0,0
UMTS,520,3,20025,41891635,0,100.554,13.716,1000,1,1,0,0,0
UMTS,520,5,3133,23355392,0,100.554,13.716,1000,1,1,0,0,0
UMTS,520,3,16025,41882920,0,100.554,13.716,1000,1,1,0,0,0
UMTS,520,3,16025,41882925,0,100.554,13.716,1000,1,1,0,0,0
UMTS,520,0,1015,10018478,0,100.554,13.716,1000,1,1,0,0,0
GSM,520,1,10010,1118,0,100.556,13.716,1000,1,1,0,0,0
UMTS,520,3,20025,42081836,0,100.556,13.716,1000,1,1,0,0,0
UMTS,520,3,20025,42113026,0,100.556,13.716,1000,1,1,0,0,0
UMTS,520,3,20025,42115795,0,100.556,13.716,1000,1,1,0,0,0
UMTS,520,3,16025,41882923,0,100.556,13.716,1000,1,1,0,0,0
UMTS,520,3,13015,42118683,0,100.556,13.716,1000,1,1,0,0,0
UMTS,520,5,3051,23342367,0,100.556,13.716,1000,1,1,0,0,0
UMTS,520,5,3051,23342366,0,100.556,13.716,1000,1,1,0,0,0
UMTS,520,5,3051,23866655,0,100.556,13.716,1000,1,1,0,0,0
UMTS,520,5,3053,23342364,0,100.556,13.716,1000,1,1,0,0,0
UMTS,520,18,14612,23334989,0,100.556,13.716,1000,1,1,0,0,0
GSM,520,23,10059,1978,0,100.556,13.716,1000,1,1,0,0,0
UMTS,520,0,1015,10018258,0,100.556,13.716,1000,1,1,0,0,0
UMTS,520,18,14612,23355389,0,100.556,13.716,1000,1,1,0,0,0
UMTS,520,3,20025,42081743,0,100.557,13.716,1000,1,1,0,0,0
UMTS,520,3,20025,42115789,0,100.557,13.716,1000,1,1,0,0,0
UMTS,520,3,20025,42115805,0,100.557,13.716,1000,1,1,0,0,0
UMTS,520,3,20025,42115785,0,100.557,13.716,1000,1,1,0,0,0
UMTS,520,3,20025,42126354,0,100.557,13.716,1000,1,1,0,0,0
UMTS,520,3,39230,41898787,0,100.557,13.716,1000,1,1,0,0,0
UMTS,520,3,55090,41898787,0,100.557,13.716,1000,1,1,0,0,0
UMTS,520,3,15025,41712477,0,100.557,13.716,1000,1,1,0,0,0
UMTS,520,3,16025,41882709,0,100.557,13.716,1000,1,1,0,0,0
UMTS,520,3,16025,41882708,0,100.557,13.716,1000,1,1,0,0,0
UMTS,520,3,16025,41898767,0,100.557,13.716,1000,1,1,0,0,0
UMTS,520,3,16025,41898777,0,100.557,13.716,1000,1,1,0,0,0
UMTS,520,3,13015,41882636,0,100.557,13.716,1000,1,1,0,0,0
UMTS,520,3,13015,41882709,0,100.557,13.716,1000,1,1,0,0,0
UMTS,520,3,13015,42115805,0,100.557,13.716,1000,1,1,0,0,0
UMTS,520,3,13015,41891645,0,100.557,13.716,1000,1,1,0,0,0
UMTS,520,3,13015,41898787,0,100.557,13.716,1000,1,1,0,0,0
UMTS,520,5,3052,23341969,0,100.557,13.716,1000,1,1,0,0,0
UMTS,520,18,3051,7347973,0,100.557,13.716,1000,1,1,0,0,0
UMTS,520,18,14612,23342363,0,100.557,13.716,1000,1,1,0,0,0
UMTS,520,18,14612,23341969,0,100.557,13.716,1000,1,1,0,0,0
UMTS,520,0,18,10000668,0,100.557,13.716,1000,1,1,0,0,0
UMTS,520,3,13015,42115783,0,100.557,13.716,1000,1,1,0,0,0
UMTS,520,3,20025,42112930,0,100.557,13.716,1000,1,1,0,0,0
LTE,520,18,3051,64711426,0,100.557,13.716,1000,1,1,0,0,0
UMTS,520,3,20025,42112932,0,100.557,13.716,1000,1,1,0,0,0
GSM,520,18,14002,4625,0,100.559,13.716,1000,1,1,0,0,0
UMTS,520,3,20025,42115783,0,100.559,13.716,1000,1,1,0,0,0
UMTS,520,3,20025,42123454,0,100.559,13.716,1000,1,1,0,0,0
UMTS,520,0,1605,137724966,0,100.559,13.716,1000,1,1,0,0,0
UMTS,520,3,16025,41898775,0,100.559,13.716,1000,1,1,0,0,0
UMTS,520,5,3053,23336923,0,100.559,13.716,1000,1,1,0,0,0
UMTS,520,3,20025,42125420,0,100.559,13.716,1000,1,1,0,0,0
LTE,520,5,112,8248581,0,100.559,13.716,1000,1,1,0,0,0
UMTS,520,3,20025,42120994,0,100.56,13.716,1000,1,1,0,0,0
UMTS,520,5,3053,7347973,0,100.56,13.716,1000,1,1,0,0,0
UMTS,520,3,20025,42138038,0,100.561,13.716,1000,1,1,0,0,0
UMTS,520,0,1017,10017008,0,100.561,13.716,1000,1,1,0,0,0
UMTS,520,3,16025,41905001,0,100.561,13.716,1000,1,1,0,0,0
UMTS,520,3,16025,41912500,0,100.561,13.716,1000,1,1,0,0,0
LTE,520,4,1010,5814046,0,100.561,13.716,1000,1,1,0,0,0
UMTS,520,0,18,10007484,0,100.561,13.716,1000,1,1,0,0,0
UMTS,520,0,1015,10007484,0,100.561,13.716,1000,1,1,0,0,0
UMTS,520,0,1017,10000218,0,100.561,13.716,1000,1,1,0,0,0
UMTS,520,3,20025,42115788,0,100.563,13.716,1000,1,1,0,0,0
UMTS,520,3,15025,41701379,0,100.563,13.716,1000,1,1,0,0,0
UMTS,520,3,16025,41898790,0,100.563,13.716,1000,1,1,0,0,0
UMTS,520,3,13015,42115808,0,100.563,13.716,1000,1,1,0,0,0
UMTS,520,0,18,10017008,0,100.563,13.716,1000,1,1,0,0,0
UMTS,520,0,1017,10017007,0,100.564,13.716,1000,1,1,0,0,0
UMTS,520,3,15025,41701389,0,100.564,13.716,1000,1,1,0,0,0
UMTS,520,3,16025,42617438,0,100.564,13.716,1000,1,1,0,0,0
UMTS,520,0,1015,10007483,0,100.564,13.716,1000,1,1,0,0,0
UMTS,520,3,55090,42081699,0,100.565,13.716,1000,1,1,0,0,0
UMTS,520,3,16025,41904961,0,100.565,13.716,1000,1,1,0,0,0
UMTS,520,3,14670,42081696,0,100.565,13.716,1000,1,1,0,0,0
UMTS,520,5,3051,23347347,0,100.565,13.716,1000,1,1,0,0,0
UMTS,520,18,14612,7352068,0,100.565,13.716,1000,1,1,0,0,0
UMTS,520,0,18,7313237,0,100.565,13.716,1000,1,1,0,0,0
UMTS,520,0,18,7330027,0,100.565,13.716,1000,1,1,0,0,0
UMTS,520,0,18,7326266,0,100.565,13.716,1000,1,1,0,0,0
UMTS,520,0,18,7320501,0,100.565,13.716,1000,1,1,0,0,0
UMTS,520,0,1017,7330027,0,100.565,13.716,1000,1,1,0,0,0
UMTS,520,0,18,10017584,0,100.565,13.716,1000,1,1,0,0,0
UMTS,520,5,3051,23341967,0,100.563,13.716,1069,1,1,0,0,0
GSM,520,18,14002,151,0,100.564,13.716,7836,1,1,0,0,0
LTE,520,3,912,156942186,0,100.566,13.716,1000,1,1,0,0,0
LTE,520,4,4010,3228446,0,100.553,13.716,3195,1,1,0,0,0
LTE,520,3,912,156933509,0,100.557,13.716,1000,1,1,0,0,0
LTE,520,4,1010,3228448,0,100.554,13.716,1000,1,1,0,0,0
LTE,520,4,4032,51195012,0,100.557,13.716,1000,1,1,0,0,0
LTE,520,5,112,41220,0,100.565,13.716,1000,1,1,0,0,0
LTE,520,4,4010,182017,0,100.566,13.716,1941,1,1,0,0,0
UMTS,520,3,15025,41381919,0,100.555,13.716,1000,1,1,0,0,0
GSM,520,18,14612,7941,0,100.557,13.716,1000,1,1,0,0,0
GSM,520,99,16061,4028,0,100.566,13.716,1000,1,1,0,0,0
UMTS,520,3,20025,42115808,0,100.559,13.716,1000,1,1,0,0,0
LTE,520,3,444,9915813,0,100.556,13.716,1000,1,1,0,0,0
UMTS,520,0,1017,10011668,0,100.556,13.716,1000,1,1,0,0,0
UMTS,520,15,20021,42117765,0,100.56,13.716,1000,1,1,0,0,0
LTE,520,18,3133,64711426,0,100.555,13.716,1000,1,1,0,0,0
UMTS,520,3,20025,42122565,0,100.558,13.716,1000,1,1,0,0,0
GSM,520,1,26040,1011,0,100.555,13.716,1000,1,1,0,0,0
GSM,520,18,14002,1215,0,100.556,13.716,1000,1,1,0,0,0
UMTS,520,3,20025,42133713,0,100.557,13.716,1000,1,1,0,0,0
LTE,520,4,1010,10181406,0,100.561,13.716,1000,1,1,0,0,0
GSM,520,18,14210,666,0,100.562,13.716,3082,1,1,0,0,0
LTE,520,3,912,156934533,0,100.557,13.716,1237,1,1,0,0,0
LTE,520,18,3051,64277763,0,100.566,13.716,1692,1,1,0,0,0
UMTS,520,15,20021,42125749,0,100.555,13.716,1000,1,1,0,0,0
UMTS,520,5,3051,23341968,0,100.564,13.716,1000,1,1,0,0,0
UMTS,520,3,15025,41712487,0,100.555,13.716,1000,1,1,0,0,0
GSM,520,1,26040,823,0,100.564,13.716,1000,1,1,0,0,0
UMTS,520,5,3051,23361186,0,100.557,13.716,1000,1,1,0,0,0
GSM,520,1,26040,826,0,100.562,13.716,1000,1,1,0,0,0
UMTS,520,15,13011,42620502,0,100.554,13.716,7284,1,1,0,0,0
GSM,520,18,14002,5871,0,100.559,13.716,1000,1,1,0,0,0
UMTS,520,15,20021,42114930,0,100.566,13.716,1766,1,1,0,0,0
LTE,520,3,1017,10000434,0,100.557,13.716,1000,1,1,0,0,0
UMTS,520,0,1017,10018258,0,100.556,13.716,1000,1,1,0,0,0
UMTS,520,3,13015,42617250,0,100.563,13.716,1692,1,1,0,0,0
LTE,520,4,4010,10181376,0,100.562,13.716,1000,1,1,0,0,0
UMTS,520,15,20021,42125301,0,100.551,13.716,6156,1,1,0,0,0
UMTS,520,18,3011,43099361,0,100.552,13.716,2561,1,1,0,0,0
GSM,520,18,14612,1159,0,100.556,13.716,1000,1,1,0,0,0
LTE,520,47,33051,76925215,0,100.557,13.716,1000,1,1,0,0,0
UMTS,520,0,1017,10007484,0,100.561,13.716,1000,1,1,0,0,0
UMTS,520,4,1605,137728953,0,100.565,13.716,1000,1,1,0,0,0
LTE,520,4,5010,5179136,0,100.553,13.716,1000,1,1,0,0,0
LTE,520,3,912,156937082,0,100.558,13.716,5110,1,1,0,0,0
UMTS,520,15,20021,42118680,0,100.556,13.716,1000,1,1,0,0,0
LTE,520,4,1010,3228418,0,100.554,13.716,1000,1,1,0,0,0
UMTS,520,18,14612,7353351,0,100.556,13.716,1000,1,1,0,0,0
GSM,520,1,26040,822,0,100.567,13.716,2955,1,1,0,0,0
LTE,520,18,3051,64277761,0,100.566,13.716,8061,1,1,0,0,0
LTE,520,4,5010,5179166,0,100.553,13.716,1000,1,1,0,0,0
UMTS,520,15,20021,42113337,0,100.55,13.716,5566,1,1,0,0,0
LTE,520,4,4010,19113253,0,100.561,13.716,1000,1,1,0,0,0
LTE,520,3,912,156934512,0,100.557,13.716,1000,1,1,0,0,0
LTE,520,4,4010,15447326,0,100.557,13.717,1000,1,1,0,0,0
UMTS,520,3,20025,42128135,0,100.561,13.717,1000,1,1,0,0,0
UMTS,520,15,4011,42153967,0,100.557,13.717,1000,1,1,0,0,0
LTE,520,5,4010,19113248,0,100.556,13.717,1000,1,1,0,0,0
UMTS,520,3,20025,42133703,0,100.556,13.717,1000,1,1,0,0,0
LTE,520,4,1010,182048,0,100.565,13.717,1000,1,1,0,0,0
UMTS,520,3,16025,41908315,0,100.557,13.717,1159,1,1,0,0,0
UMTS,520,15,20021,42116213,0,100.564,13.717,1742,1,1,0,0,0
LTE,520,3,26040,822,0,100.566,13.717,1000,1,1,0,0,0
LTE,520,4,1010,182047,0,100.565,13.717,1000,1,1,0,0,0
LTE,520,4,4010,3228448,0,100.553,13.717,2071,1,1,0,0,0
UMTS,520,15,20021,42115803,0,100.558,13.717,1000,1,1,0,0,0
GSM,520,99,16061,4022,0,100.559,13.717,1002,1,1,0,0,0
UMTS,520,4,1605,137730369,0,100.566,13.717,7399,1,1,0,0,0
UMTS,520,4,1017,9996193,0,100.557,13.717,1000,1,1,0,0,0
LTE,520,3,917,154631033,0,100.553,13.717,2795,1,1,0,0,0
UMTS,520,5,3051,62278145,0,100.558,13.717,1000,1,1,0,0,0
UMTS,520,1,912,156930918,0,100.565,13.717,1000,1,1,0,0,0
UMTS,520,15,20021,42128125,0,100.561,13.717,1000,1,1,0,0,0
LTE,520,4,4010,3228418,0,100.554,13.717,1000,1,1,0,0,0
UMTS,520,15,20021,42122565,0,100.558,13.717,1000,1,1,0,0,0
GSM,520,1,4020,38728,0,100.558,13.717,1000,1,1,0,0,0
UMTS,520,15,20021,42114864,0,100.565,13.717,1000,1,1,0,0,0
UMTS,520,3,20025,42133693,0,100.555,13.717,1000,1,1,0,0,0
LTE,520,4,4010,3228417,0,100.555,13.717,1000,1,1,0,0,0
UMTS,520,3,15025,41712497,0,100.556,13.717,1000,1,1,0,0,0
UMTS,520,4,1605,137724560,0,100.553,13.717,1000,1,1,0,0,0
UMTS,520,5,14612,7347971,0,100.558,13.717,1111,1,1,0,0,0
UMTS,520,3,20025,42116225,0,100.556,13.717,1000,1,1,0,0,0
LTE,520,3,912,156934503,0,100.564,13.717,5801,1,1,0,0,0
LTE,520,18,3051,62532868,0,100.565,13.717,9990,1,1,0,0,0
UMTS,520,18,14612,7347971,0,100.555,13.717,6120,1,1,0,0,0
GSM,520,18,14002,4343,0,100.558,13.717,1000,1,1,0,0,0
UMTS,520,15,20021,42113734,0,100.559,13.717,4178,1,1,0,0,0
LTE,520,4,20010,10217279,0,100.564,13.717,1000,1,1,0,0,0
LTE,520,4,54032,10639618,0,100.556,13.717,1000,1,1,0,0,0
UMTS,520,15,20021,42131009,0,100.552,13.717,6249,1,1,0,0,0
LTE,520,5,112,12290819,0,100.559,13.717,1000,1,1,0,0,0
UMTS,520,3,13015,42619579,0,100.558,13.717,1000,1,1,0,0,0
LTE,520,3,912,156932218,0,100.559,13.717,3158,1,1,0,0,0
LTE,520,5,112,8248582,0,100.564,13.717,1000,1,1,0,0,0
UMTS,520,15,20021,42112932,0,100.556,13.717,1000,1,1,0,0,0
GSM,520,18,14002,1376,0,100.561,13.717,3424,1,1,0,0,0
UMTS,520,5,3051,23346464,0,100.558,13.717,1000,1,1,0,0,0
UMTS,520,1,912,156934521,0,100.558,13.717,1000,1,1,0,0,0
UMTS,520,0,18,7331293,0,100.567,13.717,1000,1,1,0,0,0
LTE,520,3,912,156942203,0,100.562,13.717,1000,1,1,0,0,0
UMTS,520,5,181,276011,0,100.555,13.717,1000,1,1,0,0,0
GSM,520,99,1605,36870,0,100.557,13.717,1000,1,1,0,0,0
UMTS,520,5,3051,23360804,0,100.562,13.717,1265,1,1,0,0,0
UMTS,520,15,20021,42617423,0,100.555,13.717,1000,1,1,0,0,0
LTE,520,4,4032,39723652,0,100.556,13.717,1000,1,1,0,0,0
UMTS,520,15,20021,42125748,0,100.555,13.717,1000,1,1,0,0,0
LTE,520,3,912,156941691,0,100.563,13.717,1000,1,1,0,0,0
LTE,520,47,33051,76925217,0,100.557,13.717,1000,1,1,0,0,0
GSM,520,99,16061,3982,0,100.563,13.717,1000,1,1,0,0,0
UMTS,520,18,14612,23360804,0,100.56,13.717,1000,1,1,0,0,0
UMTS,520,4,1017,9995789,0,100.561,13.717,1000,1,1,0,0,0
UMTS,520,5,912,156934511,0,100.559,13.717,1000,1,1,0,0,0
LTE,520,4,4010,8886047,0,100.555,13.717,2704,1,1,0,0,0
UMTS,520,3,20025,42118690,0,100.554,13.717,1000,1,1,0,0,0
GSM,520,1,34040,617,0,100.558,13.717,1000,1,1,0,0,0
UMTS,520,0,1017,10017774,0,100.55,13.717,1000,1,1,0,0,0
UMTS,520,3,15025,41712499,0,100.555,13.717,1000,1,1,0,0,0
UMTS,520,15,1101,6883756,0,100.555,13.717,1000,1,1,0,0,0
UMTS,520,3,20025,42116214,0,100.558,13.717,1000,1,1,0,0,0
LTE,520,4,1010,2342657,0,100.558,13.717,1000,1,1,0,0,0
GSM,520,1,26040,1009,0,100.559,13.717,1000,1,1,0,0,0
LTE,520,4,1010,10181376,0,100.56,13.717,1000,1,1,0,0,0
UMTS,520,3,20025,42617422,0,100.56,13.717,1000,1,1,0,0,0
UMTS,520,0,18,7324697,0,100.567,13.717,1000,1,1,0,0,0
UMTS,520,3,20025,41890626,0,100.55,13.717,1000,1,1,0,0,0
UMTS,520,1,51010,4200397,0,100.553,13.717,1000,1,1,0,0,0
UMTS,520,1,51010,4200395,0,100.553,13.717,1000,1,1,0,0,0
LTE,520,5,181,7065857,0,100.553,13.717,1000,1,1,0,0,0
UMTS,520,0,1015,10019223,0,100.553,13.717,1000,1,1,0,0,0
UMTS,520,18,14612,23355391,0,100.554,13.717,1000,1,1,0,0,0
UMTS,520,3,20025,42118663,0,100.554,13.717,1000,1,1,0,0,0
UMTS,520,3,20025,42118680,0,100.554,13.717,1000,1,1,0,0,0
UMTS,520,0,1017,10005963,0,100.554,13.717,1000,1,1,0,0,0
UMTS,520,5,3133,23334992,0,100.554,13.717,1000,1,1,0,0,0
UMTS,520,5,3053,23342363,0,100.554,13.717,1000,1,1,0,0,0
GSM,520,1,26040,1185,0,100.554,13.717,1000,1,1,0,0,0
UMTS,520,4,1602,137730418,0,100.554,13.717,1000,1,1,0,0,0
UMTS,520,3,15025,2983448,0,100.556,13.717,1000,1,1,0,0,0
UMTS,520,3,20025,42081735,0,100.556,13.717,1000,1,1,0,0,0
UMTS,520,3,20025,42081746,0,100.556,13.717,1000,1,1,0,0,0
UMTS,520,3,20025,42081833,0,100.556,13.717,1000,1,1,0,0,0
UMTS,520,3,20025,42116205,0,100.556,13.717,1000,1,1,0,0,0
UMTS,520,3,20025,42118673,0,100.556,13.717,1000,1,1,0,0,0
UMTS,520,3,20025,42116215,0,100.556,13.717,1000,1,1,0,0,0
UMTS,520,3,39230,41891645,0,100.556,13.717,1000,1,1,0,0,0
UMTS,520,5,3133,23865538,0,100.556,13.717,1000,1,1,0,0,0
UMTS,520,3,16025,41891635,0,100.556,13.717,1000,1,1,0,0,0
UMTS,520,3,16025,41891625,0,100.556,13.717,1000,1,1,0,0,0
UMTS,520,5,3051,7345209,0,100.556,13.717,1000,1,1,0,0,0
UMTS,520,3,20025,42616191,0,100.556,13.717,1000,1,1,0,0,0
LTE,520,18,3133,10639618,0,100.556,13.717,1000,1,1,0,0,0
UMTS,520,3,20025,42125557,0,100.556,13.717,1000,1,1,0,0,0
UMTS,520,5,3132,23355389,0,100.556,13.717,1000,1,1,0,0,0
UMTS,520,3,20025,42116213,0,100.557,13.717,1000,1,1,0,0,0
UMTS,520,3,20025,42126344,0,100.557,13.717,1000,1,1,0,0,0
UMTS,520,3,16025,41882706,0,100.557,13.717,1000,1,1,0,0,0
UMTS,520,3,16025,41905666,0,100.557,13.717,1000,1,1,0,0,0
UMTS,520,5,3053,23342366,0,100.557,13.717,1000,1,1,0,0,0
UMTS,520,0,1015,10011668,0,100.557,13.717,1000,1,1,0,0,0
UMTS,520,3,20025,42128125,0,100.557,13.717,1000,1,1,0,0,0
UMTS,520,1,51010,4196825,0,100.559,13.717,1000,1,1,0,0,0
GSM,520,5,3051,11153,0,100.559,13.717,1000,1,1,0,0,0
UMTS,520,3,20025,42116204,0,100.559,13.717,1000,1,1,0,0,0
UMTS,520,3,20025,42121024,0,100.559,13.717,1000,1,1,0,0,0
UMTS,520,3,15025,41704848,0,100.559,13.717,1000,1,1,0,0,0
UMTS,520,3,15025,41704828,0,100.559,13.717,1000,1,1,0,0,0
UMTS,520,3,15025,41704838,0,100.559,13.717,1000,1,1,0,0,0
UMTS,520,3,16025,41882705,0,100.559,13.717,1000,1,1,0,0,0
UMTS,520,3,16025,41912479,0,100.559,13.717,1000,1,1,0,0,0
LTE,520,4,1010,2342687,0,100.559,13.717,1000,1,1,0,0,0
UMTS,520,5,3051,2856,0,100.559,13.717,1000,1,1,0,0,0
UMTS,520,5,3053,23341972,0,100.559,13.717,1000,1,1,0,0,0
UMTS,520,18,3051,23352706,0,100.559,13.717,1000,1,1,0,0,0
UMTS,520,18,14612,23342364,0,100.559,13.717,1000,1,1,0,0,0
UMTS,520,0,18,10011648,0,100.559,13.717,1000,1,1,0,0,0
UMTS,520,0,1015,10011648,0,100.559,13.717,1000,1,1,0,0,0
UMTS,520,3,16025,42116223,0,100.559,13.717,1000,1,1,0,0,0
UMTS,520,0,1017,137730332,0,100.559,13.717,1000,1,1,0,0,0
UMTS,520,18,14631,62477059,0,100.559,13.717,1000,1,1,0,0,0
UMTS,520,0,1015,10007218,0,100.56,13.717,1000,1,1,0,0,0
UMTS,520,15,1102,6883755,0,100.56,13.717,1000,1,1,0,0,0
UMTS,520,3,20025,42124878,0,100.56,13.717,1000,1,1,0,0,0
UMTS,520,3,20025,42115798,0,100.561,13.717,1000,1,1,0,0,0
UMTS,520,3,20025,42120984,0,100.561,13.717,1000,1,1,0,0,0
UMTS,520,0,1017,10018259,0,100.561,13.717,1000,1,1,0,0,0
UMTS,520,3,15025,41699768,0,100.561,13.717,1000,1,1,0,0,0
UMTS,520,3,16025,41912480,0,100.561,13.717,1000,1,1,0,0,0
UMTS,520,3,16025,41912490,0,100.561,13.717,1000,1,1,0,0,0
UMTS,520,5,3053,23341967,0,100.561,13.717,1000,1,1,0,0,0
UMTS,520,18,14612,3000345,0,100.563,13.717,1000,1,1,0,0,0
UMTS,520,18,14612,3000352,0,100.563,13.717,1000,1,1,0,0,0
UMTS,520,18,14612,3000376,0,100.563,13.717,1000,1,1,0,0,0
UMTS,520,3,15025,41699758,0,100.563,13.717,1000,1,1,0,0,0
UMTS,520,3,16025,41891646,0,100.563,13.717,1000,1,1,0,0,0
UMTS,520,3,20025,42081696,0,100.565,13.717,1000,1,1,0,0,0
UMTS,520,3,20025,42114869,0,100.565,13.717,1000,1,1,0,0,0
UMTS,520,3,55090,42114874,0,100.565,13.717,1000,1,1,0,0,0
UMTS,520,3,16025,41882574,0,100.565,13.717,1000,1,1,0,0,0
LTE,520,3,912,154638055,0,100.555,13.717,1000,1,1,0,0,0
UMTS,520,3,912,174208613,0,100.561,13.717,1000,1,1,0,0,0
UMTS,520,4,1605,137732211,0,100.555,13.717,7863,1,1,0,0,0
UMTS,520,4,1605,137730312,0,100.561,13.717,3247,1,1,0,0,0
UMTS,520,3,20025,42116224,0,100.558,13.717,1000,1,1,0,0,0
UMTS,520,5,3051,23360806,0,100.561,13.717,1191,1,1,0,0,0
UMTS,520,0,1017,10011648,0,100.558,13.717,1000,1,1,0,0,0
UMTS,520,3,20025,42138028,0,100.561,13.717,1000,1,1,0,0,0
LTE,520,4,14002,2856,0,100.564,13.717,1000,1,1,0,0,0
UMTS,520,15,20021,42112815,0,100.56,13.717,1000,1,1,0,0,0
GSM,520,99,1605,36860,0,100.557,13.717,1000,1,1,0,0,0
UMTS,520,4,1605,137728952,0,100.557,13.717,1094,1,1,0,0,0
UMTS,520,5,488,1561903,0,100.556,13.717,1000,1,1,0,0,0
LTE,520,47,33051,76930099,0,100.555,13.717,1000,1,1,0,0,0
LTE,520,3,912,156940391,0,100.552,13.717,7966,1,1,0,0,0
UMTS,520,15,20021,42125298,0,100.564,13.717,1000,1,1,0,0,0
UMTS,520,15,20021,42124878,0,100.561,13.717,1000,1,1,0,0,0
UMTS,520,3,15025,41716217,0,100.553,13.717,1000,1,1,0,0,0
UMTS,520,18,14612,3000357,0,100.563,13.717,1000,1,1,0,0,0
LTE,520,18,3051,64786947,0,100.563,13.717,5268,1,1,0,0,0
LTE,520,3,912,156931439,0,100.564,13.717,1000,1,1,0,0,0
LTE,520,4,14002,2858,0,100.565,13.717,1000,1,1,0,0,0
LTE,520,4,4010,2342687,0,100.561,13.717,2950,1,1,0,0,0
LTE,520,18,847,164352615,0,100.564,13.717,3894,1,1,0,0,0
UMTS,520,15,8305,29503544,0,100.556,13.718,1000,1,1,0,0,0
UMTS,520,15,2301,29511624,0,100.556,13.718,1000,1,1,0,0,0
LTE,520,5,112,8248578,0,100.562,13.718,1607,1,1,0,0,0
UMTS,520,0,1017,10007218,0,100.561,13.718,1000,1,1,0,0,0
LTE,520,3,1605,34778,0,100.563,13.718,1000,1,1,0,0,0
UMTS,520,3,20025,42138040,0,100.559,13.718,1000,1,1,0,0,0
UMTS,520,15,20021,42138028,0,100.562,13.718,1000,1,1,0,0,0
UMTS,520,15,8011,42711646,0,100.562,13.718,1000,1,1,0,0,0
UMTS,520,15,20021,43095299,0,100.562,13.718,1000,1,1,0,0,0
UMTS,520,15,3011,43112743,0,100.562,13.718,1000,1,1,0,0,0
UMTS,520,15,3011,42112408,0,100.562,13.718,1000,1,1,0,0,0
UMTS,520,3,3015,43097393,0,100.562,13.718,1000,1,1,0,0,0
UMTS,520,3,20025,42118670,0,100.554,13.718,1000,1,1,0,0,0
LTE,520,3,912,156932198,0,100.553,13.718,8084,1,1,0,0,0
UMTS,520,5,3051,23355388,0,100.554,13.718,3163,1,1,0,0,0
UMTS,520,3,20025,42116223,0,100.557,13.718,1000,1,1,0,0,0
UMTS,520,15,3011,43098407,0,100.562,13.718,1000,1,1,0,0,0
LTE,520,18,3051,64804355,0,100.55,13.718,8336,1,1,0,0,0
UMTS,520,15,16021,41889860,0,100.551,13.718,5018,1,1,0,0,0
LTE,520,47,33051,76930100,0,100.554,13.718,1000,1,1,0,0,0
LTE,520,5,112,11341057,0,100.557,13.718,1000,1,1,0,0,0
UMTS,520,5,3051,23355391,0,100.554,13.718,3531,1,1,0,0,0
UMTS,520,5,3051,23361183,0,100.558,13.718,1381,1,1,0,0,0
LTE,520,3,847,156940647,0,100.565,13.718,4579,1,1,0,0,0
LTE,520,4,2003,2230016,0,100.555,13.718,9521,1,1,0,0,0
UMTS,520,3,20025,42122564,0,100.558,13.718,1000,1,1,0,0,0
LTE,520,5,112,3809538,0,100.566,13.718,3800,1,1,0,0,0
GSM,520,18,14002,2856,0,100.56,13.718,1000,1,1,0,0,0
UMTS,520,3,3015,43095299,0,100.562,13.718,1000,1,1,0,0,0
UMTS,520,3,3015,43098407,0,100.562,13.718,1000,1,1,0,0,0
LTE,520,4,4010,2342657,0,100.559,13.718,1000,1,1,0,0,0
UMTS,520,5,3051,23355390,0,100.553,13.718,1000,1,1,0,0,0
LTE,520,15,2968,156931043,0,100.567,13.718,1000,1,1,0,0,0
LTE,520,3,912,156940411,0,100.554,13.718,2456,1,1,0,0,0
UMTS,520,4,1605,137725173,0,100.564,13.718,4838,1,1,0,0,0
LTE,520,3,912,156931440,0,100.562,13.718,1000,1,1,0,0,0
UMTS,520,0,1017,10000648,0,100.56,13.718,1000,1,1,0,0,0
UMTS,520,3,20025,42133720,0,100.554,13.718,1000,1,1,0,0,0
UMTS,520,5,3133,23865535,0,100.554,13.718,1000,1,1,0,0,0
UMTS,520,3,20025,42126353,0,100.557,13.718,1000,1,1,0,0,0
GSM,520,5,3051,4999,0,100.558,13.718,1000,1,1,0,0,0
LTE,520,5,112,11341059,0,100.553,13.718,3391,1,1,0,0,0
LTE,520,5,112,8248577,0,100.561,13.718,1424,1,1,0,0,0
GSM,520,1,4020,39264,0,100.554,13.718,1000,1,1,0,0,0
LTE,520,5,112,10639617,0,100.554,13.718,1000,1,1,0,0,0
UMTS,520,15,13011,42617603,0,100.565,13.718,1000,1,1,0,0,0
UMTS,520,15,13011,42113735,0,100.565,13.718,1000,1,1,0,0,0
LTE,520,3,912,156931709,0,100.559,13.718,1000,1,1,0,0,0
LTE,520,3,912,156934511,0,100.559,13.718,1000,1,1,0,0,0
UMTS,520,3,20025,42118685,0,100.554,13.718,1000,1,1,0,0,0
UMTS,520,3,13015,42617153,0,100.566,13.718,6040,1,1,0,0,0
LTE,520,47,54032,10639618,0,100.554,13.718,1000,1,1,0,0,0
GSM,520,99,1605,34440,0,100.565,13.718,1000,1,1,0,0,0
UMTS,520,5,1335,2004446,0,100.561,13.718,1000,1,1,0,0,0
UMTS,520,15,20021,42125314,0,100.558,13.718,1000,1,1,0,0,0
LTE,520,5,3133,64499713,0,100.558,13.718,1000,1,1,0,0,0
UMTS,520,0,1017,10018256,0,100.559,13.718,1000,1,1,0,0,0
UMTS,520,3,20021,42125984,0,100.56,13.718,1000,1,1,0,0,0
UMTS,520,15,20021,42125316,0,100.562,13.718,1000,1,1,0,0,0
UMTS,520,15,20021,42125311,0,100.563,13.718,1000,1,1,0,0,0
LTE,520,3,912,156936580,0,100.554,13.718,1000,1,1,0,0,0
UMTS,520,15,20021,42112817,0,100.562,13.718,1000,1,1,0,0,0
GSM,520,18,14612,5174,0,100.554,13.718,1000,1,1,0,0,0
LTE,520,4,20025,42114940,0,100.562,13.718,1000,1,1,0,0,0
UMTS,520,3,20025,42119345,0,100.553,13.718,5202,1,1,0,0,0
GSM,520,18,14002,2332,0,100.557,13.718,1000,1,1,0,0,0
GSM,520,99,16061,3988,0,100.562,13.718,1000,1,1,0,0,0
UMTS,520,15,20021,42138062,0,100.562,13.718,1000,1,1,0,0,0
UMTS,520,5,912,156940389,0,100.556,13.718,1000,1,1,0,0,0
UMTS,520,15,20021,42138030,0,100.562,13.718,1000,1,1,0,0,0
UMTS,520,5,3051,23352710,0,100.559,13.718,1689,1,1,0,0,0
LTE,520,3,912,156931705,0,100.559,13.718,1000,1,1,0,0,0
LTE,520,4,20010,10181439,0,100.562,13.718,1000,1,1,0,0,0
UMTS,520,4,1017,10018259,0,100.561,13.718,1000,1,1,0,0,0
LTE,520,4,1010,8118017,0,100.563,13.718,1000,1,1,0,0,0
UMTS,520,99,1335,5199203,0,100.564,13.718,1000,1,1,0,0,0
UMTS,520,15,20021,42125557,0,100.554,13.718,1000,1,1,0,0,0
LTE,520,3,444,9916211,0,100.559,13.718,1000,1,1,0,0,0
LTE,520,3,444,9915322,0,100.559,13.718,1000,1,1,0,0,0
UMTS,520,5,1335,2011736,0,100.562,13.718,1000,1,1,0,0,0
UMTS,520,5,14612,7345202,0,100.565,13.718,1000,1,1,0,0,0
UMTS,520,15,20021,42125318,0,100.562,13.718,1000,1,1,0,0,0
UMTS,520,15,20021,42112819,0,100.561,13.718,1000,1,1,0,0,0
UMTS,520,3,7857,3315949,0,100.564,13.718,1000,1,1,0,0,0
LTE,520,4,4010,182047,0,100.565,13.718,4143,1,1,0,0,0
UMTS,520,15,20021,42125458,0,100.558,13.718,1000,1,1,0,0,0
UMTS,520,18,14782,9121292,0,100.559,13.718,1000,1,1,0,0,0
LTE,520,15,2973,154631136,0,100.554,13.718,1000,1,1,0,0,0
UMTS,520,5,3051,23355393,0,100.552,13.718,1000,1,1,0,0,0
UMTS,520,3,20025,42114924,0,100.562,13.718,1000,1,1,0,0,0
UMTS,520,3,20025,42114934,0,100.562,13.718,1952,1,1,0,0,0
LTE,520,3,912,156934522,0,100.552,13.718,8842,1,1,0,0,0
LTE,520,5,112,596739,0,100.554,13.718,1000,1,1,0,0,0
LTE,520,3,912,156935290,0,100.563,13.718,1000,1,1,0,0,0
LTE,520,18,3051,64440833,0,100.562,13.718,9417,1,1,0,0,0
LTE,520,3,912,156934513,0,100.557,13.718,1000,1,1,0,0,0
UMTS,520,3,917,154631016,0,100.554,13.718,1000,1,1,0,0,0
UMTS,520,4,18,7308533,0,100.562,13.718,1596,1,1,0,0,0
LTE,520,3,917,163850619,0,100.554,13.718,4428,1,1,0,0,0
UMTS,520,5,14691,8860122,0,100.554,13.718,1000,1,1,0,0,0
LTE,520,5,112,10639619,0,100.552,13.718,1446,1,1,0,0,0
UMTS,520,3,20025,17393512,0,100.55,13.718,1000,1,1,0,0,0
UMTS,520,5,3133,23342883,0,100.55,13.718,1000,1,1,0,0,0
UMTS,520,3,16025,41898177,0,100.552,13.718,1000,1,1,0,0,0
UMTS,520,0,1017,10011764,0,100.552,13.718,1000,1,1,0,0,0
UMTS,520,3,20025,42081780,0,100.553,13.718,1000,1,1,0,0,0
UMTS,520,3,20025,42117528,0,100.553,13.718,1000,1,1,0,0,0
UMTS,520,3,20025,42121019,0,100.553,13.718,1000,1,1,0,0,0
UMTS,520,3,20025,42121029,0,100.553,13.718,1000,1,1,0,0,0
UMTS,520,3,20025,42130804,0,100.553,13.718,1000,1,1,0,0,0
UMTS,520,3,20025,42133710,0,100.553,13.718,1000,1,1,0,0,0
UMTS,520,3,39230,41908326,0,100.553,13.718,1000,1,1,0,0,0
UMTS,520,3,15025,41707787,0,100.553,13.718,1000,1,1,0,0,0
UMTS,520,3,16025,41882777,0,100.553,13.718,1000,1,1,0,0,0
UMTS,520,3,16025,41891652,0,100.553,13.718,1000,1,1,0,0,0
UMTS,520,3,16025,41891642,0,100.553,13.718,1000,1,1,0,0,0
UMTS,520,15,1101,6882325,0,100.553,13.718,1000,1,1,0,0,0
UMTS,520,3,39230,41891652,0,100.554,13.718,1000,1,1,0,0,0
UMTS,520,4,1605,10000668,0,100.554,13.718,1000,1,1,0,0,0
UMTS,520,3,15025,41712494,0,100.554,13.718,1000,1,1,0,0,0
UMTS,520,5,3053,23334989,0,100.554,13.718,1000,1,1,0,0,0
UMTS,520,5,3053,23334992,0,100.554,13.718,1000,1,1,0,0,0
GSM,520,23,10059,2025,0,100.554,13.718,1000,1,1,0,0,0
UMTS,520,15,1101,6883753,0,100.554,13.718,1000,1,1,0,0,0
LTE,520,4,1010,2342688,0,100.556,13.718,1000,1,1,0,0,0
LTE,520,4,1010,2342658,0,100.556,13.718,1000,1,1,0,0,0
UMTS,520,3,20025,42126355,0,100.557,13.718,1000,1,1,0,0,0
UMTS,520,5,3053,23334988,0,100.557,13.718,1000,1,1,0,0,0
UMTS,520,3,20025,42126345,0,100.559,13.718,1000,1,1,0,0,0
UMTS,520,3,20025,42126343,0,100.559,13.718,1000,1,1,0,0,0
UMTS,520,3,20025,42126365,0,100.559,13.718,1000,1,1,0,0,0
UMTS,520,3,15025,41704847,0,100.559,13.718,1000,1,1,0,0,0
UMTS,520,3,15025,41704837,0,100.559,13.718,1000,1,1,0,0,0
UMTS,520,3,16025,41882704,0,100.559,13.718,1000,1,1,0,0,0
UMTS,520,3,16025,41912489,0,100.559,13.718,1000,1,1,0,0,0
UMTS,520,5,3053,7347971,0,100.559,13.718,1000,1,1,0,0,0
UMTS,520,5,3053,23340644,0,100.559,13.718,1000,1,1,0,0,0
UMTS,520,5,3053,23340641,0,100.559,13.718,1000,1,1,0,0,0
UMTS,520,18,14612,23340641,0,100.559,13.718,1000,1,1,0,0,0
UMTS,520,3,20025,42138052,0,100.56,13.718,1000,1,1,0,0,0
UMTS,520,3,16025,41912499,0,100.56,13.718,1000,1,1,0,0,0
UMTS,520,3,16025,41904996,0,100.56,13.718,1000,1,1,0,0,0
UMTS,520,3,20025,42113834,0,100.56,13.718,1000,1,1,0,0,0
UMTS,520,3,20025,42112815,0,100.56,13.718,1000,1,1,0,0,0
UMTS,520,3,20025,42122044,0,100.561,13.718,1000,1,1,0,0,0
UMTS,520,3,16025,41904991,0,100.561,13.718,1000,1,1,0,0,0
UMTS,520,3,16025,41912498,0,100.561,13.718,1000,1,1,0,0,0
UMTS,520,3,16025,42137033,0,100.561,13.718,1000,1,1,0,0,0
UMTS,520,15,18,7319590,0,100.561,13.718,1000,1,1,0,0,0
UMTS,520,3,20025,42114914,0,100.563,13.718,1000,1,1,0,0,0
UMTS,520,3,20025,42120978,0,100.563,13.718,1000,1,1,0,0,0
UMTS,520,3,20025,42120974,0,100.563,13.718,1000,1,1,0,0,0
UMTS,520,3,20025,42120988,0,100.563,13.718,1000,1,1,0,0,0
UMTS,520,3,20025,42120998,0,100.563,13.718,1000,1,1,0,0,0
UMTS,520,3,15025,41699778,0,100.563,13.718,1000,1,1,0,0,0
UMTS,520,3,15025,41699762,0,100.563,13.718,1000,1,1,0,0,0
UMTS,520,3,15025,41699772,0,100.563,13.718,1000,1,1,0,0,0
LTE,520,4,1010,11451167,0,100.583,13.71,1000,1,1,0,0,0
GSM,520,99,1605,33211,0,100.58,13.71,1588,1,1,0,0,0
UMTS,520,15,13015,42619349,0,100.574,13.71,1000,1,1,0,0,0
LTE,520,5,4010,25610527,0,100.582,13.71,1000,1,1,0,0,0
UMTS,520,15,13015,42623038,0,100.574,13.71,1000,1,1,0,0,0
UMTS,520,15,13015,42618264,0,100.574,13.71,1000,1,1,0,0,0
UMTS,520,15,13015,42619350,0,100.574,13.71,1000,1,1,0,0,0
UMTS,520,3,13015,42618264,0,100.574,13.71,1000,1,1,0,0,0
GSM,520,1,10284,554,0,100.574,13.71,1000,1,1,0,0,0
UMTS,520,3,13015,42617157,0,100.57,13.71,1000,1,1,0,0,0
LTE,520,3,847,156928624,0,100.57,13.71,1000,1,1,0,0,0
UMTS,520,3,13015,42617608,0,100.574,13.71,1000,1,1,0,0,0
UMTS,520,15,20021,42112816,0,100.572,13.71,2292,1,1,0,0,0
UMTS,520,4,18,7324777,0,100.57,13.71,1000,1,1,0,0,0
UMTS,520,1,55010,4329857,0,100.567,13.71,1000,1,1,0,0,0
UMTS,520,1,55010,4326978,0,100.567,13.71,1000,1,1,0,0,0
UMTS,520,3,16025,41891807,0,100.567,13.71,1000,1,1,0,0,0
UMTS,520,1,55010,4329858,0,100.568,13.71,1000,1,1,0,0,0
UMTS,520,3,13015,42617607,0,100.575,13.71,1000,1,1,0,0,0
UMTS,520,3,13015,42617598,0,100.575,13.71,1000,1,1,0,0,0
UMTS,520,3,13015,42617597,0,100.575,13.71,1000,1,1,0,0,0
UMTS,520,3,7025,42042897,0,100.576,13.71,1000,1,1,0,0,0
UMTS,520,3,16025,41909626,0,100.578,13.71,1000,1,1,0,0,0
UMTS,520,18,14612,7346568,0,100.581,13.71,1000,1,1,0,0,0
UMTS,520,3,55090,42603843,0,100.581,13.71,1000,1,1,0,0,0
UMTS,520,3,55090,42617373,0,100.581,13.71,1000,1,1,0,0,0
UMTS,520,18,14717,7870848,0,100.581,13.71,1000,1,1,0,0,0
UMTS,520,18,14717,7877970,0,100.581,13.71,1000,1,1,0,0,0
UMTS,520,18,14717,7870856,0,100.581,13.71,1000,1,1,0,0,0
UMTS,520,3,6025,41585527,0,100.581,13.71,1000,1,1,0,0,0
UMTS,520,5,3051,23332700,0,100.581,13.71,1000,1,1,0,0,0
UMTS,520,5,3051,23332697,0,100.581,13.71,1000,1,1,0,0,0
UMTS,520,18,14612,7346560,0,100.581,13.71,1000,1,1,0,0,0
UMTS,520,18,14612,7346566,0,100.581,13.71,1000,1,1,0,0,0
GSM,520,23,34019,2639,0,100.581,13.71,1000,1,1,0,0,0
GSM,520,1,50040,1017,0,100.581,13.71,1000,1,1,0,0,0
UMTS,520,5,3101,9116034,0,100.581,13.71,1000,1,1,0,0,0
LTE,520,4,1010,11451198,0,100.581,13.71,1000,1,1,0,0,0
UMTS,520,3,55090,42617372,0,100.582,13.71,1000,1,1,0,0,0
UMTS,520,18,14717,7870850,0,100.582,13.71,1000,1,1,0,0,0
UMTS,520,5,3053,23332697,0,100.582,13.71,1000,1,1,0,0,0
UMTS,520,18,14612,7346562,0,100.582,13.71,1000,1,1,0,0,0
UMTS,520,18,14612,23660377,0,100.582,13.71,1000,1,1,0,0,0
UMTS,520,0,18,137732104,0,100.582,13.71,1000,1,1,0,0,0
UMTS,520,3,55090,42603846,0,100.583,13.71,1000,1,1,0,0,0
UMTS,520,3,16025,41902631,0,100.583,13.71,1000,1,1,0,0,0
LTE,520,4,1010,11451137,0,100.583,13.71,1000,1,1,0,0,0
UMTS,520,18,14612,23660376,0,100.583,13.71,1000,1,1,0,0,0
UMTS,520,15,18,7331251,0,100.583,13.71,1000,1,1,0,0,0
UMTS,520,5,3101,9116033,0,100.583,13.71,1000,1,1,0,0,0
UMTS,520,3,13015,42617602,0,100.578,13.71,1000,1,1,0,0,0
LTE,520,4,20010,10012477,0,100.571,13.71,1000,1,1,0,0,0
UMTS,520,5,3101,23673935,0,100.574,13.71,2206,1,1,0,0,0
LTE,520,3,847,156940903,0,100.571,13.71,1000,1,1,0,0,0
UMTS,520,3,847,156929649,0,100.574,13.71,1000,1,1,0,0,0
UMTS,520,15,20021,42124876,0,100.569,13.71,5878,1,1,0,0,0
GSM,520,5,3051,1884,0,100.581,13.71,1000,1,1,0,0,0
UMTS,520,4,18,7313787,0,100.57,13.71,1000,1,1,0,0,0
LTE,520,3,847,156928634,0,100.571,13.71,2475,1,1,0,0,0
UMTS,520,4,1006,10038889,0,100.581,13.71,2055,1,1,0,0,0
LTE,520,5,54006,49346737,0,100.582,13.71,1000,1,1,0,0,0
LTE,520,3,847,156947815,0,100.583,13.71,1000,1,1,0,0,0
UMTS,520,3,13015,42617946,0,100.581,13.71,1000,1,1,0,0,0
UMTS,520,5,14612,7342082,0,100.583,13.71,1000,1,1,0,0,0
UMTS,520,18,3101,64648451,0,100.58,13.71,1000,1,1,0,0,0
UMTS,520,99,4010,1369886,0,100.569,13.71,1000,1,1,0,0,0
UMTS,520,4,18,7331252,0,100.578,13.71,1000,1,1,0,0,0
LTE,520,5,121,1375503,0,100.571,13.71,1000,1,1,0,0,0
UMTS,520,5,3101,64648450,0,100.583,13.71,1000,1,1,0,0,0
LTE,520,4,20010,10012478,0,100.569,13.711,1000,1,1,0,0,0
UMTS,520,15,13011,42619189,0,100.57,13.711,1000,1,1,0,0,0
UMTS,520,3,13015,42617618,0,100.574,13.711,1000,1,1,0,0,0
UMTS,520,3,13015,42617373,0,100.581,13.711,2585,1,1,0,0,0
LTE,520,18,3101,64300803,0,100.576,13.711,4374,1,1,0,0,0
LTE,520,5,55006,16993466,0,100.581,13.711,1000,1,1,0,0,0
LTE,520,3,847,156929131,0,100.581,13.711,1000,1,1,0,0,0
LTE,520,4,4032,30193027,0,100.582,13.711,1000,1,1,0,0,0
LTE,520,5,121,968502,0,100.579,13.711,1000,1,1,0,0,0
UMTS,520,15,13011,42618658,0,100.574,13.711,1000,1,1,0,0,0
LTE,520,18,3133,64283649,0,100.571,13.711,8006,1,1,0,0,0
UMTS,520,5,3101,23660380,0,100.582,13.711,2531,1,1,0,0,0
UMTS,520,15,13011,42617422,0,100.569,13.711,2181,1,1,0,0,0
UMTS,520,18,14782,9121718,0,100.582,13.711,1000,1,1,0,0,0
LTE,520,5,54006,49346735,0,100.58,13.711,1000,1,1,0,0,0
UMTS,520,15,13011,42624096,0,100.58,13.711,1000,1,1,0,0,0
GSM,520,99,16061,4045,0,100.581,13.711,1000,1,1,0,0,0
UMTS,520,4,18,7324787,0,100.569,13.711,1000,1,1,0,0,0
LTE,520,3,847,156928614,0,100.57,13.711,2905,1,1,0,0,0
LTE,520,5,5010,14784288,0,100.58,13.711,1000,1,1,0,0,0
UMTS,520,5,18,7330028,0,100.575,13.711,1180,1,1,0,0,0
UMTS,520,1,847,164352123,0,100.583,13.711,1000,1,1,0,0,0
UMTS,520,99,7014,4385311,0,100.568,13.711,1000,1,1,0,0,0
LTE,520,18,3101,64568321,0,100.579,13.711,5364,1,1,0,0,0
LTE,520,4,20010,11451198,0,100.575,13.711,1000,1,1,0,0,0
UMTS,520,15,13011,42617363,0,100.579,13.711,1000,1,1,0,0,0
UMTS,520,3,13015,42617363,0,100.581,13.711,1000,1,1,0,0,0
UMTS,520,4,1605,137726211,0,100.573,13.711,7782,1,1,0,0,0
UMTS,520,3,13015,42623519,0,100.582,13.711,1000,1,1,0,0,0
GSM,520,5,3051,1881,0,100.58,13.711,1000,1,1,0,0,0
UMTS,520,3,13015,42617372,0,100.579,13.711,1817,1,1,0,0,0
UMTS,520,3,13015,42624093,0,100.581,13.711,1000,1,1,0,0,0
UMTS,520,3,13015,42617613,0,100.573,13.711,1000,1,1,0,0,0
UMTS,520,18,3101,23673933,0,100.57,13.711,1000,1,1,0,0,0
LTE,520,18,121,8952579,0,100.57,13.711,1000,1,1,0,0,0
LTE,520,3,847,156929256,0,100.58,13.711,1000,1,1,0,0,0
LTE,520,4,4032,25610628,0,100.582,13.711,1000,1,1,0,0,0
UMTS,520,0,1017,10017583,0,100.57,13.711,2237,1,1,0,0,0
UMTS,520,18,3051,64403457,0,100.567,13.711,1000,1,1,0,0,0
LTE,520,5,4010,16827168,0,100.579,13.711,1000,1,1,0,0,0
UMTS,520,5,3101,23662324,0,100.581,13.711,1000,1,1,0,0,0
LTE,520,3,847,156935811,0,100.58,13.711,1000,1,1,0,0,0
UMTS,520,3,18,7315464,0,100.577,13.711,1000,1,1,0,0,0
UMTS,520,5,3101,23660377,0,100.579,13.711,1000,1,1,0,0,0
LTE,520,4,4010,10012447,0,100.572,13.711,1000,1,1,0,0,0
UMTS,520,18,14612,7353682,0,100.579,13.711,1000,1,1,0,0,0
UMTS,520,5,112,246613,0,100.58,13.711,1000,1,1,0,0,0
GSM,520,1,26040,762,0,100.571,13.711,1323,1,1,0,0,0
UMTS,520,15,13011,42617601,0,100.575,13.711,1000,1,1,0,0,0
UMTS,520,18,14782,9116038,0,100.579,13.711,1000,1,1,0,0,0
UMTS,520,4,18,7326464,0,100.577,13.711,1000,1,1,0,0,0
LTE,520,4,4010,5368607,0,100.567,13.711,1000,1,1,0,0,0
LTE,520,4,3004,4352258,0,100.583,13.711,6868,1,1,0,0,0
UMTS,520,3,13015,42617167,0,100.569,13.711,1000,1,1,0,0,0
UMTS,520,5,3101,23673936,0,100.574,13.711,4113,1,1,0,0,0
LTE,520,5,121,6313289,0,100.579,13.711,1000,1,1,0,0,0
LTE,520,3,847,156943227,0,100.582,13.711,1000,1,1,0,0,0
GSM,520,1,26040,1179,0,100.57,13.711,1000,1,1,0,0,0
LTE,520,4,1605,33212,0,100.58,13.711,1000,1,1,0,0,0
LTE,520,3,847,156929659,0,100.574,13.711,1000,1,1,0,0,0
UMTS,520,4,18,7315464,0,100.577,13.711,1000,1,1,0,0,0
UMTS,520,15,13011,42617362,0,100.574,13.711,1833,1,1,0,0,0
LTE,520,5,54006,49346746,0,100.579,13.711,1000,1,1,0,0,0
UMTS,520,0,1017,10007563,0,100.567,13.711,1000,1,1,0,0,0
UMTS,520,4,4010,11451167,0,100.581,13.711,1310,1,1,0,0,0
UMTS,520,4,1620,137732104,0,100.578,13.711,1000,1,1,0,0,0
UMTS,520,15,13011,42617929,0,100.569,13.711,1000,1,1,0,0,0
GSM,520,1,26040,1177,0,100.576,13.711,1000,1,1,0,0,0
UMTS,520,18,14612,7348575,0,100.57,13.711,1818,1,1,0,0,0
LTE,520,4,4032,30193028,0,100.578,13.711,1000,1,1,0,0,0
UMTS,520,5,5212,13444992,0,100.579,13.711,6060,1,1,0,0,0
UMTS,520,15,13011,42619250,0,100.577,13.711,1126,1,1,0,0,0
LTE,520,5,54032,307460,0,100.578,13.712,1000,1,1,0,0,0
GSM,520,18,14002,4992,0,100.572,13.712,1000,1,1,0,0,0
LTE,520,3,847,156929637,0,100.577,13.712,1000,1,1,0,0,0
GSM,520,18,14002,163,0,100.577,13.712,4622,1,1,0,0,0
UMTS,520,18,14782,23660380,0,100.577,13.712,1000,1,1,0,0,0
LTE,520,99,3101,64813313,0,100.575,13.712,1000,1,1,0,0,0
UMTS,520,5,3101,23660193,0,100.579,13.712,1000,1,1,0,0,0
UMTS,520,5,3101,23662323,0,100.579,13.712,1000,1,1,0,0,0
UMTS,520,5,14782,23340823,0,100.572,13.712,1000,1,1,0,0,0
UMTS,520,3,13015,42617143,0,100.567,13.712,1000,1,1,0,0,0
UMTS,520,0,1017,7313787,0,100.568,13.712,1000,1,1,0,0,0
UMTS,520,18,5177,7348578,0,100.569,13.712,1000,1,1,0,0,0
UMTS,520,0,1012,7315464,0,100.577,13.712,1000,1,1,0,0,0
GSM,520,5,3051,12214,0,100.578,13.712,1000,1,1,0,0,0
UMTS,520,3,7025,42044289,0,100.579,13.712,1000,1,1,0,0,0
GSM,520,5,3051,3825,0,100.579,13.712,1000,1,1,0,0,0
UMTS,520,0,1012,10007563,0,100.567,13.712,1000,1,1,0,0,0
UMTS,520,4,1605,9997613,0,100.567,13.712,1000,1,1,0,0,0
UMTS,520,3,20025,42019179,0,100.567,13.712,1000,1,1,0,0,0
UMTS,520,3,20025,42617426,0,100.567,13.712,1000,1,1,0,0,0
UMTS,520,3,20025,42603855,0,100.567,13.712,1000,1,1,0,0,0
UMTS,520,0,1017,7324513,0,100.567,13.712,1000,1,1,0,0,0
UMTS,520,0,1017,10019213,0,100.567,13.712,1000,1,1,0,0,0
UMTS,520,3,13015,42603855,0,100.567,13.712,1000,1,1,0,0,0
UMTS,520,15,18,7313787,0,100.567,13.712,1000,1,1,0,0,0
UMTS,520,3,7025,42117958,0,100.567,13.712,1000,1,1,0,0,0
UMTS,520,3,7025,42117948,0,100.567,13.712,1000,1,1,0,0,0
UMTS,520,0,1017,7332560,0,100.567,13.712,1000,1,1,0,0,0
UMTS,520,0,1017,7326419,0,100.567,13.712,1000,1,1,0,0,0
UMTS,520,0,1012,137727277,0,100.567,13.712,1000,1,1,0,0,0
UMTS,520,0,1012,7331249,0,100.567,13.712,1000,1,1,0,0,0
LTE,520,18,3101,64440834,0,100.567,13.712,1000,1,1,0,0,0
UMTS,520,0,1605,7313787,0,100.567,13.712,1000,1,1,0,0,0
UMTS,520,4,1017,137727277,0,100.567,13.712,1000,1,1,0,0,0
UMTS,520,99,16061,3031133,0,100.568,13.712,1000,1,1,0,0,0
UMTS,520,3,20025,42019169,0,100.568,13.712,1000,1,1,0,0,0
UMTS,520,0,1017,7331249,0,100.568,13.712,1000,1,1,0,0,0
UMTS,520,3,55090,42603840,0,100.568,13.712,1000,1,1,0,0,0
UMTS,520,3,55090,42617163,0,100.568,13.712,1000,1,1,0,0,0
UMTS,520,3,7025,42019159,0,100.568,13.712,1000,1,1,0,0,0
UMTS,520,3,7025,42019180,0,100.568,13.712,1000,1,1,0,0,0
UMTS,520,3,16025,41889917,0,100.568,13.712,1000,1,1,0,0,0
UMTS,520,3,16025,41889937,0,100.568,13.712,1000,1,1,0,0,0
UMTS,520,3,16025,41882980,0,100.568,13.712,1000,1,1,0,0,0
UMTS,520,3,16025,41882983,0,100.568,13.712,1000,1,1,0,0,0
UMTS,520,3,16025,41889927,0,100.568,13.712,1000,1,1,0,0,0
UMTS,520,3,13015,42603838,0,100.568,13.712,1000,1,1,0,0,0
UMTS,520,3,13015,42603837,0,100.568,13.712,1000,1,1,0,0,0
UMTS,520,3,13015,42617147,0,100.568,13.712,1000,1,1,0,0,0
LTE,520,4,1010,10012418,0,100.568,13.712,1000,1,1,0,0,0
UMTS,520,18,14612,7352791,0,100.568,13.712,1000,1,1,0,0,0
GSM,520,23,10059,1938,0,100.568,13.712,1000,1,1,0,0,0
GSM,520,23,10059,1937,0,100.568,13.712,1000,1,1,0,0,0
GSM,520,23,10059,1939,0,100.568,13.712,1000,1,1,0,0,0
UMTS,520,0,18,10017583,0,100.568,13.712,1000,1,1,0,0,0
GSM,520,99,1605,33195,0,100.568,13.712,1000,1,1,0,0,0
UMTS,520,18,14782,7348575,0,100.568,13.712,1000,1,1,0,0,0
UMTS,520,0,1012,9997613,0,100.568,13.712,1000,1,1,0,0,0
UMTS,520,0,1012,7313787,0,100.568,13.712,1000,1,1,0,0,0
UMTS,520,0,18,137727277,0,100.568,13.712,1000,1,1,0,0,0
UMTS,520,0,1017,137730427,0,100.568,13.712,1000,1,1,0,0,0
UMTS,520,0,1012,10017583,0,100.568,13.712,1000,1,1,0,0,0
UMTS,520,0,18,9997613,0,100.568,13.712,1000,1,1,0,0,0
UMTS,520,18,14717,7354215,0,100.57,13.712,1000,1,1,0,0,0
UMTS,520,5,3101,23336927,0,100.57,13.712,1000,1,1,0,0,0
UMTS,520,3,7025,42019170,0,100.57,13.712,1000,1,1,0,0,0
UMTS,520,3,7025,42019160,0,100.57,13.712,1000,1,1,0,0,0
UMTS,520,3,16025,41889936,0,100.57,13.712,1000,1,1,0,0,0
UMTS,520,3,13015,42603841,0,100.57,13.712,1000,1,1,0,0,0
UMTS,520,0,1012,7329840,0,100.57,13.712,1000,1,1,0,0,0
UMTS,520,3,13015,42619189,0,100.57,13.712,1000,1,1,0,0,0
UMTS,520,3,13015,42617927,0,100.57,13.712,1000,1,1,0,0,0
UMTS,520,3,15025,41691478,0,100.571,13.712,1000,1,1,0,0,0
UMTS,520,3,16025,41889926,0,100.571,13.712,1000,1,1,0,0,0
UMTS,520,3,16025,41889921,0,100.571,13.712,1000,1,1,0,0,0
UMTS,520,3,13015,42617142,0,100.571,13.712,1000,1,1,0,0,0
UMTS,520,18,48697,9109557,0,100.572,13.712,1000,1,1,0,0,0
UMTS,520,3,13015,42617593,0,100.574,13.712,1000,1,1,0,0,0
UMTS,520,3,13015,42617603,0,100.574,13.712,1000,1,1,0,0,0
UMTS,520,5,112,8952579,0,100.575,13.712,1000,1,1,0,0,0
UMTS,520,3,13015,42617591,0,100.575,13.712,1000,1,1,0,0,0
UMTS,520,4,18,7320041,0,100.576,13.712,1000,1,1,0,0,0
UMTS,520,3,4015,42156774,0,100.576,13.712,1000,1,1,0,0,0
UMTS,520,3,16025,41892425,0,100.576,13.712,1000,1,1,0,0,0
UMTS,520,3,16025,41909646,0,100.576,13.712,1000,1,1,0,0,0
GSM,520,5,17010,553,0,100.576,13.712,1000,1,1,0,0,0
GSM,520,5,50040,622,0,100.576,13.712,1000,1,1,0,0,0
GSM,520,5,50040,619,0,100.576,13.712,1000,1,1,0,0,0
GSM,520,5,50040,1087,0,100.576,13.712,1000,1,1,0,0,0
UMTS,520,5,112,307459,0,100.578,13.712,1000,1,1,0,0,0
UMTS,520,3,55090,42618232,0,100.578,13.712,1000,1,1,0,0,0
UMTS,520,5,3101,9123154,0,100.578,13.712,1000,1,1,0,0,0
UMTS,520,5,3102,23662324,0,100.578,13.712,1000,1,1,0,0,0
UMTS,520,3,16025,41891057,0,100.578,13.712,1000,1,1,0,0,0
UMTS,520,3,16025,41882998,0,100.578,13.712,1000,1,1,0,0,0
UMTS,520,3,16025,41891077,0,100.578,13.712,1000,1,1,0,0,0
UMTS,520,3,16025,41891067,0,100.578,13.712,1000,1,1,0,0,0
UMTS,520,3,16025,42133318,0,100.578,13.712,1000,1,1,0,0,0
UMTS,520,3,16025,42133328,0,100.578,13.712,1000,1,1,0,0,0
UMTS,520,3,13015,42603916,0,100.578,13.712,1000,1,1,0,0,0
UMTS,520,3,13015,42603833,0,100.578,13.712,1000,1,1,0,0,0
UMTS,520,3,13015,42603834,0,100.578,13.712,1000,1,1,0,0,0
UMTS,520,3,13015,42603844,0,100.578,13.712,1000,1,1,0,0,0
UMTS,520,3,13015,42617601,0,100.578,13.712,1000,1,1,0,0,0
UMTS,520,3,13015,42618242,0,100.578,13.712,1000,1,1,0,0,0
UMTS,520,3,13015,42618222,0,100.578,13.712,1000,1,1,0,0,0
UMTS,520,3,13015,42618232,0,100.578,13.712,1000,1,1,0,0,0
UMTS,520,5,3051,23334644,0,100.578,13.712,1000,1,1,0,0,0
UMTS,520,3,7025,42044279,0,100.578,13.712,1000,1,1,0,0,0
UMTS,520,3,7025,42044269,0,100.578,13.712,1000,1,1,0,0,0
UMTS,520,3,13015,42617947,0,100.578,13.712,1000,1,1,0,0,0
UMTS,520,3,55090,42617363,0,100.579,13.712,1000,1,1,0,0,0
UMTS,520,18,14717,7876534,0,100.579,13.712,1000,1,1,0,0,0
UMTS,520,18,14717,7870854,0,100.579,13.712,1000,1,1,0,0,0
UMTS,520,5,3102,23660380,0,100.579,13.712,1000,1,1,0,0,0
UMTS,520,5,3103,23660377,0,100.579,13.712,1000,1,1,0,0,0
LTE,520,5,112,307458,0,100.579,13.712,1000,1,1,0,0,0
UMTS,520,3,6025,41585517,0,100.579,13.712,1000,1,1,0,0,0
UMTS,520,3,16025,41883001,0,100.579,13.712,1000,1,1,0,0,0
UMTS,520,3,16025,43098908,0,100.579,13.712,1000,1,1,0,0,0
UMTS,520,3,13015,42603847,0,100.579,13.712,1000,1,1,0,0,0
UMTS,520,3,13015,42617353,0,100.579,13.712,1000,1,1,0,0,0
UMTS,520,3,15025,41585517,0,100.579,13.712,1000,1,1,0,0,0
UMTS,520,5,3051,23346257,0,100.579,13.712,1000,1,1,0,0,0
UMTS,520,5,3053,23334641,0,100.579,13.712,1000,1,1,0,0,0
UMTS,520,5,3051,23334641,0,100.579,13.712,1000,1,1,0,0,0
UMTS,520,18,14612,7352246,0,100.579,13.712,1000,1,1,0,0,0
UMTS,520,15,18,7331252,0,100.579,13.712,1000,1,1,0,0,0
GSM,520,23,34019,2543,0,100.579,13.712,1000,1,1,0,0,0
LTE,520,4,4010,11451138,0,100.579,13.712,1000,1,1,0,0,0
UMTS,520,3,13015,42619254,0,100.579,13.712,1000,1,1,0,0,0
UMTS,520,0,1012,7310248,0,100.581,13.712,1000,1,1,0,0,0
UMTS,520,3,55090,42617361,0,100.582,13.712,1000,1,1,0,0,0
UMTS,520,3,55090,42617541,0,100.582,13.712,1000,1,1,0,0,0
UMTS,520,3,55090,42617551,0,100.582,13.712,1000,1,1,0,0,0
LTE,520,3,847,157058151,0,100.582,13.712,1000,1,1,0,0,0
UMTS,520,1,55010,4328327,0,100.583,13.712,1000,1,1,0,0,0
UMTS,520,3,55090,42617733,0,100.583,13.712,1000,1,1,0,0,0
UMTS,520,3,7025,42025049,0,100.583,13.712,1000,1,1,0,0,0
UMTS,520,3,7025,42025059,0,100.583,13.712,1000,1,1,0,0,0
UMTS,520,3,7025,42025039,0,100.583,13.712,1000,1,1,0,0,0
UMTS,520,3,16025,41902617,0,100.583,13.712,1000,1,1,0,0,0
UMTS,520,18,14612,7342085,0,100.583,13.712,1000,1,1,0,0,0
UMTS,520,15,1102,6883965,0,100.583,13.712,1000,1,1,0,0,0
GSM,520,1,26040,763,0,100.567,13.712,2820,1,1,0,0,0
UMTS,520,0,18,7335857,0,100.57,13.712,1000,1,1,0,0,0
LTE,520,3,847,156935034,0,100.577,13.712,3830,1,1,0,0,0
UMTS,520,15,13011,42619344,0,100.567,13.712,1019,1,1,0,0,0
LTE,520,3,847,156928745,0,100.567,13.712,1000,1,1,0,0,0
UMTS,520,3,13015,42617611,0,100.578,13.712,1000,1,1,0,0,0
GSM,520,1,17010,1017,0,100.578,13.712,1000,1,1,0,0,0
LTE,520,4,4032,21355917,0,100.578,13.712,1000,1,1,0,0,0
LTE,520,4,4032,21355937,0,100.581,13.712,1000,1,1,0,0,0
LTE,520,3,847,156935044,0,100.581,13.712,1000,1,1,0,0,0
LTE,520,3,847,156929137,0,100.579,13.712,1000,1,1,0,0,0
UMTS,520,15,13011,42619469,0,100.57,13.712,3952,1,1,0,0,0
LTE,520,3,847,156940921,0,100.573,13.712,5258,1,1,0,0,0
UMTS,520,18,14782,9116032,0,100.581,13.712,1640,1,1,0,0,0
UMTS,520,0,18,7331249,0,100.573,13.712,1252,1,1,0,0,0
LTE,520,3,847,157107301,0,100.579,13.712,1000,1,1,0,0,0
LTE,520,4,1010,10012448,0,100.569,13.712,1000,1,1,0,0,0
UMTS,520,4,18,7313767,0,100.573,13.712,1000,1,1,0,0,0
UMTS,520,15,13011,42618202,0,100.576,13.712,1543,1,1,0,0,0
UMTS,520,18,3101,23673936,0,100.57,13.712,1000,1,1,0,0,0
LTE,520,4,4032,21355916,0,100.58,13.712,1000,1,1,0,0,0
UMTS,520,5,3101,23673931,0,100.575,13.712,1000,1,1,0,0,0
UMTS,520,15,13011,42618838,0,100.578,13.712,1000,1,1,0,0,0
UMTS,520,3,7025,42046089,0,100.577,13.712,1068,1,1,0,0,0
UMTS,520,4,4010,11451166,0,100.582,13.712,1000,1,1,0,0,0
LTE,520,5,112,774404,0,100.567,13.712,1000,1,1,0,0,0
LTE,520,4,4010,10012449,0,100.573,13.712,7028,1,1,0,0,0
UMTS,520,5,18,7313767,0,100.574,13.712,1000,1,1,0,0,0
UMTS,520,15,13011,42619187,0,100.57,13.712,1000,1,1,0,0,0
LTE,520,5,121,912969,0,100.578,13.712,1000,1,1,0,0,0
UMTS,520,15,13011,42618293,0,100.581,13.712,1000,1,1,0,0,0
UMTS,520,0,18,7331252,0,100.578,13.712,1000,1,1,0,0,0
UMTS,520,18,14612,64277762,0,100.571,13.712,1000,1,1,0,0,0
UMTS,520,3,16025,41897426,0,100.573,13.712,1009,1,1,0,0,0
LTE,520,5,121,8952577,0,100.576,13.712,1000,1,1,0,0,0
LTE,520,3,847,156948837,0,100.568,13.712,541,1,1,0,0,0
UMTS,520,18,14782,9109560,0,100.572,13.712,1258,1,1,0,0,0
UMTS,520,4,18,7324767,0,100.573,13.712,1000,1,1,0,0,0
UMTS,520,0,18,7313787,0,100.568,13.712,1000,1,1,0,0,0
UMTS,520,15,4011,42614573,0,100.581,13.712,1000,1,1,0,0,0
LTE,520,4,20010,1523518,0,100.58,13.712,1000,1,1,0,0,0
UMTS,520,18,3101,64813315,0,100.569,13.712,1000,1,1,0,0,0
UMTS,520,0,1012,7324787,0,100.569,13.712,1000,1,1,0,0,0
UMTS,520,15,13011,42617373,0,100.58,13.712,1000,1,1,0,0,0
LTE,520,5,4010,16827169,0,100.577,13.712,1000,1,1,0,0,0
LTE,520,5,54006,79156911,0,100.569,13.712,1000,1,1,0,0,0
UMTS,520,15,13011,42617947,0,100.579,13.712,624,1,1,0,0,0
LTE,520,3,847,156929638,0,100.573,13.712,4603,1,1,0,0,0
UMTS,520,5,3101,23662321,0,100.576,13.712,1056,1,1,0,0,0
GSM,520,99,1605,33212,0,100.578,13.712,1000,1,1,0,0,0
GSM,520,1,26040,790,0,100.567,13.712,1063,1,1,0,0,0
UMTS,520,15,20021,42125984,0,100.567,13.712,6112,1,1,0,0,0
LTE,520,3,14005,11152,0,100.57,13.712,1000,1,1,0,0,0
UMTS,520,5,3101,23673934,0,100.574,13.712,1000,1,1,0,0,0
UMTS,520,0,1012,7331252,0,100.576,13.712,1000,1,1,0,0,0
UMTS,520,0,1012,7326464,0,100.577,13.712,1000,1,1,0,0,0
UMTS,520,18,847,156928623,0,100.57,13.712,1000,1,1,0,0,0
LTE,520,5,4010,16827166,0,100.569,13.712,1000,1,1,0,0,0
UMTS,520,15,13011,42635981,0,100.569,13.712,1000,1,1,0,0,0
UMTS,520,15,13015,42617928,0,100.569,13.712,1000,1,1,0,0,0
LTE,520,5,121,842499,0,100.58,13.712,6197,1,1,0,0,0
UMTS,520,3,13015,42617163,0,100.568,13.712,1000,1,1,0,0,0
UMTS,520,3,13015,42619438,0,100.583,13.712,1000,1,1,0,0,0
UMTS,520,3,5215,3387800,0,100.575,13.712,1000,1,1,0,0,0
UMTS,520,15,13011,42618839,0,100.576,13.712,1000,1,1,0,0,0
UMTS,520,4,1605,137735020,0,100.57,13.712,1000,1,1,0,0,0
LTE,520,4,4010,3051777,0,100.575,13.712,2305,1,1,0,0,0
LTE,520,3,847,156935782,0,100.578,13.712,1000,1,1,0,0,0
LTE,520,5,121,8952580,0,100.575,13.712,1000,1,1,0,0,0
UMTS,520,1,847,156935034,0,100.583,13.712,1000,1,1,0,0,0
LTE,520,5,54006,49346745,0,100.577,13.712,1000,1,1,0,0,0
UMTS,520,15,13011,42623518,0,100.574,13.712,2481,1,1,0,0,0
GSM,520,5,112,12013,0,100.577,13.712,1000,1,1,0,0,0
UMTS,520,15,13011,42619075,0,100.578,13.712,1000,1,1,0,0,0
LTE,520,3,847,156929667,0,100.577,13.712,1000,1,1,0,0,0
LTE,520,5,121,8952579,0,100.571,13.712,1000,1,1,0,0,0
UMTS,520,15,13011,42618807,0,100.572,13.712,1000,1,1,0,0,0
UMTS,520,18,14782,9123624,0,100.574,13.712,1000,1,1,0,0,0
UMTS,520,99,121,8952580,0,100.574,13.712,1000,1,1,0,0,0
UMTS,520,3,13015,42622349,0,100.577,13.712,1000,1,1,0,0,0
UMTS,520,99,4010,11451166,0,100.583,13.712,1000,1,1,0,0,0
LTE,520,5,4010,15344938,0,100.576,13.712,1000,1,1,0,0,0
UMTS,520,15,13011,42622399,0,100.578,13.712,1396,1,1,0,0,0
LTE,520,4,4010,5368578,0,100.578,13.712,1000,1,1,0,0,0
LTE,520,3,847,156929401,0,100.567,13.712,4365,1,1,0,0,0
LTE,520,3,843,164356977,0,100.581,13.712,1649,1,1,0,0,0
LTE,520,3,847,156928615,0,100.569,13.712,604,1,1,0,0,0
LTE,520,4,4010,16827168,0,100.577,13.712,1000,1,1,0,0,0
UMTS,520,5,18,7309941,0,100.574,13.712,1000,1,1,0,0,0
UMTS,520,5,3051,23336485,0,100.567,13.712,1000,1,1,0,0,0
UMTS,520,0,1012,7310072,0,100.57,13.712,1000,1,1,0,0,0
GSM,520,99,1605,33008,0,100.583,13.712,1000,1,1,0,0,0
UMTS,520,3,13015,42617723,0,100.583,13.712,1000,1,1,0,0,0
LTE,520,5,112,774402,0,100.57,13.712,1000,1,1,0,0,0
LTE,520,3,847,156928625,0,100.57,13.712,1000,1,1,0,0,0
GSM,520,5,3051,6111,0,100.569,13.712,1000,1,1,0,0,0
UMTS,520,18,14782,9109557,0,100.571,13.712,1000,1,1,0,0,0
LTE,520,3,847,156928645,0,100.569,13.712,1000,1,1,0,0,0
UMTS,520,1,4020,38848,0,100.572,13.712,1076,1,1,0,0,0
LTE,520,18,3101,64402947,0,100.576,13.712,2858,1,1,0,0,0
UMTS,520,15,13011,42622762,0,100.579,13.712,1000,1,1,0,0,0
GSM,520,1,5020,10017,0,100.57,13.712,1000,1,1,0,0,0
GSM,520,99,1605,37453,0,100.582,13.712,1000,1,1,0,0,0
UMTS,520,18,1605,33212,0,100.578,13.712,1000,1,1,0,0,0
GSM,520,5,14002,4993,0,100.571,13.712,1000,1,1,0,0,0
LTE,520,4,54032,17346586,0,100.569,13.712,1000,1,1,0,0,0
UMTS,520,15,13011,42624510,0,100.57,13.712,1000,1,1,0,0,0
UMTS,520,15,13011,42618837,0,100.572,13.712,4603,1,1,0,0,0
LTE,520,3,847,156929255,0,100.582,13.712,1000,1,1,0,0,0
UMTS,520,5,18,7321580,0,100.574,13.712,1000,1,1,0,0,0
UMTS,520,5,18,7331247,0,100.574,13.712,1000,1,1,0,0,0
UMTS,520,5,18,7324767,0,100.574,13.712,1000,1,1,0,0,0
LTE,520,3,847,156931193,0,100.57,13.712,2048,1,1,0,0,0
GSM,520,1,50040,631,0,100.581,13.712,1000,1,1,0,0,0
UMTS,520,3,13015,42617928,0,100.569,13.712,1000,1,1,0,0,0
UMTS,520,15,13011,42619340,0,100.571,13.712,2860,1,1,0,0,0
GSM,520,99,5608,2068,0,100.582,13.712,1000,1,1,0,0,0
UMTS,520,5,18,7335854,0,100.574,13.712,1000,1,1,0,0,0
UMTS,520,18,3101,23675479,0,100.575,13.712,1000,1,1,0,0,0
GSM,520,99,1605,33194,0,100.572,13.712,1000,1,1,0,0,0
GSM,520,5,3051,5658,0,100.577,13.712,1000,1,1,0,0,0
LTE,520,4,4032,21355918,0,100.569,13.713,1000,1,1,0,0,0
LTE,520,4,4032,18913688,0,100.57,13.713,1000,1,1,0,0,0
LTE,520,5,54032,729602,0,100.576,13.713,1000,1,1,0,0,0
UMTS,520,5,3053,23336927,0,100.567,13.713,1000,1,1,0,0,0
LTE,520,4,4010,3051807,0,100.576,13.713,9594,1,1,0,0,0
UMTS,520,0,18,7329840,0,100.57,13.713,1000,1,1,0,0,0
UMTS,520,3,13015,42618704,0,100.583,13.713,1000,1,1,0,0,0
LTE,520,4,1010,10012446,0,100.573,13.713,1000,1,1,0,0,0
UMTS,520,15,13011,42617727,0,100.583,13.713,1000,1,1,0,0,0
UMTS,520,4,4010,11451137,0,100.577,13.713,1848,1,1,0,0,0
GSM,520,99,16061,4046,0,100.579,13.713,1000,1,1,0,0,0
UMTS,520,5,3101,23675479,0,100.574,13.713,1993,1,1,0,0,0
LTE,520,4,4032,18913686,0,100.571,13.713,1000,1,1,0,0,0
LTE,520,3,847,156948967,0,100.571,13.713,1000,1,1,0,0,0
UMTS,520,15,13011,42618800,0,100.576,13.713,1000,1,1,0,0,0
GSM,520,1,26040,1123,0,100.572,13.713,1000,1,1,0,0,0
GSM,520,99,1605,33011,0,100.582,13.713,1000,1,1,0,0,0
LTE,520,3,847,156928633,0,100.571,13.713,1254,1,1,0,0,0
UMTS,520,3,13015,42619190,0,100.569,13.713,1000,1,1,0,0,0
UMTS,520,15,13011,42619249,0,100.581,13.713,1000,1,1,0,0,0
LTE,520,3,847,156935015,0,100.573,13.713,7251,1,1,0,0,0
LTE,520,5,4010,18913566,0,100.571,13.713,1000,1,1,0,0,0
UMTS,520,15,20021,42125459,0,100.574,13.713,2905,1,1,0,0,0
UMTS,520,0,18,7326464,0,100.578,13.713,1000,1,1,0,0,0
UMTS,520,0,18,7324767,0,100.573,13.713,1000,1,1,0,0,0
LTE,520,3,847,164358511,0,100.57,13.713,3605,1,1,0,0,0
LTE,520,4,4010,10012446,0,100.578,13.713,2787,1,1,0,0,0
UMTS,520,4,1605,137726213,0,100.582,13.713,3062,1,1,0,0,0
UMTS,520,15,13011,42611143,0,100.578,13.713,5453,1,1,0,0,0
UMTS,520,1,55010,4327319,0,100.583,13.713,2067,1,1,0,0,0
GSM,520,99,1605,33208,0,100.58,13.713,1000,1,1,0,0,0
UMTS,520,3,14782,9122209,0,100.572,13.713,1000,1,1,0,0,0
LTE,520,5,54006,79156931,0,100.57,13.713,1000,1,1,0,0,0
LTE,520,5,121,7763462,0,100.571,13.713,1000,1,1,0,0,0
LTE,520,5,54006,128778263,0,100.572,13.713,1000,1,1,0,0,0
LTE,520,4,4032,21355920,0,100.575,13.713,1000,1,1,0,0,0
LTE,520,3,847,156929644,0,100.571,13.713,1000,1,1,0,0,0
LTE,520,18,3101,64813313,0,100.576,13.713,1000,1,1,0,0,0
LTE,520,5,4010,16827171,0,100.575,13.713,1000,1,1,0,0,0
UMTS,520,5,847,156931173,0,100.57,13.713,1000,1,1,0,0,0
UMTS,520,18,14612,7353683,0,100.574,13.713,1000,1,1,0,0,0
UMTS,520,3,13015,42617151,0,100.571,13.713,1000,1,1,0,0,0
UMTS,520,15,13011,42619184,0,100.58,13.713,1000,1,1,0,0,0
LTE,520,1,864,157390182,0,100.577,13.713,1000,1,1,0,0,0
UMTS,520,0,18,7310072,0,100.57,13.713,1000,1,1,0,0,0
UMTS,520,3,13015,42617873,0,100.577,13.713,3948,1,1,0,0,0
LTE,520,5,44006,16827206,0,100.575,13.713,1000,1,1,0,0,0
LTE,520,4,4032,21355921,0,100.573,13.713,1000,1,1,0,0,0
LTE,520,3,847,156935019,0,100.574,13.713,1000,1,1,0,0,0
LTE,520,4,4032,20639127,0,100.575,13.713,1000,1,1,0,0,0
UMTS,520,0,1017,7324787,0,100.569,13.713,1000,1,1,0,0,0
UMTS,520,15,13011,42619438,0,100.583,13.713,1000,1,1,0,0,0
UMTS,520,0,18,7309942,0,100.573,13.713,1000,1,1,0,0,0
LTE,520,5,4010,16827172,0,100.572,13.713,1000,1,1,0,0,0
LTE,520,4,4010,5368606,0,100.569,13.713,1000,1,1,0,0,0
GSM,520,1,26040,1122,0,100.575,13.713,3370,1,1,0,0,0
UMTS,520,5,3103,23673942,0,100.578,13.713,5808,1,1,0,0,0
UMTS,520,15,20021,42122415,0,100.579,13.713,6651,1,1,0,0,0
GSM,520,99,16061,4016,0,100.583,13.713,1000,1,1,0,0,0
UMTS,520,15,5211,3387623,0,100.583,13.713,1000,1,1,0,0,0
LTE,520,3,847,156928623,0,100.571,13.713,1000,1,1,0,0,0
GSM,520,18,14612,12215,0,100.574,13.713,1000,1,1,0,0,0
UMTS,520,15,13011,42618212,0,100.576,13.713,1000,1,1,0,0,0
LTE,520,5,54006,128778262,0,100.575,13.713,1000,1,1,0,0,0
LTE,520,47,53021,49259696,0,100.582,13.713,1000,1,1,0,0,0
LTE,520,47,54006,76917535,0,100.583,13.713,1000,1,1,0,0,0
LTE,520,4,1010,11451168,0,100.578,13.713,1000,1,1,0,0,0
LTE,520,3,847,156928620,0,100.571,13.713,1000,1,1,0,0,0
UMTS,520,4,3015,43065050,0,100.568,13.713,10450,1,1,0,0,0
UMTS,520,5,121,6313218,0,100.578,13.713,1000,1,1,0,0,0
LTE,520,5,44006,15344958,0,100.572,13.713,1000,1,1,0,0,0
LTE,520,3,847,156929125,0,100.581,13.713,1000,1,1,0,0,0
GSM,520,1,26040,818,0,100.577,13.713,1000,1,1,0,0,0
UMTS,520,3,7025,42019169,0,100.569,13.713,1000,1,1,0,0,0
UMTS,520,18,48697,9109560,0,100.57,13.713,1000,1,1,0,0,0
UMTS,520,5,112,349713,0,100.571,13.713,1000,1,1,0,0,0
GSM,520,18,14612,53,0,100.571,13.713,1000,1,1,0,0,0
UMTS,520,18,48697,9123155,0,100.572,13.713,1000,1,1,0,0,0
UMTS,520,3,13015,42622350,0,100.572,13.713,1000,1,1,0,0,0
UMTS,520,3,7025,42046079,0,100.573,13.713,1000,1,1,0,0,0
GSM,520,1,16010,642,0,100.573,13.713,1000,1,1,0,0,0
UMTS,520,0,1012,7324767,0,100.573,13.713,1000,1,1,0,0,0
UMTS,520,0,18,137729982,0,100.573,13.713,1000,1,1,0,0,0
LTE,520,4,1010,10012416,0,100.573,13.713,1000,1,1,0,0,0
UMTS,520,0,18,7309941,0,100.573,13.713,1000,1,1,0,0,0
UMTS,520,0,1012,7335854,0,100.573,13.713,1000,1,1,0,0,0
GSM,520,5,112,58312,0,100.574,13.713,1000,1,1,0,0,0
UMTS,520,0,18,7335854,0,100.575,13.713,1000,1,1,0,0,0
LTE,520,4,1010,3051777,0,100.575,13.713,1000,1,1,0,0,0
UMTS,520,5,112,1492738,0,100.575,13.713,1000,1,1,0,0,0
UMTS,520,3,13015,42618800,0,100.576,13.713,1000,1,1,0,0,0
UMTS,520,0,18,7336038,0,100.58,13.713,1000,1,1,0,0,0
UMTS,520,5,3051,23332698,0,100.581,13.713,1000,1,1,0,0,0
UMTS,520,0,18,7331250,0,100.581,13.713,1000,1,1,0,0,0
UMTS,520,5,3051,23343180,0,100.583,13.713,1000,1,1,0,0,0
LTE,520,3,847,157056873,0,100.583,13.713,1000,1,1,0,0,0
UMTS,520,18,14612,23336924,0,100.567,13.713,1000,1,1,0,0,0
UMTS,520,18,3051,23340821,0,100.568,13.713,1000,1,1,0,0,0
UMTS,520,18,48697,9109715,0,100.568,13.713,1000,1,1,0,0,0
UMTS,520,3,13015,42619469,0,100.568,13.713,1000,1,1,0,0,0
GSM,520,5,14002,162,0,100.57,13.713,1000,1,1,0,0,0
UMTS,520,3,20025,42603838,0,100.57,13.713,1000,1,1,0,0,0
UMTS,520,3,55090,42603841,0,100.57,13.713,1000,1,1,0,0,0
UMTS,520,5,3052,23343139,0,100.57,13.713,1000,1,1,0,0,0
UMTS,520,18,5177,7352247,0,100.57,13.713,1000,1,1,0,0,0
UMTS,520,18,14612,7354217,0,100.57,13.713,1000,1,1,0,0,0
UMTS,520,15,18,7331249,0,100.57,13.713,1000,1,1,0,0,0
LTE,520,4,1010,10012449,0,100.57,13.713,1000,1,1,0,0,0
UMTS,520,3,13015,42617926,0,100.57,13.713,1000,1,1,0,0,0
UMTS,520,0,1012,7320570,0,100.57,13.713,1000,1,1,0,0,0
UMTS,520,0,1017,7320570,0,100.57,13.713,1000,1,1,0,0,0
UMTS,520,4,1605,7313787,0,100.57,13.713,1000,1,1,0,0,0
UMTS,520,0,1012,137735020,0,100.57,13.713,1000,1,1,0,0,0
UMTS,520,3,20025,42603836,0,100.571,13.713,1000,1,1,0,0,0
UMTS,520,3,55090,42617161,0,100.571,13.713,1000,1,1,0,0,0
UMTS,520,3,55090,42617141,0,100.571,13.713,1000,1,1,0,0,0
UMTS,520,5,3101,23336924,0,100.571,13.713,1000,1,1,0,0,0
UMTS,520,5,3103,23336927,0,100.571,13.713,1000,1,1,0,0,0
UMTS,520,3,7025,42015822,0,100.571,13.713,1000,1,1,0,0,0
UMTS,520,3,7025,42015589,0,100.571,13.713,1000,1,1,0,0,0
UMTS,520,3,7025,42019168,0,100.571,13.713,1000,1,1,0,0,0
UMTS,520,3,15025,41691477,0,100.571,13.713,1000,1,1,0,0,0
UMTS,520,3,16025,41882981,0,100.571,13.713,1000,1,1,0,0,0
UMTS,520,3,13015,42603836,0,100.571,13.713,1000,1,1,0,0,0
UMTS,520,3,13015,42617141,0,100.571,13.713,1000,1,1,0,0,0
UMTS,520,5,3051,23673933,0,100.571,13.713,1000,1,1,0,0,0
UMTS,520,18,5177,7353683,0,100.571,13.713,1000,1,1,0,0,0
UMTS,520,18,5177,7340088,0,100.571,13.713,1000,1,1,0,0,0
UMTS,520,18,14612,7340085,0,100.571,13.713,1000,1,1,0,0,0
UMTS,520,0,18,9996514,0,100.571,13.713,1000,1,1,0,0,0
UMTS,520,4,1605,7332560,0,100.571,13.713,1000,1,1,0,0,0
UMTS,520,3,20025,42603908,0,100.572,13.713,1000,1,1,0,0,0
UMTS,520,3,55090,42617151,0,100.572,13.713,1000,1,1,0,0,0
UMTS,520,4,1605,7313767,0,100.572,13.713,1000,1,1,0,0,0
UMTS,520,18,14717,7352791,0,100.572,13.713,1000,1,1,0,0,0
UMTS,520,18,14717,7352789,0,100.572,13.713,1000,1,1,0,0,0
UMTS,520,5,3103,23664157,0,100.572,13.713,1000,1,1,0,0,0
UMTS,520,5,3102,23336927,0,100.572,13.713,1000,1,1,0,0,0
UMTS,520,3,7025,42015654,0,100.572,13.713,1000,1,1,0,0,0
UMTS,520,3,7025,42020949,0,100.572,13.713,1000,1,1,0,0,0
UMTS,520,3,7025,42020929,0,100.572,13.713,1000,1,1,0,0,0
UMTS,520,3,16025,41909567,0,100.572,13.713,1000,1,1,0,0,0
UMTS,520,3,16025,41909577,0,100.572,13.713,1000,1,1,0,0,0
UMTS,520,3,13015,42603839,0,100.572,13.713,1000,1,1,0,0,0
UMTS,520,3,13015,42618193,0,100.572,13.713,1000,1,1,0,0,0
UMTS,520,5,3051,7353683,0,100.572,13.713,1000,1,1,0,0,0
UMTS,520,5,3052,23343142,0,100.572,13.713,1000,1,1,0,0,0
UMTS,520,5,3051,23673936,0,100.572,13.713,1000,1,1,0,0,0
UMTS,520,18,14612,7876535,0,100.572,13.713,1000,1,1,0,0,0
UMTS,520,18,14612,7354215,0,100.572,13.713,1000,1,1,0,0,0
UMTS,520,18,14612,7877971,0,100.572,13.713,1000,1,1,0,0,0
UMTS,520,18,14612,7352789,0,100.572,13.713,1000,1,1,0,0,0
LTE,520,4,1010,3051808,0,100.572,13.713,1000,1,1,0,0,0
UMTS,520,0,1012,7313767,0,100.572,13.713,1000,1,1,0,0,0
UMTS,520,0,1012,7335857,0,100.572,13.713,1000,1,1,0,0,0
UMTS,520,0,1012,7331247,0,100.572,13.713,1000,1,1,0,0,0
UMTS,520,3,13015,42618262,0,100.572,13.713,1000,1,1,0,0,0
UMTS,520,0,1017,7324767,0,100.574,13.713,1000,1,1,0,0,0
UMTS,520,3,55090,42618213,0,100.574,13.713,1000,1,1,0,0,0
UMTS,520,3,55090,42618203,0,100.574,13.713,1000,1,1,0,0,0
UMTS,520,5,3101,7352247,0,100.574,13.713,1000,1,1,0,0,0
UMTS,520,5,3102,23664157,0,100.574,13.713,1000,1,1,0,0,0
UMTS,520,3,7025,42015348,0,100.574,13.713,1000,1,1,0,0,0
UMTS,520,3,16025,41882735,0,100.574,13.713,1000,1,1,0,0,0
UMTS,520,3,16025,41882732,0,100.574,13.713,1000,1,1,0,0,0
UMTS,520,3,16025,41892405,0,100.574,13.713,1000,1,1,0,0,0
UMTS,520,3,16025,41909587,0,100.574,13.713,1000,1,1,0,0,0
UMTS,520,3,13015,42603911,0,100.574,13.713,1000,1,1,0,0,0
UMTS,520,18,14612,23343139,0,100.574,13.713,1000,1,1,0,0,0
UMTS,520,5,18188,23932185,0,100.574,13.713,1000,1,1,0,0,0
UMTS,520,15,18,7331247,0,100.574,13.713,1000,1,1,0,0,0
GSM,520,5,14002,5833,0,100.574,13.713,1000,1,1,0,0,0
GSM,520,5,14239,1203,0,100.574,13.713,1000,1,1,0,0,0
UMTS,520,3,7025,42046069,0,100.574,13.713,1000,1,1,0,0,0
UMTS,520,0,18,7321581,0,100.574,13.713,1000,1,1,0,0,0
UMTS,520,3,13015,42618807,0,100.574,13.713,1000,1,1,0,0,0
UMTS,520,0,1012,7309941,0,100.574,13.713,1000,1,1,0,0,0
UMTS,520,0,1017,7326464,0,100.575,13.713,1000,1,1,0,0,0
UMTS,520,18,14717,7877971,0,100.575,13.713,1000,1,1,0,0,0
UMTS,520,18,14717,7876535,0,100.575,13.713,1000,1,1,0,0,0
UMTS,520,5,3101,23664154,0,100.575,13.713,1000,1,1,0,0,0
UMTS,520,3,7025,42020927,0,100.575,13.713,1000,1,1,0,0,0
UMTS,520,3,16025,41909566,0,100.575,13.713,1000,1,1,0,0,0
UMTS,520,3,16025,41909576,0,100.575,13.713,1000,1,1,0,0,0
UMTS,520,3,13015,42618192,0,100.575,13.713,1000,1,1,0,0,0
UMTS,520,3,13015,42618202,0,100.575,13.713,1000,1,1,0,0,0
UMTS,520,3,13015,42618198,0,100.575,13.713,1000,1,1,0,0,0
UMTS,520,18,14612,7352247,0,100.575,13.713,1000,1,1,0,0,0
GSM,520,23,10059,2030,0,100.575,13.713,1000,1,1,0,0,0
UMTS,520,0,18,7321580,0,100.575,13.713,1000,1,1,0,0,0
LTE,520,4,1010,3051807,0,100.575,13.713,1000,1,1,0,0,0
UMTS,520,3,55090,42618212,0,100.576,13.713,1000,1,1,0,0,0
UMTS,520,3,55090,42618202,0,100.576,13.713,1000,1,1,0,0,0
UMTS,520,5,3101,7353683,0,100.576,13.713,1000,1,1,0,0,0
UMTS,520,5,3103,23662321,0,100.576,13.713,1000,1,1,0,0,0
UMTS,520,5,3103,23662324,0,100.576,13.713,1000,1,1,0,0,0
LTE,520,5,112,8952577,0,100.576,13.713,1000,1,1,0,0,0
UMTS,520,3,7025,42020937,0,100.576,13.713,1000,1,1,0,0,0
UMTS,520,3,16025,41882731,0,100.576,13.713,1000,1,1,0,0,0
UMTS,520,3,16025,41909586,0,100.576,13.713,1000,1,1,0,0,0
UMTS,520,3,13015,42603910,0,100.576,13.713,1000,1,1,0,0,0
UMTS,520,3,13015,42603907,0,100.576,13.713,1000,1,1,0,0,0
UMTS,520,5,3053,23343139,0,100.576,13.713,1000,1,1,0,0,0
UMTS,520,18,14782,23673931,0,100.576,13.713,1000,1,1,0,0,0
LTE,520,4,4010,4157728,0,100.576,13.713,1000,1,1,0,0,0
UMTS,520,5,3051,23332695,0,100.579,13.713,1000,1,1,0,0,0
UMTS,520,3,55090,42618241,0,100.579,13.713,1000,1,1,0,0,0
UMTS,520,3,7025,42020698,0,100.579,13.713,1000,1,1,0,0,0
UMTS,520,3,16025,42134964,0,100.579,13.713,1000,1,1,0,0,0
UMTS,520,3,7025,42020697,0,100.581,13.713,1000,1,1,0,0,0
UMTS,520,18,14782,23660375,0,100.581,13.713,1000,1,1,0,0,0
UMTS,520,3,16025,41909635,0,100.581,13.713,1000,1,1,0,0,0
UMTS,520,3,13015,42618231,0,100.581,13.713,1000,1,1,0,0,0
UMTS,520,0,18,7321858,0,100.581,13.713,1000,1,1,0,0,0
UMTS,520,3,13015,42617351,0,100.581,13.713,1000,1,1,0,0,0
UMTS,520,3,55090,42617738,0,100.582,13.713,1000,1,1,0,0,0
UMTS,520,3,16025,41902622,0,100.582,13.713,1000,1,1,0,0,0
UMTS,520,18,3101,23660375,0,100.582,13.713,1000,1,1,0,0,0
UMTS,520,0,18,7326444,0,100.582,13.713,1000,1,1,0,0,0
UMTS,520,5,7436,23665073,0,100.582,13.713,1000,1,1,0,0,0
LTE,520,4,1004,10191647,0,100.582,13.713,1000,1,1,0,0,0
GSM,520,1,17010,631,0,100.583,13.713,1000,1,1,0,0,0
UMTS,520,5,112,1784579,0,100.583,13.713,1000,1,1,0,0,0
UMTS,520,3,55090,42617723,0,100.583,13.713,1000,1,1,0,0,0
UMTS,520,3,55090,42617722,0,100.583,13.713,1000,1,1,0,0,0
UMTS,520,5,3101,23662320,0,100.583,13.713,1000,1,1,0,0,0
UMTS,520,5,7436,23669470,0,100.583,13.713,1000,1,1,0,0,0
UMTS,520,15,18,7318638,0,100.583,13.713,1000,1,1,0,0,0
GSM,520,1,26040,819,0,100.571,13.713,1159,1,1,0,0,0
LTE,520,5,54006,79156933,0,100.569,13.713,1000,1,1,0,0,0
LTE,520,47,54006,79156933,0,100.57,13.713,1000,1,1,0,0,0
UMTS,520,15,13011,42618260,0,100.573,13.713,1000,1,1,0,0,0
LTE,520,5,3004,19118458,0,100.582,13.713,1000,1,1,0,0,0
LTE,520,3,847,156939130,0,100.583,13.713,1000,1,1,0,0,0
LTE,520,5,4010,25610609,0,100.583,13.713,1000,1,1,0,0,0
LTE,520,5,4010,25610607,0,100.583,13.713,1000,1,1,0,0,0
UMTS,520,15,13011,42619649,0,100.583,13.713,1000,1,1,0,0,0
LTE,520,3,847,156930709,0,100.583,13.713,1000,1,1,0,0,0
UMTS,520,99,1010,2030368,0,100.583,13.713,1000,1,1,0,0,0
UMTS,520,3,15025,41693028,0,100.577,13.713,1000,1,1,0,0,0
UMTS,520,3,13015,42622311,0,100.581,13.713,1000,1,1,0,0,0
GSM,520,1,5020,10001,0,100.571,13.713,1000,1,1,0,0,0
LTE,520,5,3101,64402947,0,100.572,13.713,1000,1,1,0,0,0
LTE,520,5,121,1492740,0,100.572,13.713,1000,1,1,0,0,0
LTE,520,3,847,156940952,0,100.574,13.713,1000,1,1,0,0,0
UMTS,520,4,1605,137729982,0,100.572,13.713,2379,1,1,0,0,0
LTE,520,18,112,6674178,0,100.571,13.713,1000,1,1,0,0,0
GSM,520,1,16010,570,0,100.575,13.713,1000,1,1,0,0,0
LTE,520,5,54032,18913554,0,100.572,13.713,1000,1,1,0,0,0
UMTS,520,15,13011,42619648,0,100.574,13.713,1660,1,1,0,0,0
UMTS,520,15,13011,42617945,0,100.581,13.713,1000,1,1,0,0,0
LTE,520,3,847,156930749,0,100.582,13.713,1000,1,1,0,0,0
LTE,520,5,3004,19118357,0,100.582,13.713,1000,1,1,0,0,0
UMTS,520,15,13011,42610025,0,100.583,13.713,1000,1,1,0,0,0
LTE,520,5,4010,25610496,0,100.583,13.713,1000,1,1,0,0,0
UMTS,520,3,13015,42619187,0,100.571,13.713,1000,1,1,0,0,0
LTE,520,15,1231,156930769,0,100.582,13.713,1000,1,1,0,0,0
LTE,520,5,44006,16827207,0,100.573,13.713,1000,1,1,0,0,0
UMTS,520,18,3101,23662321,0,100.574,13.713,1000,1,1,0,0,0
LTE,520,4,3101,23662321,0,100.577,13.713,1000,1,1,0,0,0
UMTS,520,3,13015,42617361,0,100.581,13.713,1000,1,1,0,0,0
UMTS,520,15,16021,41893707,0,100.579,13.713,1397,1,1,0,0,0
UMTS,520,15,13011,42622350,0,100.575,13.713,1000,1,1,0,0,0
UMTS,520,0,18,7320570,0,100.57,13.713,1000,1,1,0,0,0
UMTS,520,5,1229,2050790,0,100.581,13.713,1000,1,1,0,0,0
UMTS,520,3,13015,42618203,0,100.575,13.713,1000,1,1,0,0,0
LTE,520,3,847,156940933,0,100.574,13.713,1000,1,1,0,0,0
LTE,520,5,121,1784579,0,100.578,13.713,1325,1,1,0,0,0
GSM,520,99,1605,37588,0,100.575,13.713,1000,1,1,0,0,0
UMTS,520,15,13011,42617361,0,100.581,13.713,1000,1,1,0,0,0
LTE,520,4,1010,11451166,0,100.581,13.713,1000,1,1,0,0,0
LTE,520,15,1231,156929245,0,100.581,13.713,1000,1,1,0,0,0
UMTS,520,0,18,7315444,0,100.581,13.713,1000,1,1,0,0,0
UMTS,520,15,16021,41888327,0,100.58,13.713,6604,1,1,0,0,0
UMTS,520,15,13011,42619437,0,100.583,13.713,1000,1,1,0,0,0
LTE,520,4,1010,11451138,0,100.574,13.713,1000,1,1,0,0,0
UMTS,520,3,13015,42617161,0,100.572,13.713,1000,1,1,0,0,0
UMTS,520,3,13015,42618213,0,100.574,13.713,1683,1,1,0,0,0
LTE,520,5,54032,729603,0,100.574,13.713,1000,1,1,0,0,0
LTE,520,5,4010,4157697,0,100.581,13.713,1000,1,1,0,0,0
UMTS,520,5,3101,23683874,0,100.578,13.713,1000,1,1,0,0,0
UMTS,520,15,13011,42617153,0,100.569,13.713,1000,1,1,0,0,0
UMTS,520,18,5890,1390802,0,100.582,13.713,1000,1,1,0,0,0
UMTS,520,3,13015,42618221,0,100.583,13.713,1000,1,1,0,0,0
LTE,520,3,847,156930668,0,100.58,13.713,1000,1,1,0,0,0
UMTS,520,15,13011,42622311,0,100.58,13.713,1000,1,1,0,0,0
GSM,520,1,5020,10081,0,100.575,13.713,1000,1,1,0,0,0
GSM,520,99,1605,37591,0,100.572,13.713,1000,1,1,0,0,0
LTE,520,4,4032,39723671,0,100.568,13.713,1000,1,1,0,0,0
LTE,520,3,912,156940420,0,100.57,13.713,1000,1,1,0,0,0
UMTS,520,3,13015,42618241,0,100.58,13.713,1000,1,1,0,0,0
UMTS,520,3,13015,42617371,0,100.58,13.713,1000,1,1,0,0,0
LTE,520,5,4010,4157727,0,100.581,13.713,1000,1,1,0,0,0
LTE,520,3,864,157078376,0,100.581,13.713,1371,1,1,0,0,0
LTE,520,4,4010,5368609,0,100.575,13.713,1890,1,1,0,0,0
LTE,520,4,4010,11451136,0,100.58,13.713,1000,1,1,0,0,0
UMTS,520,3,7025,42019167,0,100.571,13.713,1000,1,1,0,0,0
GSM,520,18,14207,789,0,100.574,13.713,1000,1,1,0,0,0
UMTS,520,3,13015,42622321,0,100.58,13.713,1000,1,1,0,0,0
UMTS,520,15,13011,42623374,0,100.57,13.713,1000,1,1,0,0,0
LTE,520,47,54006,48187056,0,100.58,13.714,1000,1,1,0,0,0
UMTS,520,3,13015,42619348,0,100.571,13.714,1000,1,1,0,0,0
GSM,520,1,26040,1121,0,100.575,13.714,1000,1,1,0,0,0
LTE,520,4,1010,10022658,0,100.581,13.714,4194,1,1,0,0,0
UMTS,520,15,13011,42617428,0,100.568,13.714,5399,1,1,0,0,0
UMTS,520,5,3051,23335814,0,100.572,13.714,3383,1,1,0,0,0
LTE,520,3,847,156935024,0,100.571,13.714,2994,1,1,0,0,0
LTE,520,3,847,156935025,0,100.573,13.714,1000,1,1,0,0,0
LTE,520,5,121,1492738,0,100.574,13.714,1000,1,1,0,0,0
UMTS,520,15,13011,42617163,0,100.569,13.714,1000,1,1,0,0,0
UMTS,520,0,18,7315464,0,100.581,13.714,7334,1,1,0,0,0
LTE,520,4,4032,39723651,0,100.568,13.714,1000,1,1,0,0,0
LTE,520,4,4010,19113252,0,100.569,13.714,1000,1,1,0,0,0
UMTS,520,0,18,7331247,0,100.571,13.714,1000,1,1,0,0,0
UMTS,520,15,20021,42619190,0,100.569,13.714,1000,1,1,0,0,0
LTE,520,4,4010,5368576,0,100.568,13.714,1000,1,1,0,0,0
LTE,520,4,1010,10217217,0,100.567,13.714,1000,1,1,0,0,0
UMTS,520,18,14612,7340088,0,100.569,13.714,1000,1,1,0,0,0
UMTS,520,3,20025,42122594,0,100.57,13.714,1000,1,1,0,0,0
LTE,520,4,1010,10012419,0,100.57,13.714,1000,1,1,0,0,0
UMTS,520,3,7025,42027049,0,100.571,13.714,1000,1,1,0,0,0
GSM,520,99,16061,4043,0,100.572,13.714,1000,1,1,0,0,0
GSM,520,18,14002,1375,0,100.574,13.714,1000,1,1,0,0,0
UMTS,520,15,13011,42619254,0,100.574,13.714,6366,1,1,0,0,0
LTE,520,15,1231,156935901,0,100.58,13.714,1000,1,1,0,0,0
UMTS,520,15,13011,42617722,0,100.583,13.714,1713,1,1,0,0,0
UMTS,520,15,14782,9122209,0,100.575,13.714,1000,1,1,0,0,0
LTE,520,3,14002,2090,0,100.581,13.714,1000,1,1,0,0,0
UMTS,520,3,13011,42618203,0,100.575,13.714,1000,1,1,0,0,0
LTE,520,5,54006,79156913,0,100.567,13.714,1000,1,1,0,0,0
LTE,520,4,4032,51195010,0,100.568,13.714,1000,1,1,0,0,0
LTE,520,4,4010,10217246,0,100.571,13.714,5277,1,1,0,0,0
UMTS,520,18,5890,1394983,0,100.567,13.714,2169,1,1,0,0,0
LTE,520,18,3051,64487169,0,100.572,13.714,10111,1,1,0,0,0
LTE,520,18,3101,64300801,0,100.582,13.714,1902,1,1,0,0,0
LTE,520,4,4010,3051808,0,100.572,13.714,1000,1,1,0,0,0
UMTS,520,3,16025,41892970,0,100.58,13.714,1000,1,1,0,0,0
LTE,520,3,847,156935911,0,100.579,13.714,1000,1,1,0,0,0
LTE,520,3,847,156935793,0,100.578,13.714,1000,1,1,0,0,0
UMTS,520,3,45025,42979357,0,100.57,13.714,1000,1,1,0,0,0
GSM,520,99,16061,4032,0,100.575,13.714,1000,1,1,0,0,0
UMTS,520,15,13011,42618262,0,100.57,13.714,1000,1,1,0,0,0
LTE,520,4,20010,3051838,0,100.571,13.714,1000,1,1,0,0,0
UMTS,520,15,20021,43110610,0,100.567,13.714,1000,1,1,0,0,0
LTE,520,47,54006,76914957,0,100.579,13.714,1000,1,1,0,0,0
UMTS,520,3,13015,42619649,0,100.583,13.714,1005,1,1,0,0,0
UMTS,520,4,1605,137732084,0,100.581,13.714,1000,1,1,0,0,0
UMTS,520,3,13015,42618243,0,100.577,13.714,1000,1,1,0,0,0
UMTS,520,3,13015,42617886,0,100.568,13.714,5237,1,1,0,0,0
LTE,520,5,4010,4157698,0,100.579,13.714,1000,1,1,0,0,0
UMTS,520,3,13015,42618603,0,100.572,13.714,1000,1,1,0,0,0
UMTS,520,3,13015,42618889,0,100.583,13.714,1000,1,1,0,0,0
GSM,520,99,1622,33305,0,100.581,13.714,1000,1,1,0,0,0
UMTS,520,15,13011,42617151,0,100.568,13.714,2459,1,1,0,0,0
UMTS,520,15,16021,41891457,0,100.582,13.714,5455,1,1,0,0,0
GSM,520,99,1605,33356,0,100.581,13.714,6091,1,1,0,0,0
UMTS,520,5,3101,23664157,0,100.575,13.714,1000,1,1,0,0,0
LTE,520,4,4010,10012416,0,100.575,13.714,5490,1,1,0,0,0
LTE,520,3,847,156935783,0,100.578,13.714,1000,1,1,0,0,0
GSM,520,18,14239,1202,0,100.58,13.714,1000,1,1,0,0,0
UMTS,520,5,3051,23347559,0,100.572,13.714,2245,1,1,0,0,0
UMTS,520,18,3101,9109716,0,100.581,13.714,1000,1,1,0,0,0
LTE,520,3,847,156940646,0,100.574,13.714,1000,1,1,0,0,0
LTE,520,3,870,153868901,0,100.568,13.714,7159,1,1,0,0,0
LTE,520,3,847,156935803,0,100.578,13.714,5305,1,1,0,0,0
UMTS,520,3,13015,42617240,0,100.569,13.714,1000,1,1,0,0,0
LTE,520,5,4010,4157728,0,100.578,13.714,1000,1,1,0,0,0
UMTS,520,5,3051,23361181,0,100.569,13.714,1367,1,1,0,0,0
UMTS,520,18,14782,9128352,0,100.572,13.714,1000,1,1,0,0,0
LTE,520,3,847,156935781,0,100.578,13.714,2587,1,1,0,0,0
UMTS,520,3,13015,42619020,0,100.571,13.714,1000,1,1,0,0,0
UMTS,520,3,13015,42622984,0,100.571,13.714,1000,1,1,0,0,0
UMTS,520,3,13015,42617433,0,100.575,13.714,7422,1,1,0,0,0
LTE,520,4,4010,4157727,0,100.58,13.714,2423,1,1,0,0,0
GSM,520,1,16010,641,0,100.568,13.714,5210,1,1,0,0,0
UMTS,520,18,3004,10191647,0,100.581,13.714,1000,1,1,0,0,0
UMTS,520,18,65534,6674178,0,100.571,13.714,1000,1,1,0,0,0
UMTS,520,0,18,7318532,0,100.58,13.714,7094,1,1,0,0,0
LTE,520,4,20010,10217277,0,100.571,13.714,1000,1,1,0,0,0
UMTS,520,3,16025,41897435,0,100.567,13.714,1000,1,1,0,0,0
UMTS,520,3,16025,41897415,0,100.567,13.714,1000,1,1,0,0,0
UMTS,520,3,16025,41905366,0,100.567,13.714,1000,1,1,0,0,0
UMTS,520,3,13015,42617230,0,100.567,13.714,1000,1,1,0,0,0
UMTS,520,18,14612,7353502,0,100.567,13.714,1000,1,1,0,0,0
UMTS,520,5,14782,9121540,0,100.567,13.714,1000,1,1,0,0,0
UMTS,520,3,7025,42120918,0,100.567,13.714,1000,1,1,0,0,0
UMTS,520,5,60171,23341971,0,100.567,13.714,1000,1,1,0,0,0
UMTS,520,3,20025,42122614,0,100.57,13.714,1000,1,1,0,0,0
UMTS,520,3,16025,41888817,0,100.571,13.714,1000,1,1,0,0,0
UMTS,520,3,13015,42618583,0,100.572,13.714,1000,1,1,0,0,0
UMTS,520,18,14612,7354152,0,100.572,13.714,1000,1,1,0,0,0
UMTS,520,3,7025,42027048,0,100.574,13.714,1000,1,1,0,0,0
UMTS,520,3,13015,42618208,0,100.574,13.714,1000,1,1,0,0,0
UMTS,520,4,1622,137729981,0,100.575,13.714,1000,1,1,0,0,0
UMTS,520,3,55090,42618243,0,100.576,13.714,1000,1,1,0,0,0
UMTS,520,5,3101,9127005,0,100.576,13.714,1000,1,1,0,0,0
UMTS,520,3,7025,42035029,0,100.576,13.714,1000,1,1,0,0,0
UMTS,520,3,7025,42035049,0,100.576,13.714,1000,1,1,0,0,0
UMTS,520,3,15025,41693029,0,100.576,13.714,1000,1,1,0,0,0
UMTS,520,3,16025,41909642,0,100.576,13.714,1000,1,1,0,0,0
UMTS,520,3,13015,42618228,0,100.576,13.714,1000,1,1,0,0,0
UMTS,520,3,13015,42618238,0,100.576,13.714,1000,1,1,0,0,0
UMTS,520,18,14612,7352736,0,100.576,13.714,1000,1,1,0,0,0
UMTS,520,18,14612,7353681,0,100.576,13.714,1000,1,1,0,0,0
UMTS,520,3,7025,42122613,0,100.576,13.714,1000,1,1,0,0,0
UMTS,520,1,864,157315941,0,100.576,13.714,1000,1,1,0,0,0
UMTS,520,3,55090,42618248,0,100.578,13.714,1000,1,1,0,0,0
UMTS,520,3,55090,42618238,0,100.578,13.714,1000,1,1,0,0,0
UMTS,520,3,7025,42020704,0,100.578,13.714,1000,1,1,0,0,0
UMTS,520,18,14782,9127006,0,100.578,13.714,1000,1,1,0,0,0
LTE,520,4,1010,11451139,0,100.578,13.714,1000,1,1,0,0,0
UMTS,520,5,3051,23334639,0,100.578,13.714,1000,1,1,0,0,0
UMTS,520,0,18,7313653,0,100.578,13.714,1000,1,1,0,0,0
UMTS,520,3,55090,42618231,0,100.579,13.714,1000,1,1,0,0,0
UMTS,520,3,7025,42020687,0,100.579,13.714,1000,1,1,0,0,0
UMTS,520,0,18,7324653,0,100.579,13.714,1000,1,1,0,0,0
UMTS,520,5,3101,23687202,0,100.579,13.714,1000,1,1,0,0,0
UMTS,520,3,7025,42035359,0,100.581,13.714,1000,1,1,0,0,0
UMTS,520,3,16025,41908885,0,100.581,13.714,1000,1,1,0,0,0
UMTS,520,18,14612,7352242,0,100.581,13.714,1000,1,1,0,0,0
UMTS,520,0,18,7336037,0,100.581,13.714,1000,1,1,0,0,0
UMTS,520,3,7025,42025044,0,100.582,13.714,1000,1,1,0,0,0
UMTS,520,18,14602,6828029,0,100.582,13.714,1000,1,1,0,0,0
LTE,520,4,3004,10191617,0,100.582,13.714,1000,1,1,0,0,0
UMTS,520,99,2003,16000256,0,100.582,13.714,1000,1,1,0,0,0
UMTS,520,4,1605,137730293,0,100.583,13.714,1000,1,1,0,0,0
UMTS,520,3,20025,42122604,0,100.569,13.714,1000,1,1,0,0,0
UMTS,520,3,7025,42027059,0,100.57,13.714,1000,1,1,0,0,0
LTE,520,4,1010,10217247,0,100.57,13.714,1000,1,1,0,0,0
UMTS,520,3,7025,42027069,0,100.57,13.714,1000,1,1,0,0,0
UMTS,520,3,13015,42618223,0,100.576,13.714,1000,1,1,0,0,0
GSM,520,99,16061,3915,0,100.577,13.714,1000,1,1,0,0,0
UMTS,520,5,3051,23336477,0,100.577,13.714,1000,1,1,0,0,0
UMTS,520,5,3051,23334642,0,100.577,13.714,1000,1,1,0,0,0
UMTS,520,0,18,7318638,0,100.581,13.714,1000,1,1,0,0,0
LTE,520,3,847,156930683,0,100.571,13.714,10837,1,1,0,0,0
UMTS,520,18,4010,11451138,0,100.574,13.714,1000,1,1,0,0,0
LTE,520,47,54006,48187077,0,100.578,13.714,1000,1,1,0,0,0
UMTS,520,4,1605,137725954,0,100.579,13.714,7402,1,1,0,0,0
LTE,520,3,847,156935023,0,100.576,13.714,1000,1,1,0,0,0
UMTS,520,18,14782,9112106,0,100.576,13.714,1000,1,1,0,0,0
UMTS,520,3,13011,42618593,0,100.572,13.714,1000,1,1,0,0,0
LTE,520,18,3101,64424195,0,100.581,13.714,2487,1,1,0,0,0
UMTS,520,15,5211,3389582,0,100.576,13.714,2856,1,1,0,0,0
LTE,520,3,847,156935013,0,100.577,13.714,5329,1,1,0,0,0
LTE,520,47,54006,48187057,0,100.578,13.715,1000,1,1,0,0,0
LTE,520,3,847,156935808,0,100.578,13.715,1000,1,1,0,0,0
LTE,520,5,4010,11451169,0,100.578,13.715,1000,1,1,0,0,0
UMTS,520,3,13015,42618593,0,100.571,13.715,1000,1,1,0,0,0
UMTS,520,15,13011,42113732,0,100.568,13.715,1000,1,1,0,0,0
UMTS,520,1,26040,761,0,100.571,13.715,1000,1,1,0,0,0
LTE,520,3,847,156935788,0,100.578,13.715,1000,1,1,0,0,0
UMTS,520,15,13011,42619020,0,100.57,13.715,1000,1,1,0,0,0
LTE,520,15,1231,156935908,0,100.578,13.715,1000,1,1,0,0,0
LTE,520,3,847,156939110,0,100.582,13.715,2874,1,1,0,0,0
UMTS,520,15,13011,42618603,0,100.57,13.715,1000,1,1,0,0,0
UMTS,520,3,13015,42622348,0,100.577,13.715,1000,1,1,0,0,0
UMTS,520,5,3101,23685166,0,100.573,13.715,1000,1,1,0,0,0
LTE,520,4,3019,4395777,0,100.574,13.715,6471,1,1,0,0,0
UMTS,520,18,4010,4157726,0,100.581,13.715,1000,1,1,0,0,0
UMTS,520,18,14782,9109714,0,100.572,13.715,1000,1,1,0,0,0
LTE,520,3,960,154369913,0,100.571,13.715,7765,1,1,0,0,0
GSM,520,18,14003,767,0,100.569,13.715,6554,1,1,0,0,0
LTE,520,3,847,156940656,0,100.572,13.715,1000,1,1,0,0,0
LTE,520,4,4010,3051806,0,100.574,13.715,1166,1,1,0,0,0
LTE,520,3,847,156940666,0,100.576,13.715,1000,1,1,0,0,0
LTE,520,3,847,156935035,0,100.571,13.715,7180,1,1,0,0,0
LTE,520,5,4010,11051520,0,100.577,13.715,1000,1,1,0,0,0
UMTS,520,0,18,7321859,0,100.576,13.715,1000,1,1,0,0,0
UMTS,520,5,3101,23664158,0,100.574,13.715,1000,1,1,0,0,0
UMTS,520,15,13011,42618231,0,100.58,13.715,1000,1,1,0,0,0
LTE,520,4,4010,3051776,0,100.573,13.715,1000,1,1,0,0,0
UMTS,520,18,3051,23352709,0,100.577,13.715,1000,1,1,0,0,0
UMTS,520,5,3051,23340823,0,100.568,13.715,1000,1,1,0,0,0
UMTS,520,0,18,7392084,0,100.583,13.715,1714,1,1,0,0,0
UMTS,520,15,13011,42622984,0,100.569,13.715,1259,1,1,0,0,0
GSM,520,1,50040,635,0,100.58,13.715,1000,1,1,0,0,0
UMTS,520,18,14782,9128351,0,100.573,13.715,1000,1,1,0,0,0
UMTS,520,3,13015,42618248,0,100.577,13.715,1000,1,1,0,0,0
UMTS,520,15,13011,42618840,0,100.577,13.715,1000,1,1,0,0,0
UMTS,520,3,13015,42622982,0,100.576,13.715,1000,1,1,0,0,0
UMTS,520,4,1605,137732094,0,100.576,13.715,6889,1,1,0,0,0
UMTS,520,3,13015,42618352,0,100.583,13.715,1000,1,1,0,0,0
GSM,520,18,14210,295,0,100.57,13.715,1000,1,1,0,0,0
UMTS,520,5,3051,23336474,0,100.576,13.715,1000,1,1,0,0,0
UMTS,520,0,18,7332228,0,100.581,13.715,1000,1,1,0,0,0
GSM,520,99,1605,33314,0,100.568,13.715,1000,1,1,0,0,0
LTE,520,3,847,156932474,0,100.568,13.715,1000,1,1,0,0,0
UMTS,520,5,3051,23340826,0,100.583,13.715,9770,1,1,0,0,0
LTE,520,3,847,156935913,0,100.577,13.715,1000,1,1,0,0,0
LTE,520,3,847,156929145,0,100.583,13.715,1000,1,1,0,0,0
UMTS,520,15,13011,42618591,0,100.576,13.715,1000,1,1,0,0,0
LTE,520,4,1010,3051837,0,100.576,13.715,1000,1,1,0,0,0
GSM,520,18,14239,10229,0,100.58,13.715,1000,1,1,0,0,0
UMTS,520,5,3101,23662319,0,100.58,13.715,1000,1,1,0,0,0
UMTS,520,3,7025,42046088,0,100.579,13.715,1000,1,1,0,0,0
UMTS,520,4,1605,137728480,0,100.581,13.715,2656,1,1,0,0,0
UMTS,520,18,14782,9111557,0,100.582,13.715,1000,1,1,0,0,0
UMTS,520,15,13015,42618362,0,100.582,13.715,1000,1,1,0,0,0
UMTS,520,4,26040,1122,0,100.576,13.715,1000,1,1,0,0,0
UMTS,520,15,13011,42618890,0,100.58,13.715,1000,1,1,0,0,0
GSM,520,99,16061,4033,0,100.568,13.715,1000,1,1,0,0,0
LTE,520,4,1010,3051778,0,100.572,13.715,1000,1,1,0,0,0
UMTS,520,0,18,7307623,0,100.578,13.715,1000,1,1,0,0,0
UMTS,520,0,18,7331288,0,100.58,13.715,1000,1,1,0,0,0
UMTS,520,0,18,7324729,0,100.575,13.715,8426,1,1,0,0,0
UMTS,520,15,13011,42621230,0,100.569,13.715,6491,1,1,0,0,0
LTE,520,47,53021,76935107,0,100.577,13.715,1000,1,1,0,0,0
LTE,520,18,3051,64680451,0,100.567,13.715,1000,1,1,0,0,0
LTE,520,4,4010,182048,0,100.568,13.715,1000,1,1,0,0,0
UMTS,520,5,3101,23669465,0,100.582,13.715,3465,1,1,0,0,0
UMTS,520,5,3101,23660378,0,100.579,13.715,5167,1,1,0,0,0
GSM,520,99,1605,34210,0,100.571,13.715,1000,1,1,0,0,0
GSM,520,99,1605,33313,0,100.571,13.715,1000,1,1,0,0,0
UMTS,520,15,13011,42622985,0,100.576,13.715,1000,1,1,0,0,0
UMTS,520,3,13015,42618201,0,100.576,13.715,1000,1,1,0,0,0
UMTS,520,18,14782,9116578,0,100.573,13.715,1000,1,1,0,0,0
GSM,520,99,1622,33003,0,100.574,13.715,1000,1,1,0,0,0
UMTS,520,15,13011,42622398,0,100.575,13.715,1090,1,1,0,0,0
LTE,520,5,4010,11051550,0,100.576,13.715,1000,1,1,0,0,0
UMTS,520,15,13011,42608724,0,100.576,13.715,1000,1,1,0,0,0
LTE,520,3,847,156935143,0,100.576,13.715,1000,1,1,0,0,0
UMTS,520,4,1605,137730359,0,100.568,13.715,1000,1,1,0,0,0
UMTS,520,15,13011,42618201,0,100.576,13.715,1000,1,1,0,0,0
LTE,520,5,14239,1020,0,100.581,13.715,1000,1,1,0,0,0
UMTS,520,15,13011,42618593,0,100.571,13.715,1000,1,1,0,0,0
LTE,520,3,847,156939111,0,100.58,13.715,1128,1,1,0,0,0
LTE,520,4,1010,3051776,0,100.574,13.715,1000,1,1,0,0,0
UMTS,520,3,7025,42046068,0,100.579,13.715,1000,1,1,0,0,0
UMTS,520,3,13015,42619019,0,100.575,13.715,1000,1,1,0,0,0
UMTS,520,15,13011,42618208,0,100.574,13.715,1000,1,1,0,0,0
UMTS,520,15,13011,42618592,0,100.574,13.715,1000,1,1,0,0,0
UMTS,520,5,3101,23670860,0,100.578,13.715,3806,1,1,0,0,0
UMTS,520,3,13015,42618602,0,100.574,13.715,1000,1,1,0,0,0
LTE,520,15,1231,156935133,0,100.576,13.715,1000,1,1,0,0,0
UMTS,520,15,13011,42618211,0,100.576,13.715,1000,1,1,0,0,0
LTE,520,47,54006,128776972,0,100.576,13.715,1000,1,1,0,0,0
UMTS,520,3,13015,42618211,0,100.576,13.715,1000,1,1,0,0,0
LTE,520,3,847,156935033,0,100.577,13.715,1192,1,1,0,0,0
LTE,520,18,3101,64402946,0,100.575,13.715,1000,1,1,0,0,0
UMTS,520,1,3101,23670855,0,100.581,13.715,1000,1,1,0,0,0
UMTS,520,15,13011,42619019,0,100.575,13.715,1000,1,1,0,0,0
UMTS,520,5,3101,23687201,0,100.577,13.715,1000,1,1,0,0,0
UMTS,520,18,14782,9111554,0,100.58,13.715,1000,1,1,0,0,0
LTE,520,3,847,156940667,0,100.574,13.715,1261,1,1,0,0,0
UMTS,520,4,1605,137730407,0,100.571,13.715,8256,1,1,0,0,0
UMTS,520,4,18,7315842,0,100.579,13.715,6628,1,1,0,0,0
LTE,520,3,379,9918023,0,100.581,13.715,1000,1,1,0,0,0
UMTS,520,5,3053,23354235,0,100.573,13.715,9595,1,1,0,0,0
LTE,520,18,3051,62268161,0,100.574,13.715,1901,1,1,0,0,0
LTE,520,3,847,157063014,0,100.575,13.715,1987,1,1,0,0,0
UMTS,520,4,1605,137732104,0,100.577,13.715,3371,1,1,0,0,0
UMTS,520,15,13011,42619018,0,100.575,13.716,1000,1,1,0,0,0
UMTS,520,15,13011,42618799,0,100.575,13.716,1000,1,1,0,0,0
LTE,520,47,54006,76856853,0,100.575,13.716,1000,1,1,0,0,0
LTE,520,3,847,156950394,0,100.575,13.716,1000,1,1,0,0,0
UMTS,520,1,3101,23660375,0,100.58,13.716,1000,1,1,0,0,0
LTE,520,3,847,156939883,0,100.575,13.716,1000,1,1,0,0,0
UMTS,520,15,13011,42622400,0,100.577,13.716,1000,1,1,0,0,0
LTE,520,3,847,156932454,0,100.57,13.716,1348,1,1,0,0,0
UMTS,520,4,1605,137727877,0,100.575,13.716,1000,1,1,0,0,0
UMTS,520,1,20010,3051836,0,100.572,13.716,1000,1,1,0,0,0
LTE,520,3,847,156950374,0,100.575,13.716,1000,1,1,0,0,0
LTE,520,18,3051,64680450,0,100.573,13.716,7315,1,1,0,0,0
UMTS,520,4,1605,137730157,0,100.576,13.716,1000,1,1,0,0,0
LTE,520,4,4010,10217217,0,100.569,13.716,1000,1,1,0,0,0
UMTS,520,3,13015,42609884,0,100.575,13.716,1000,1,1,0,0,0
LTE,520,47,54006,128776973,0,100.575,13.716,1000,1,1,0,0,0
LTE,520,4,4010,10012419,0,100.568,13.716,7821,1,1,0,0,0
UMTS,520,1,4010,3051806,0,100.573,13.716,1000,1,1,0,0,0
UMTS,520,15,13011,42622348,0,100.576,13.716,1000,1,1,0,0,0
LTE,520,3,847,156935020,0,100.575,13.716,1000,1,1,0,0,0
UMTS,520,4,1622,137730303,0,100.579,13.716,1000,1,1,0,0,0
UMTS,520,15,13011,42617371,0,100.578,13.716,1000,1,1,0,0,0
UMTS,520,3,13011,42618890,0,100.58,13.716,1000,1,1,0,0,0
UMTS,520,1,3101,23670858,0,100.58,13.716,1000,1,1,0,0,0
LTE,520,3,847,156950504,0,100.575,13.716,1000,1,1,0,0,0
LTE,520,3,847,156940008,0,100.575,13.716,1000,1,1,0,0,0
UMTS,520,15,13011,42609887,0,100.575,13.716,1000,1,1,0,0,0
UMTS,520,4,1605,137729981,0,100.572,13.716,1000,1,1,0,0,0
LTE,520,3,912,156930918,0,100.567,13.716,3475,1,1,0,0,0
UMTS,520,3,20025,42122618,0,100.57,13.716,1000,1,1,0,0,0
GSM,520,99,1605,33760,0,100.573,13.716,1000,1,1,0,0,0
UMTS,520,5,3051,23336473,0,100.575,13.716,1000,1,1,0,0,0
LTE,520,4,1004,9986817,0,100.576,13.716,1000,1,1,0,0,0
UMTS,520,0,18,7336039,0,100.576,13.716,1000,1,1,0,0,0
GSM,520,99,1622,33002,0,100.577,13.716,1000,1,1,0,0,0
UMTS,520,3,7025,42020699,0,100.578,13.716,1000,1,1,0,0,0
LTE,520,4,1004,10191648,0,100.58,13.716,1000,1,1,0,0,0
UMTS,520,3,20025,42120924,0,100.567,13.716,1000,1,1,0,0,0
UMTS,520,3,20025,42122599,0,100.568,13.716,1000,1,1,0,0,0
UMTS,520,3,20025,42617873,0,100.568,13.716,1000,1,1,0,0,0
UMTS,520,0,18,7313719,0,100.568,13.716,1000,1,1,0,0,0
UMTS,520,3,20025,42132705,0,100.57,13.716,1000,1,1,0,0,0
LTE,520,5,112,6674179,0,100.57,13.716,1000,1,1,0,0,0
UMTS,520,3,16025,41889935,0,100.57,13.716,1000,1,1,0,0,0
UMTS,520,3,16025,41907416,0,100.57,13.716,1000,1,1,0,0,0
UMTS,520,3,13015,42617887,0,100.57,13.716,1000,1,1,0,0,0
GSM,520,18,14002,2356,0,100.572,13.716,1000,1,1,0,0,0
UMTS,520,3,55090,42618601,0,100.574,13.716,1000,1,1,0,0,0
UMTS,520,3,55090,42618591,0,100.574,13.716,1000,1,1,0,0,0
UMTS,520,3,7025,42027064,0,100.574,13.716,1000,1,1,0,0,0
UMTS,520,3,7025,42027067,0,100.574,13.716,1000,1,1,0,0,0
UMTS,520,3,7025,42027054,0,100.574,13.716,1000,1,1,0,0,0
UMTS,520,3,15025,41699354,0,100.574,13.716,1000,1,1,0,0,0
UMTS,520,3,16025,41888812,0,100.574,13.716,1000,1,1,0,0,0
UMTS,520,3,13015,42603963,0,100.574,13.716,1000,1,1,0,0,0
UMTS,520,3,13015,42618591,0,100.574,13.716,1000,1,1,0,0,0
UMTS,520,18,14612,7343093,0,100.574,13.716,1000,1,1,0,0,0
UMTS,520,0,18,7310249,0,100.574,13.716,1000,1,1,0,0,0
UMTS,520,0,18,7331169,0,100.574,13.716,1000,1,1,0,0,0
UMTS,520,0,18,7309940,0,100.574,13.716,1000,1,1,0,0,0
UMTS,520,0,18,7321579,0,100.574,13.716,1000,1,1,0,0,0
UMTS,520,3,55090,42618211,0,100.575,13.716,1000,1,1,0,0,0
LTE,520,5,121,1492737,0,100.575,13.716,1000,1,1,0,0,0
UMTS,520,3,7025,42027057,0,100.575,13.716,1000,1,1,0,0,0
UMTS,520,3,7025,42027047,0,100.575,13.716,1000,1,1,0,0,0
UMTS,520,3,15025,41693019,0,100.575,13.716,1000,1,1,0,0,0
UMTS,520,3,15025,41699357,0,100.575,13.716,1000,1,1,0,0,0
UMTS,520,3,16025,41887986,0,100.575,13.716,1000,1,1,0,0,0
UMTS,520,3,16025,41909575,0,100.575,13.716,1000,1,1,0,0,0
UMTS,520,3,16025,41909661,0,100.575,13.716,1000,1,1,0,0,0
UMTS,520,3,13015,42114858,0,100.575,13.716,1000,1,1,0,0,0
UMTS,520,3,13015,42618581,0,100.575,13.716,1000,1,1,0,0,0
UMTS,520,3,13015,42618191,0,100.575,13.716,1000,1,1,0,0,0
UMTS,520,5,3051,23336476,0,100.575,13.716,1000,1,1,0,0,0
UMTS,520,5,14782,9123623,0,100.575,13.716,1000,1,1,0,0,0
UMTS,520,3,55090,42618201,0,100.576,13.716,1000,1,1,0,0,0
UMTS,520,5,3101,9121714,0,100.576,13.716,1000,1,1,0,0,0
UMTS,520,3,7025,42039308,0,100.576,13.716,1000,1,1,0,0,0
UMTS,520,3,16025,41909565,0,100.576,13.716,1000,1,1,0,0,0
UMTS,520,3,13015,42618482,0,100.576,13.716,1000,1,1,0,0,0
LTE,520,4,1004,9986847,0,100.576,13.716,1000,1,1,0,0,0
UMTS,520,4,1622,7320237,0,100.578,13.716,1000,1,1,0,0,0
UMTS,520,4,1622,137732104,0,100.578,13.716,1000,1,1,0,0,0
UMTS,520,4,1605,137730303,0,100.578,13.716,1000,1,1,0,0,0
UMTS,520,0,18,7313548,0,100.578,13.716,1000,1,1,0,0,0
UMTS,520,0,18,7324548,0,100.578,13.716,1000,1,1,0,0,0
UMTS,520,0,18,7320237,0,100.578,13.716,1000,1,1,0,0,0
LTE,520,4,1004,10191618,0,100.579,13.716,1000,1,1,0,0,0
UMTS,520,15,18,7313643,0,100.583,13.716,1000,1,1,0,0,0
UMTS,520,15,18,7331287,0,100.583,13.716,1000,1,1,0,0,0
UMTS,520,15,18,7331288,0,100.583,13.716,1000,1,1,0,0,0
UMTS,520,5,3101,23670855,0,100.581,13.716,1000,1,1,0,0,0
UMTS,520,3,2015,43042039,0,100.572,13.716,6803,1,1,0,0,0
UMTS,520,15,13011,42622983,0,100.574,13.716,1000,1,1,0,0,0
UMTS,520,5,3101,23660375,0,100.58,13.716,2125,1,1,0,0,0
UMTS,520,5,3051,23340822,0,100.571,13.716,2087,1,1,0,0,0
UMTS,520,15,13011,42622982,0,100.577,13.716,1778,1,1,0,0,0
LTE,520,3,847,156940657,0,100.573,13.716,1000,1,1,0,0,0
UMTS,520,1,3101,23669470,0,100.58,13.716,1000,1,1,0,0,0
GSM,520,1,26040,817,0,100.573,13.716,1000,1,1,0,0,0
LTE,520,5,4010,11051552,0,100.575,13.716,1000,1,1,0,0,0
LTE,520,3,847,156940775,0,100.575,13.716,1000,1,1,0,0,0
LTE,520,3,864,157186949,0,100.577,13.716,2799,1,1,0,0,0
UMTS,520,18,3101,23670858,0,100.58,13.716,1000,1,1,0,0,0
GSM,520,1,24040,787,0,100.582,13.716,1000,1,1,0,0,0
UMTS,520,1,3101,23662319,0,100.58,13.716,1000,1,1,0,0,0
UMTS,520,15,16021,41890855,0,100.578,13.716,2002,1,1,0,0,0
UMTS,520,3,13015,42620517,0,100.573,13.716,1000,1,1,0,0,0
UMTS,520,1,14782,9111554,0,100.58,13.716,1000,1,1,0,0,0
LTE,520,4,4010,10217247,0,100.569,13.716,1647,1,1,0,0,0
LTE,520,4,4010,4157726,0,100.58,13.716,1503,1,1,0,0,0
LTE,520,3,847,156950373,0,100.575,13.716,1000,1,1,0,0,0
UMTS,520,3,13015,42619602,0,100.574,13.716,1000,1,1,0,0,0
UMTS,520,3,13015,42618218,0,100.579,13.716,1000,1,1,0,0,0
UMTS,520,1,14782,23660378,0,100.58,13.716,1000,1,1,0,0,0
LTE,520,18,3051,64277762,0,100.57,13.716,8589,1,1,0,0,0
UMTS,520,15,13011,42620311,0,100.571,13.716,1000,1,1,0,0,0
UMTS,520,18,14782,9121714,0,100.58,13.716,1000,1,1,0,0,0
GSM,520,1,26040,1150,0,100.577,13.716,1000,1,1,0,0,0
UMTS,520,15,13011,42618975,0,100.577,13.716,1000,1,1,0,0,0
LTE,520,5,121,6313217,0,100.58,13.716,1000,1,1,0,0,0
UMTS,520,18,14782,9122208,0,100.576,13.716,1166,1,1,0,0,0
GSM,520,99,1605,33316,0,100.569,13.716,1000,1,1,0,0,0
UMTS,520,1,3101,23669465,0,100.58,13.716,1000,1,1,0,0,0
UMTS,520,18,14782,9109713,0,100.568,13.716,3684,1,1,0,0,0
UMTS,520,3,13015,42618601,0,100.573,13.716,1611,1,1,0,0,0
UMTS,520,3,13015,42617882,0,100.57,13.716,1000,1,1,0,0,0
UMTS,520,1,912,156933498,0,100.574,13.716,1000,1,1,0,0,0
UMTS,520,5,3101,23670858,0,100.581,13.716,1000,1,1,0,0,0
LTE,520,4,3004,4157726,0,100.58,13.716,1000,1,1,0,0,0
UMTS,520,4,1605,137728478,0,100.58,13.716,1000,1,1,0,0,0
UMTS,520,15,13011,42620314,0,100.57,13.716,1000,1,1,0,0,0
LTE,520,3,1605,33085,0,100.583,13.716,1000,1,1,0,0,0
UMTS,520,3,13015,42609885,0,100.574,13.716,1000,1,1,0,0,0
LTE,520,3,847,156950503,0,100.574,13.716,1000,1,1,0,0,0
LTE,520,4,4010,10217216,0,100.575,13.716,1499,1,1,0,0,0
UMTS,520,1,26040,1145,0,100.57,13.716,1880,1,1,0,0,0
LTE,520,15,1231,156940765,0,100.574,13.716,1000,1,1,0,0,0
UMTS,520,3,13015,42618212,0,100.579,13.716,3592,1,1,0,0,0
UMTS,520,3,13015,42610174,0,100.573,13.716,1000,1,1,0,0,0
UMTS,520,15,13011,42620707,0,100.576,13.716,2116,1,1,0,0,0
LTE,520,4,5010,3172128,0,100.569,13.716,9655,1,1,0,0,0
LTE,520,5,1010,10821153,0,100.598,13.71,1000,1,1,0,0,0
UMTS,520,15,13011,42614226,0,100.599,13.71,1000,1,1,0,0,0
UMTS,520,3,13011,42621499,0,100.594,13.71,1000,1,1,0,0,0
GSM,520,99,669,12959,0,100.588,13.71,1000,1,1,0,0,0
UMTS,520,15,13011,42620705,0,100.595,13.71,5891,1,1,0,0,0
UMTS,520,18,847,164352123,0,100.585,13.71,1000,1,1,0,0,0
LTE,520,3,847,164361061,0,100.592,13.71,1596,1,1,0,0,0
LTE,520,3,847,156943207,0,100.584,13.71,1662,1,1,0,0,0
UMTS,520,3,13015,42618422,0,100.594,13.71,1000,1,1,0,0,0
UMTS,520,15,13011,42620277,0,100.6,13.71,6614,1,1,0,0,0
UMTS,520,3,3101,23659051,0,100.599,13.71,1000,1,1,0,0,0
LTE,520,5,121,5379,0,100.595,13.71,1000,1,1,0,0,0
LTE,520,4,1010,343327,0,100.596,13.71,6329,1,1,0,0,0
LTE,520,3,864,156928869,0,100.594,13.71,7574,1,1,0,0,0
UMTS,520,5,1605,137703969,0,100.598,13.71,1000,1,1,0,0,0
LTE,520,4,1032,20372866,0,100.598,13.71,1000,1,1,0,0,0
LTE,520,4,4010,10002208,0,100.589,13.71,1000,1,1,0,0,0
LTE,520,3,846,164480357,0,100.6,13.71,4448,1,1,0,0,0
UMTS,520,5,3101,23683409,0,100.592,13.71,2969,1,1,0,0,0
UMTS,520,3,7025,42035548,0,100.585,13.71,1000,1,1,0,0,0
UMTS,520,3,13015,42603876,0,100.585,13.71,1000,1,1,0,0,0
UMTS,520,3,7025,42032987,0,100.594,13.71,1000,1,1,0,0,0
UMTS,520,0,18,7320777,0,100.594,13.71,1000,1,1,0,0,0
UMTS,520,3,3025,42614561,0,100.597,13.71,1000,1,1,0,0,0
UMTS,520,0,4608,7332670,0,100.597,13.71,1000,1,1,0,0,0
UMTS,520,3,7025,42018648,0,100.597,13.71,1000,1,1,0,0,0
UMTS,520,3,7025,42041569,0,100.597,13.71,1000,1,1,0,0,0
UMTS,520,3,16025,41882915,0,100.597,13.71,1000,1,1,0,0,0
UMTS,520,3,13015,42603604,0,100.597,13.71,1000,1,1,0,0,0
UMTS,520,3,13015,42603607,0,100.597,13.71,1000,1,1,0,0,0
UMTS,520,3,13015,42613480,0,100.597,13.71,1000,1,1,0,0,0
UMTS,520,3,13015,42614572,0,100.597,13.71,1000,1,1,0,0,0
UMTS,520,3,13015,42613490,0,100.597,13.71,1000,1,1,0,0,0
UMTS,520,18,14612,7349010,0,100.597,13.71,1000,1,1,0,0,0
UMTS,520,15,18,7326588,0,100.597,13.71,1000,1,1,0,0,0
UMTS,520,0,1012,7332672,0,100.597,13.71,1000,1,1,0,0,0
UMTS,520,0,1012,7326588,0,100.597,13.71,1000,1,1,0,0,0
UMTS,520,4,1620,137732228,0,100.597,13.71,1000,1,1,0,0,0
UMTS,520,0,18,7329847,0,100.597,13.71,1000,1,1,0,0,0
UMTS,520,0,4608,7332671,0,100.598,13.71,1000,1,1,0,0,0
UMTS,520,18,14717,7871200,0,100.598,13.71,1000,1,1,0,0,0
UMTS,520,18,14717,7872116,0,100.598,13.71,1000,1,1,0,0,0
UMTS,520,3,7025,42018667,0,100.598,13.71,1000,1,1,0,0,0
UMTS,520,3,7025,42041589,0,100.598,13.71,1000,1,1,0,0,0
UMTS,520,18,14772,7347828,0,100.598,13.71,1000,1,1,0,0,0
UMTS,520,18,48697,9117300,0,100.598,13.71,1000,1,1,0,0,0
GSM,520,99,16061,4142,0,100.598,13.71,1000,1,1,0,0,0
UMTS,520,3,16025,41888406,0,100.598,13.71,1000,1,1,0,0,0
UMTS,520,5,3052,23341916,0,100.598,13.71,1000,1,1,0,0,0
UMTS,520,0,18,137732208,0,100.598,13.71,1000,1,1,0,0,0
LTE,520,4,20010,25966366,0,100.598,13.71,1000,1,1,0,0,0
LTE,520,5,121,1490179,0,100.6,13.71,1000,1,1,0,0,0
UMTS,520,3,7025,42041578,0,100.6,13.71,1000,1,1,0,0,0
UMTS,520,3,13015,42615642,0,100.6,13.71,1000,1,1,0,0,0
GSM,520,99,12601,3691,0,100.598,13.71,1000,1,1,0,0,0
UMTS,520,5,18,7326568,0,100.598,13.71,1000,1,1,0,0,0
LTE,520,4,4010,18911016,0,100.592,13.71,1000,1,1,0,0,0
LTE,520,4,1032,13020310,0,100.598,13.71,1000,1,1,0,0,0
UMTS,520,5,1605,23946063,0,100.598,13.71,1000,1,1,0,0,0
LTE,520,3,847,164361104,0,100.592,13.71,1000,1,1,0,0,0
UMTS,520,15,864,164359803,0,100.596,13.71,1000,1,1,0,0,0
UMTS,520,18,3101,62469635,0,100.588,13.71,1067,1,1,0,0,0
UMTS,520,3,6025,41559896,0,100.598,13.71,1000,1,1,0,0,0
GSM,520,99,1605,33326,0,100.599,13.71,1000,1,1,0,0,0
LTE,520,5,51006,76906793,0,100.598,13.71,1000,1,1,0,0,0
LTE,520,5,51032,8089857,0,100.598,13.71,1000,1,1,0,0,0
LTE,520,47,51006,17756355,0,100.598,13.71,1000,1,1,0,0,0
LTE,520,47,33101,76906793,0,100.598,13.71,1000,1,1,0,0,0
LTE,520,5,122,7181059,0,100.591,13.71,5531,1,1,0,0,0
LTE,520,3,846,164359033,0,100.591,13.71,4842,1,1,0,0,0
UMTS,520,3,13015,42614225,0,100.598,13.711,1000,1,1,0,0,0
LTE,520,47,51006,79638825,0,100.598,13.711,1000,1,1,0,0,0
LTE,520,5,1010,14815027,0,100.598,13.711,1000,1,1,0,0,0
LTE,520,3,843,164357610,0,100.598,13.711,1000,1,1,0,0,0
UMTS,520,18,14782,9117297,0,100.589,13.711,5518,1,1,0,0,0
UMTS,520,3,13011,42619339,0,100.586,13.711,2054,1,1,0,0,0
UMTS,520,3,13015,41888555,0,100.59,13.711,1565,1,1,0,0,0
UMTS,520,3,5215,3388075,0,100.591,13.711,1000,1,1,0,0,0
LTE,520,4,1032,30223776,0,100.597,13.711,1000,1,1,0,0,0
LTE,520,3,846,164354406,0,100.599,13.711,8620,1,1,0,0,0
UMTS,520,5,122,8089857,0,100.598,13.711,1000,1,1,0,0,0
UMTS,520,15,13011,42614227,0,100.598,13.711,1000,1,1,0,0,0
LTE,520,3,843,164357477,0,100.598,13.711,721,1,1,0,0,0
UMTS,520,3,6025,41559906,0,100.598,13.711,1000,1,1,0,0,0
LTE,520,3,847,164361072,0,100.593,13.711,1000,1,1,0,0,0
LTE,520,5,121,5319938,0,100.593,13.711,1000,1,1,0,0,0
UMTS,520,15,13011,42614572,0,100.597,13.711,1000,1,1,0,0,0
LTE,520,4,6005,3317791,0,100.597,13.711,2231,1,1,0,0,0
LTE,520,4,1032,11302530,0,100.597,13.711,1000,1,1,0,0,0
UMTS,520,0,18,7309725,0,100.595,13.711,1000,1,1,0,0,0
LTE,520,4,5010,25966368,0,100.592,13.711,7747,1,1,0,0,0
LTE,520,5,121,248580,0,100.598,13.711,1849,1,1,0,0,0
UMTS,520,3,13015,42613593,0,100.593,13.711,1000,1,1,0,0,0
UMTS,520,15,3101,23666716,0,100.593,13.711,1000,1,1,0,0,0
UMTS,520,15,13011,42622475,0,100.599,13.711,1000,1,1,0,0,0
LTE,520,3,847,164363365,0,100.592,13.711,1000,1,1,0,0,0
LTE,520,3,843,164361575,0,100.593,13.711,5912,1,1,0,0,0
UMTS,520,3,13015,41890507,0,100.595,13.711,1995,1,1,0,0,0
LTE,520,3,847,164352103,0,100.584,13.711,10440,1,1,0,0,0
GSM,520,99,1605,33085,0,100.588,13.711,1000,1,1,0,0,0
LTE,520,3,847,164361083,0,100.588,13.711,1000,1,1,0,0,0
LTE,520,3,847,156947845,0,100.584,13.711,1000,1,1,0,0,0
LTE,520,5,55032,11737624,0,100.597,13.711,1000,1,1,0,0,0
GSM,520,18,14239,325,0,100.596,13.711,2211,1,1,0,0,0
UMTS,520,15,13011,42618955,0,100.592,13.711,1000,1,1,0,0,0
GSM,520,1,50040,673,0,100.587,13.711,1000,1,1,0,0,0
UMTS,520,3,7025,42037999,0,100.589,13.711,1000,1,1,0,0,0
UMTS,520,15,1102,6883775,0,100.593,13.711,1000,1,1,0,0,0
UMTS,520,18,14782,9116382,0,100.595,13.711,1000,1,1,0,0,0
UMTS,520,4,1010,1564417,0,100.597,13.711,1000,1,1,0,0,0
LTE,520,3,846,164361860,0,100.598,13.711,1000,1,1,0,0,0
LTE,520,4,5010,25966366,0,100.6,13.711,7587,1,1,0,0,0
LTE,520,4,1032,30187907,0,100.597,13.711,1000,1,1,0,0,0
LTE,520,4,4010,4700416,0,100.589,13.711,2670,1,1,0,0,0
UMTS,520,5,1605,23943022,0,100.597,13.711,1000,1,1,0,0,0
GSM,520,1,50040,579,0,100.598,13.711,1000,1,1,0,0,0
UMTS,520,3,12,7482329,0,100.594,13.711,1000,1,1,0,0,0
LTE,520,99,1605,33084,0,100.586,13.711,1000,1,1,0,0,0
LTE,520,47,33101,80306955,0,100.597,13.711,1000,1,1,0,0,0
LTE,520,3,846,164363131,0,100.599,13.711,1000,1,1,0,0,0
UMTS,520,3,13015,42618421,0,100.593,13.711,1000,1,1,0,0,0
LTE,520,3,847,164361073,0,100.588,13.711,1000,1,1,0,0,0
UMTS,520,5,3101,23665638,0,100.595,13.711,2238,1,1,0,0,0
LTE,520,4,1010,11471617,0,100.592,13.711,9489,1,1,0,0,0
LTE,520,4,4010,2030368,0,100.584,13.711,1000,1,1,0,0,0
UMTS,520,1,379,9914702,0,100.585,13.711,1000,1,1,0,0,0
LTE,520,5,1010,11302431,0,100.597,13.711,1000,1,1,0,0,0
LTE,520,3,14239,2809,0,100.597,13.711,1000,1,1,0,0,0
LTE,520,3,846,164362087,0,100.59,13.711,6917,1,1,0,0,0
LTE,520,47,33101,80306957,0,100.597,13.711,1000,1,1,0,0,0
LTE,520,4,1032,20372868,0,100.597,13.711,1000,1,1,0,0,0
UMTS,520,5,3101,23680879,0,100.597,13.711,1000,1,1,0,0,0
GSM,520,99,1605,33297,0,100.589,13.711,8922,1,1,0,0,0
UMTS,520,15,13011,42619204,0,100.593,13.711,3096,1,1,0,0,0
LTE,520,3,843,164357479,0,100.595,13.711,3397,1,1,0,0,0
LTE,520,3,843,164356985,0,100.599,13.711,4726,1,1,0,0,0
GSM,520,1,50040,630,0,100.585,13.711,1000,1,1,0,0,0
UMTS,520,15,13011,42634254,0,100.597,13.711,1000,1,1,0,0,0
LTE,520,3,810,173838714,0,100.597,13.711,1000,1,1,0,0,0
UMTS,520,15,16021,41891788,0,100.598,13.711,1000,1,1,0,0,0
GSM,520,1,5020,10139,0,100.596,13.711,1000,1,1,0,0,0
GSM,520,99,1605,33082,0,100.589,13.711,1000,1,1,0,0,0
UMTS,520,15,13011,42618957,0,100.587,13.711,1000,1,1,0,0,0
LTE,520,3,864,157312101,0,100.589,13.711,5492,1,1,0,0,0
LTE,520,4,1010,11471616,0,100.598,13.711,1000,1,1,0,0,0
LTE,520,3,864,164359792,0,100.592,13.711,1000,1,1,0,0,0
LTE,520,3,843,164355304,0,100.598,13.711,1000,1,1,0,0,0
UMTS,520,18,14782,9110930,0,100.588,13.711,9243,1,1,0,0,0
LTE,520,4,1010,11471618,0,100.596,13.711,3780,1,1,0,0,0
LTE,520,3,847,164361103,0,100.592,13.711,1000,1,1,0,0,0
UMTS,520,18,14782,9120954,0,100.597,13.711,1000,1,1,0,0,0
GSM,520,99,12601,4074,0,100.597,13.711,1000,1,1,0,0,0
UMTS,520,3,3101,23659054,0,100.597,13.711,1000,1,1,0,0,0
UMTS,520,5,122,3105539,0,100.592,13.711,1000,1,1,0,0,0
LTE,520,5,54006,49344174,0,100.584,13.711,1000,1,1,0,0,0
UMTS,520,3,13015,42621740,0,100.584,13.711,1000,1,1,0,0,0
LTE,520,47,51006,78225429,0,100.597,13.711,1000,1,1,0,0,0
LTE,520,3,864,164366949,0,100.597,13.711,3118,1,1,0,0,0
UMTS,520,3,13015,42613351,0,100.598,13.711,3375,1,1,0,0,0
LTE,520,3,803,164889723,0,100.59,13.711,7891,1,1,0,0,0
UMTS,520,15,16025,41887592,0,100.596,13.711,1617,1,1,0,0,0
UMTS,520,5,3101,23669593,0,100.598,13.711,1000,1,1,0,0,0
LTE,520,3,847,156943226,0,100.584,13.711,1000,1,1,0,0,0
UMTS,520,15,13011,42621499,0,100.589,13.711,1000,1,1,0,0,0
UMTS,520,15,13011,42620652,0,100.592,13.711,1000,1,1,0,0,0
UMTS,520,18,14782,9120953,0,100.596,13.711,1000,1,1,0,0,0
UMTS,520,3,13015,42613343,0,100.585,13.711,1000,1,1,0,0,0
LTE,520,4,1032,30223766,0,100.596,13.711,1000,1,1,0,0,0
LTE,520,3,864,156929893,0,100.59,13.712,5007,1,1,0,0,0
UMTS,520,1,1010,11471647,0,100.593,13.712,2944,1,1,0,0,0
LTE,520,3,843,164357478,0,100.598,13.712,3150,1,1,0,0,0
LTE,520,3,843,164537447,0,100.6,13.712,1000,1,1,0,0,0
LTE,520,3,846,164361840,0,100.598,13.712,1000,1,1,0,0,0
UMTS,520,99,14782,9110510,0,100.586,13.712,1000,1,1,0,0,0
UMTS,520,15,13011,42618411,0,100.59,13.712,1000,1,1,0,0,0
LTE,520,5,1032,11302550,0,100.596,13.712,1000,1,1,0,0,0
UMTS,520,18,14782,9123618,0,100.596,13.712,1425,1,1,0,0,0
UMTS,520,3,13015,42618724,0,100.584,13.712,1000,1,1,0,0,0
GSM,520,18,14239,329,0,100.592,13.712,1000,1,1,0,0,0
LTE,520,3,846,164363111,0,100.596,13.712,1000,1,1,0,0,0
UMTS,520,4,1605,7318638,0,100.585,13.712,1000,1,1,0,0,0
UMTS,520,3,7025,42025063,0,100.585,13.712,1000,1,1,0,0,0
UMTS,520,3,13015,42617717,0,100.585,13.712,1000,1,1,0,0,0
UMTS,520,3,13015,42617727,0,100.585,13.712,1000,1,1,0,0,0
UMTS,520,18,14612,7341035,0,100.587,13.712,1000,1,1,0,0,0
UMTS,520,3,7025,42032297,0,100.59,13.712,1000,1,1,0,0,0
UMTS,520,3,7025,42032997,0,100.593,13.712,1000,1,1,0,0,0
UMTS,520,3,7025,42034577,0,100.593,13.712,1000,1,1,0,0,0
UMTS,520,18,14717,7871198,0,100.594,13.712,1000,1,1,0,0,0
UMTS,520,5,3103,23659054,0,100.594,13.712,1000,1,1,0,0,0
UMTS,520,5,122,3105538,0,100.596,13.712,1000,1,1,0,0,0
UMTS,520,3,6025,41578716,0,100.596,13.712,1000,1,1,0,0,0
UMTS,520,0,4608,7332648,0,100.596,13.712,1000,1,1,0,0,0
UMTS,520,4,1622,137730557,0,100.596,13.712,1000,1,1,0,0,0
LTE,520,5,122,8089860,0,100.596,13.712,1000,1,1,0,0,0
UMTS,520,3,7025,42018659,0,100.596,13.712,1000,1,1,0,0,0
UMTS,520,3,7025,42018669,0,100.596,13.712,1000,1,1,0,0,0
GSM,520,99,16061,4143,0,100.596,13.712,1000,1,1,0,0,0
UMTS,520,3,16025,41882916,0,100.596,13.712,1000,1,1,0,0,0
UMTS,520,3,13015,42614573,0,100.596,13.712,1000,1,1,0,0,0
UMTS,520,18,14612,7346909,0,100.596,13.712,1000,1,1,0,0,0
UMTS,520,0,18,7321137,0,100.596,13.712,1000,1,1,0,0,0
UMTS,520,0,18,7330337,0,100.596,13.712,1000,1,1,0,0,0
UMTS,520,4,1605,7313917,0,100.596,13.712,1000,1,1,0,0,0
UMTS,520,3,6025,41559895,0,100.597,13.712,1000,1,1,0,0,0
UMTS,520,4,1622,137724321,0,100.597,13.712,1000,1,1,0,0,0
UMTS,520,18,14717,23669593,0,100.597,13.712,1000,1,1,0,0,0
UMTS,520,5,3103,23659053,0,100.597,13.712,1000,1,1,0,0,0
UMTS,520,5,3103,23669596,0,100.597,13.712,1000,1,1,0,0,0
UMTS,520,18,14782,9116381,0,100.597,13.712,1000,1,1,0,0,0
UMTS,520,4,1605,7315568,0,100.597,13.712,1000,1,1,0,0,0
UMTS,520,18,14717,6830509,0,100.598,13.712,1000,1,1,0,0,0
UMTS,520,18,14717,7872113,0,100.598,13.712,1000,1,1,0,0,0
UMTS,520,3,7025,42018647,0,100.598,13.712,1000,1,1,0,0,0
UMTS,520,3,7025,42027538,0,100.598,13.712,1000,1,1,0,0,0
UMTS,520,3,7025,42041567,0,100.598,13.712,1000,1,1,0,0,0
UMTS,520,3,16025,41882771,0,100.598,13.712,1000,1,1,0,0,0
UMTS,520,3,13015,42614562,0,100.598,13.712,1000,1,1,0,0,0
UMTS,520,18,14612,7347825,0,100.598,13.712,1000,1,1,0,0,0
UMTS,520,3,7025,42041577,0,100.6,13.712,1000,1,1,0,0,0
UMTS,520,15,13011,42618351,0,100.593,13.712,1913,1,1,0,0,0
UMTS,520,15,13011,42622149,0,100.594,13.712,2199,1,1,0,0,0
UMTS,520,15,13011,42620146,0,100.596,13.712,1000,1,1,0,0,0
UMTS,520,18,14782,9110507,0,100.592,13.712,1000,1,1,0,0,0
LTE,520,18,3103,62451714,0,100.596,13.712,6739,1,1,0,0,0
UMTS,520,15,13011,41892985,0,100.596,13.712,1000,1,1,0,0,0
LTE,520,5,51032,872194,0,100.596,13.712,1000,1,1,0,0,0
LTE,520,3,843,164357480,0,100.597,13.712,1741,1,1,0,0,0
LTE,520,47,33101,78225429,0,100.596,13.712,1000,1,1,0,0,0
LTE,520,4,3004,860448,0,100.593,13.712,3746,1,1,0,0,0
LTE,520,3,846,164361839,0,100.597,13.712,1000,1,1,0,0,0
LTE,520,3,843,164356967,0,100.594,13.712,2312,1,1,0,0,0
LTE,520,3,843,164359300,0,100.599,13.712,1000,1,1,0,0,0
UMTS,520,0,18,7332670,0,100.6,13.712,1000,1,1,0,0,0
UMTS,520,3,13015,42619736,0,100.597,13.712,6566,1,1,0,0,0
LTE,520,3,846,164361841,0,100.596,13.712,1000,1,1,0,0,0
LTE,520,4,1010,10022657,0,100.596,13.712,1809,1,1,0,0,0
UMTS,520,99,14782,9122129,0,100.586,13.712,1000,1,1,0,0,0
UMTS,520,0,18,7326568,0,100.599,13.712,1000,1,1,0,0,0
UMTS,520,15,16021,41890382,0,100.589,13.712,8896,1,1,0,0,0
UMTS,520,4,1605,137730357,0,100.586,13.712,7833,1,1,0,0,0
LTE,520,4,4032,25610626,0,100.584,13.712,1000,1,1,0,0,0
UMTS,520,5,1605,23963839,0,100.596,13.712,1000,1,1,0,0,0
LTE,520,5,1010,11302430,0,100.596,13.712,1000,1,1,0,0,0
LTE,520,5,1010,3853086,0,100.596,13.712,1000,1,1,0,0,0
UMTS,520,5,3101,23680878,0,100.596,13.712,1000,1,1,0,0,0
UMTS,520,4,1605,3853058,0,100.595,13.712,1000,1,1,0,0,0
UMTS,520,4,18,7330337,0,100.594,13.712,1000,1,1,0,0,0
UMTS,520,4,1605,137730367,0,100.587,13.712,1000,1,1,0,0,0
UMTS,520,3,13015,42618428,0,100.588,13.712,1000,1,1,0,0,0
LTE,520,4,1010,2030338,0,100.584,13.712,2023,1,1,0,0,0
LTE,520,3,847,156930672,0,100.587,13.712,1000,1,1,0,0,0
UMTS,520,3,375,11052803,0,100.59,13.712,1000,1,1,0,0,0
LTE,520,4,1010,3853088,0,100.595,13.712,1000,1,1,0,0,0
GSM,520,1,50040,575,0,100.586,13.712,1000,1,1,0,0,0
LTE,520,4,1010,10002178,0,100.587,13.712,1000,1,1,0,0,0
LTE,520,3,846,164361960,0,100.596,13.712,1000,1,1,0,0,0
LTE,520,3,843,164361605,0,100.596,13.712,1000,1,1,0,0,0
UMTS,520,0,18,7313917,0,100.596,13.712,1000,1,1,0,0,0
UMTS,520,3,6025,41559907,0,100.595,13.712,1000,1,1,0,0,0
LTE,520,3,847,164361102,0,100.592,13.712,1000,1,1,0,0,0
UMTS,520,15,13011,42618418,0,100.588,13.712,1000,1,1,0,0,0
UMTS,520,5,3101,23659051,0,100.596,13.712,1000,1,1,0,0,0
LTE,520,4,4010,18911097,0,100.592,13.712,1000,1,1,0,0,0
LTE,520,47,51006,79638817,0,100.596,13.712,1000,1,1,0,0,0
LTE,520,18,3101,64300802,0,100.585,13.712,6148,1,1,0,0,0
UMTS,520,3,847,164361081,0,100.592,13.712,1000,1,1,0,0,0
LTE,520,18,5020,10035,0,100.587,13.712,1000,1,1,0,0,0
GSM,520,18,14239,1934,0,100.598,13.712,1000,1,1,0,0,0
LTE,520,3,847,157056871,0,100.585,13.712,1000,1,1,0,0,0
LTE,520,3,843,164356986,0,100.594,13.712,1736,1,1,0,0,0
UMTS,520,4,12,7504440,0,100.599,13.712,1000,1,1,0,0,0
UMTS,520,15,13011,41898115,0,100.595,13.712,1000,1,1,0,0,0
LTE,520,3,847,156930663,0,100.585,13.712,7487,1,1,0,0,0
UMTS,520,3,847,164361071,0,100.593,13.712,1000,1,1,0,0,0
LTE,520,4,20010,2030398,0,100.584,13.712,1000,1,1,0,0,0
UMTS,520,15,13011,42622943,0,100.595,13.712,1000,1,1,0,0,0
LTE,520,5,51032,3105540,0,100.595,13.712,1000,1,1,0,0,0
LTE,520,47,51006,79638815,0,100.595,13.712,1000,1,1,0,0,0
LTE,520,3,843,164361584,0,100.597,13.712,1000,1,1,0,0,0
UMTS,520,3,13015,42617713,0,100.584,13.712,1000,1,1,0,0,0
UMTS,520,3,13015,42618714,0,100.585,13.712,1000,1,1,0,0,0
GSM,520,99,12601,3623,0,100.588,13.712,1000,1,1,0,0,0
UMTS,520,5,3103,23659051,0,100.594,13.712,1000,1,1,0,0,0
GSM,520,99,16061,4144,0,100.595,13.712,1000,1,1,0,0,0
UMTS,520,5,3103,23659050,0,100.596,13.712,1000,1,1,0,0,0
UMTS,520,3,13015,42614563,0,100.596,13.712,1000,1,1,0,0,0
LTE,520,18,3101,64568322,0,100.591,13.712,1053,1,1,0,0,0
LTE,520,47,33101,78225431,0,100.595,13.712,1000,1,1,0,0,0
UMTS,520,3,13015,42619437,0,100.584,13.712,1000,1,1,0,0,0
UMTS,520,99,3101,62469635,0,100.586,13.712,1000,1,1,0,0,0
LTE,520,5,54006,76917535,0,100.584,13.712,1000,1,1,0,0,0
LTE,520,3,846,164361850,0,100.595,13.712,4736,1,1,0,0,0
UMTS,520,3,13015,42619748,0,100.595,13.712,1000,1,1,0,0,0
LTE,520,3,846,164366212,0,100.599,13.712,1000,1,1,0,0,0
GSM,520,99,1622,34510,0,100.588,13.712,1000,1,1,0,0,0
LTE,520,3,843,164361704,0,100.599,13.712,1000,1,1,0,0,0
LTE,520,4,20010,2030397,0,100.587,13.712,1000,1,1,0,0,0
UMTS,520,0,18,7332648,0,100.595,13.712,1000,1,1,0,0,0
UMTS,520,5,3101,23659050,0,100.599,13.712,1000,1,1,0,0,0
UMTS,520,15,13011,42622144,0,100.59,13.712,1000,1,1,0,0,0
LTE,520,5,1032,11302552,0,100.595,13.713,1000,1,1,0,0,0
LTE,520,3,846,164361959,0,100.595,13.713,1000,1,1,0,0,0
LTE,520,5,1010,11302432,0,100.595,13.713,1000,1,1,0,0,0
UMTS,520,5,3101,23685106,0,100.593,13.713,1057,1,1,0,0,0
UMTS,520,15,20021,42119063,0,100.584,13.713,6546,1,1,0,0,0
UMTS,520,3,4015,42155734,0,100.584,13.713,4986,1,1,0,0,0
UMTS,520,5,3103,23678532,0,100.588,13.713,4278,1,1,0,0,0
UMTS,520,18,14612,7342082,0,100.583,13.713,1000,1,1,0,0,0
LTE,520,4,3004,860418,0,100.593,13.713,1669,1,1,0,0,0
UMTS,520,5,3101,23666718,0,100.59,13.713,1000,1,1,0,0,0
LTE,520,5,1010,2030338,0,100.584,13.713,1000,1,1,0,0,0
LTE,520,4,1010,11471646,0,100.598,13.713,3271,1,1,0,0,0
UMTS,520,15,16021,41893709,0,100.59,13.713,1000,1,1,0,0,0
UMTS,520,3,13015,42619005,0,100.597,13.713,1000,1,1,0,0,0
LTE,520,4,4010,4157697,0,100.589,13.713,2257,1,1,0,0,0
UMTS,520,5,3101,23685107,0,100.595,13.713,1000,1,1,0,0,0
LTE,520,18,3101,64462082,0,100.599,13.713,3837,1,1,0,0,0
LTE,520,18,3101,64518145,0,100.586,13.713,2431,1,1,0,0,0
LTE,520,3,843,164356976,0,100.593,13.713,1000,1,1,0,0,0
LTE,520,5,121,8089858,0,100.598,13.713,3110,1,1,0,0,0
UMTS,520,15,13011,42620659,0,100.6,13.713,2795,1,1,0,0,0
UMTS,520,4,1605,137728479,0,100.59,13.713,4400,1,1,0,0,0
UMTS,520,5,3101,23659054,0,100.596,13.713,1000,1,1,0,0,0
UMTS,520,5,3103,23682929,0,100.586,13.713,1000,1,1,0,0,0
UMTS,520,15,13011,42613431,0,100.589,13.713,1237,1,1,0,0,0
UMTS,520,3,13015,42617733,0,100.584,13.713,1000,1,1,0,0,0
LTE,520,4,4032,40094852,0,100.585,13.713,1000,1,1,0,0,0
UMTS,520,15,16021,42224012,0,100.588,13.713,1000,1,1,0,0,0
LTE,520,47,54006,17746114,0,100.589,13.713,1000,1,1,0,0,0
UMTS,520,15,16021,42224011,0,100.589,13.713,1000,1,1,0,0,0
LTE,520,5,121,11694339,0,100.588,13.713,1000,1,1,0,0,0
LTE,520,4,1010,3853056,0,100.595,13.713,1000,1,1,0,0,0
UMTS,520,15,13011,42617733,0,100.584,13.713,1000,1,1,0,0,0
GSM,520,99,16061,4015,0,100.584,13.713,1000,1,1,0,0,0
LTE,520,5,121,11353857,0,100.595,13.713,7481,1,1,0,0,0
UMTS,520,3,7025,42025047,0,100.587,13.713,1000,1,1,0,0,0
UMTS,520,3,13015,42623373,0,100.598,13.713,1000,1,1,0,0,0
LTE,520,4,20010,343357,0,100.593,13.713,1202,1,1,0,0,0
UMTS,520,3,13015,42614571,0,100.598,13.713,1000,1,1,0,0,0
UMTS,520,15,16021,41893708,0,100.589,13.713,1000,1,1,0,0,0
UMTS,520,15,13011,42621553,0,100.594,13.713,1000,1,1,0,0,0
UMTS,520,4,1604,137726697,0,100.584,13.713,1000,1,1,0,0,0
UMTS,520,99,864,164366949,0,100.59,13.713,1000,1,1,0,0,0
UMTS,520,3,13015,42614730,0,100.594,13.713,1000,1,1,0,0,0
LTE,520,4,20010,25610557,0,100.587,13.713,1000,1,1,0,0,0
UMTS,520,3,13015,42619651,0,100.583,13.713,1000,1,1,0,0,0
LTE,520,47,54006,76917537,0,100.584,13.713,1000,1,1,0,0,0
UMTS,520,1,1010,2030368,0,100.584,13.713,1000,1,1,0,0,0
LTE,520,3,847,156930792,0,100.585,13.713,1000,1,1,0,0,0
UMTS,520,3,13015,42617737,0,100.586,13.713,1000,1,1,0,0,0
LTE,520,47,54006,17746117,0,100.586,13.713,1000,1,1,0,0,0
LTE,520,3,847,156930746,0,100.586,13.713,1000,1,1,0,0,0
UMTS,520,3,16025,42224010,0,100.588,13.713,1000,1,1,0,0,0
LTE,520,5,4010,18911099,0,100.589,13.713,1000,1,1,0,0,0
LTE,520,3,846,164361849,0,100.595,13.713,1000,1,1,0,0,0
UMTS,520,3,13015,42614162,0,100.597,13.713,1000,1,1,0,0,0
LTE,520,3,864,164366969,0,100.59,13.713,1000,1,1,0,0,0
UMTS,520,18,14782,9111553,0,100.585,13.713,1000,1,1,0,0,0
UMTS,520,15,13011,42622550,0,100.587,13.713,1000,1,1,0,0,0
UMTS,520,3,16025,41893706,0,100.589,13.713,1000,1,1,0,0,0
GSM,520,1,50040,577,0,100.599,13.713,1000,1,1,0,0,0
LTE,520,15,1248,164367069,0,100.59,13.713,1000,1,1,0,0,0
LTE,520,4,4010,2030367,0,100.587,13.713,1000,1,1,0,0,0
LTE,520,15,1248,164367070,0,100.589,13.713,1000,1,1,0,0,0
UMTS,520,3,16025,42618428,0,100.589,13.713,1000,1,1,0,0,0
UMTS,520,0,18,7310248,0,100.59,13.713,1000,1,1,0,0,0
UMTS,520,3,16025,41893705,0,100.59,13.713,1000,1,1,0,0,0
UMTS,520,15,13011,42614720,0,100.594,13.713,1000,1,1,0,0,0
UMTS,520,15,13011,42622935,0,100.594,13.713,1000,1,1,0,0,0
UMTS,520,4,1605,137724321,0,100.597,13.713,1000,1,1,0,0,0
UMTS,520,99,3051,64277506,0,100.586,13.713,1000,1,1,0,0,0
LTE,520,4,1032,40279171,0,100.594,13.713,1000,1,1,0,0,0
UMTS,520,1,1010,1564447,0,100.597,13.713,1000,1,1,0,0,0
LTE,520,4,1010,2030337,0,100.587,13.713,1000,1,1,0,0,0
LTE,520,3,847,156930706,0,100.587,13.713,1000,1,1,0,0,0
UMTS,520,0,18,7315568,0,100.6,13.713,1000,1,1,0,0,0
UMTS,520,5,18,7332671,0,100.59,13.713,1000,1,1,0,0,0
UMTS,520,15,13011,42154415,0,100.586,13.713,1000,1,1,0,0,0
LTE,520,5,4010,2030367,0,100.587,13.713,1000,1,1,0,0,0
LTE,520,3,847,156930732,0,100.587,13.713,1000,1,1,0,0,0
LTE,520,4,1032,18680452,0,100.594,13.713,1000,1,1,0,0,0
UMTS,520,3,13015,42614582,0,100.594,13.713,2313,1,1,0,0,0
LTE,520,5,51032,1097987,0,100.594,13.713,1000,1,1,0,0,0
LTE,520,3,846,164361861,0,100.595,13.713,1000,1,1,0,0,0
LTE,520,3,846,164361830,0,100.597,13.713,3438,1,1,0,0,0
LTE,520,15,1231,156930766,0,100.587,13.713,1000,1,1,0,0,0
GSM,520,99,1605,37452,0,100.588,13.713,1000,1,1,0,0,0
UMTS,520,3,13015,42619444,0,100.583,13.713,1000,1,1,0,0,0
LTE,520,3,847,156930708,0,100.585,13.713,1000,1,1,0,0,0
LTE,520,15,1231,156930767,0,100.586,13.713,1000,1,1,0,0,0
LTE,520,15,1227,164357087,0,100.591,13.713,1000,1,1,0,0,0
UMTS,520,18,14782,9128921,0,100.592,13.713,1000,1,1,0,0,0
LTE,520,4,20010,10002236,0,100.591,13.713,1000,1,1,0,0,0
UMTS,520,3,13015,42613355,0,100.593,13.713,1000,1,1,0,0,0
UMTS,520,5,3051,23343179,0,100.585,13.713,1000,1,1,0,0,0
UMTS,520,3,6025,41566286,0,100.585,13.713,1000,1,1,0,0,0
GSM,520,99,12601,3609,0,100.586,13.713,1000,1,1,0,0,0
UMTS,520,5,3051,23343176,0,100.586,13.713,1000,1,1,0,0,0
UMTS,520,4,1004,10191617,0,100.586,13.713,1000,1,1,0,0,0
UMTS,520,0,18,7332419,0,100.587,13.713,1000,1,1,0,0,0
UMTS,520,15,1102,6886434,0,100.588,13.713,1000,1,1,0,0,0
GSM,520,99,12601,3613,0,100.588,13.713,1000,1,1,0,0,0
UMTS,520,0,18,7324727,0,100.588,13.713,1000,1,1,0,0,0
UMTS,520,0,18,7313727,0,100.588,13.713,1000,1,1,0,0,0
UMTS,520,0,18,7318559,0,100.588,13.713,1000,1,1,0,0,0
UMTS,520,0,18,7324717,0,100.588,13.713,1000,1,1,0,0,0
GSM,520,99,16061,4122,0,100.589,13.713,1000,1,1,0,0,0
UMTS,520,0,18,7329529,0,100.589,13.713,1000,1,1,0,0,0
UMTS,520,0,18,7313707,0,100.59,13.713,1000,1,1,0,0,0
UMTS,520,3,7025,42018657,0,100.599,13.713,1000,1,1,0,0,0
UMTS,520,3,6025,41566296,0,100.585,13.713,1000,1,1,0,0,0
UMTS,520,3,55090,42603877,0,100.585,13.713,1000,1,1,0,0,0
UMTS,520,3,7025,42025058,0,100.585,13.713,1000,1,1,0,0,0
UMTS,520,3,7025,42025060,0,100.585,13.713,1000,1,1,0,0,0
UMTS,520,3,7025,42025050,0,100.585,13.713,1000,1,1,0,0,0
UMTS,520,3,16025,41902632,0,100.585,13.713,1000,1,1,0,0,0
UMTS,520,3,16025,41902626,0,100.585,13.713,1000,1,1,0,0,0
UMTS,520,3,13015,42617728,0,100.585,13.713,1000,1,1,0,0,0
UMTS,520,3,13015,42617712,0,100.585,13.713,1000,1,1,0,0,0
UMTS,520,15,18,7318637,0,100.585,13.713,1000,1,1,0,0,0
GSM,520,1,50040,749,0,100.585,13.713,1000,1,1,0,0,0
UMTS,520,3,16025,41908636,0,100.585,13.713,1000,1,1,0,0,0
LTE,520,5,121,1784578,0,100.586,13.713,1000,1,1,0,0,0
UMTS,520,18,14782,23670856,0,100.586,13.713,1000,1,1,0,0,0
UMTS,520,3,13015,42617722,0,100.586,13.713,1000,1,1,0,0,0
UMTS,520,15,18,7332227,0,100.586,13.713,1000,1,1,0,0,0
UMTS,520,0,18,137726212,0,100.586,13.713,1000,1,1,0,0,0
UMTS,520,3,13015,42619648,0,100.586,13.713,1000,1,1,0,0,0
UMTS,520,3,7025,42025038,0,100.587,13.713,1000,1,1,0,0,0
UMTS,520,18,48697,9123154,0,100.587,13.713,1000,1,1,0,0,0
UMTS,520,3,16025,41908736,0,100.587,13.713,1000,1,1,0,0,0
UMTS,520,18,5177,7340187,0,100.587,13.713,1000,1,1,0,0,0
UMTS,520,18,14612,7342081,0,100.587,13.713,1000,1,1,0,0,0
UMTS,520,15,18,7332419,0,100.587,13.713,1000,1,1,0,0,0
UMTS,520,4,1023,5944381,0,100.587,13.713,1000,1,1,0,0,0
UMTS,520,0,18,7332418,0,100.587,13.713,1000,1,1,0,0,0
UMTS,520,15,1102,6886431,0,100.587,13.713,1000,1,1,0,0,0
UMTS,520,15,1102,6886435,0,100.587,13.713,1000,1,1,0,0,0
LTE,520,4,4010,2030337,0,100.587,13.713,1000,1,1,0,0,0
UMTS,520,15,1102,6886433,0,100.587,13.713,1000,1,1,0,0,0
UMTS,520,3,7025,42031229,0,100.589,13.713,1000,1,1,0,0,0
UMTS,520,5,14782,9110507,0,100.589,13.713,1000,1,1,0,0,0
UMTS,520,15,18,7329529,0,100.589,13.713,1000,1,1,0,0,0
UMTS,520,0,18,7307559,0,100.589,13.713,1000,1,1,0,0,0
UMTS,520,4,1605,7313727,0,100.589,13.713,1000,1,1,0,0,0
UMTS,520,3,7025,42021919,0,100.59,13.713,1000,1,1,0,0,0
UMTS,520,3,7025,42031219,0,100.59,13.713,1000,1,1,0,0,0
UMTS,520,3,7025,42031234,0,100.59,13.713,1000,1,1,0,0,0
UMTS,520,18,14782,9110510,0,100.59,13.713,1000,1,1,0,0,0
UMTS,520,3,16025,41908527,0,100.59,13.713,1000,1,1,0,0,0
UMTS,520,3,13015,42614173,0,100.59,13.713,1000,1,1,0,0,0
UMTS,520,15,18,7332417,0,100.59,13.713,1000,1,1,0,0,0
UMTS,520,3,16025,42620653,0,100.59,13.713,1000,1,1,0,0,0
UMTS,520,3,16025,41908537,0,100.592,13.713,1000,1,1,0,0,0
UMTS,520,18,14612,7341034,0,100.592,13.713,1000,1,1,0,0,0
UMTS,520,15,18,7332649,0,100.592,13.713,1000,1,1,0,0,0
GSM,520,18,14239,330,0,100.592,13.713,1000,1,1,0,0,0
UMTS,520,0,18,7332417,0,100.592,13.713,1000,1,1,0,0,0
UMTS,520,1,55010,4329428,0,100.593,13.713,1000,1,1,0,0,0
UMTS,520,3,6025,41559917,0,100.593,13.713,1000,1,1,0,0,0
UMTS,520,3,16025,41908536,0,100.593,13.713,1000,1,1,0,0,0
UMTS,520,3,13015,42613342,0,100.593,13.713,1000,1,1,0,0,0
UMTS,520,18,14239,2986177,0,100.594,13.713,1000,1,1,0,0,0
UMTS,520,18,14717,7871204,0,100.594,13.713,1000,1,1,0,0,0
UMTS,520,5,3101,23665073,0,100.594,13.713,1000,1,1,0,0,0
UMTS,520,5,3103,7871204,0,100.594,13.713,1000,1,1,0,0,0
UMTS,520,5,3103,23665073,0,100.594,13.713,1000,1,1,0,0,0
UMTS,520,5,3103,23665070,0,100.594,13.713,1000,1,1,0,0,0
LTE,520,5,121,3108098,0,100.594,13.713,1000,1,1,0,0,0
LTE,520,5,122,3108098,0,100.594,13.713,1000,1,1,0,0,0
UMTS,520,3,6025,41578708,0,100.594,13.713,1000,1,1,0,0,0
UMTS,520,3,7025,42018649,0,100.594,13.713,1000,1,1,0,0,0
UMTS,520,3,7025,42037458,0,100.594,13.713,1000,1,1,0,0,0
UMTS,520,3,16025,41882910,0,100.594,13.713,1000,1,1,0,0,0
UMTS,520,3,16025,41908535,0,100.594,13.713,1000,1,1,0,0,0
UMTS,520,3,13015,42613383,0,100.594,13.713,1000,1,1,0,0,0
UMTS,520,3,13015,42613373,0,100.594,13.713,1000,1,1,0,0,0
UMTS,520,3,13015,42613363,0,100.594,13.713,1000,1,1,0,0,0
UMTS,520,18,14612,7346910,0,100.594,13.713,1000,1,1,0,0,0
UMTS,520,15,18,7324917,0,100.594,13.713,1000,1,1,0,0,0
LTE,520,18,3101,64462338,0,100.594,13.713,1000,1,1,0,0,0
UMTS,520,0,14239,22,0,100.594,13.713,1000,1,1,0,0,0
UMTS,520,0,18,7310477,0,100.594,13.713,1000,1,1,0,0,0
UMTS,520,4,1012,7307858,0,100.594,13.713,1000,1,1,0,0,0
UMTS,520,18,14717,23659050,0,100.596,13.713,1000,1,1,0,0,0
LTE,520,5,121,3105539,0,100.596,13.713,1000,1,1,0,0,0
UMTS,520,3,16025,41888397,0,100.596,13.713,1000,1,1,0,0,0
UMTS,520,3,16025,41888407,0,100.596,13.713,1000,1,1,0,0,0
UMTS,520,3,7025,42037467,0,100.598,13.713,1000,1,1,0,0,0
UMTS,520,18,14612,7346912,0,100.598,13.713,1000,1,1,0,0,0
UMTS,520,18,14612,7347828,0,100.598,13.713,1000,1,1,0,0,0
UMTS,520,15,18,7326568,0,100.598,13.713,1000,1,1,0,0,0
UMTS,520,3,7025,42027543,0,100.6,13.713,1000,1,1,0,0,0
UMTS,520,3,7025,42034658,0,100.6,13.713,1000,1,1,0,0,0
UMTS,520,3,7025,42027553,0,100.6,13.713,1000,1,1,0,0,0
UMTS,520,3,7025,42037477,0,100.6,13.713,1000,1,1,0,0,0
UMTS,520,3,7025,42037457,0,100.6,13.713,1000,1,1,0,0,0
UMTS,520,3,16025,41882914,0,100.6,13.713,1000,1,1,0,0,0
UMTS,520,3,16025,41910046,0,100.6,13.713,1000,1,1,0,0,0
UMTS,520,3,16025,41910056,0,100.6,13.713,1000,1,1,0,0,0
UMTS,520,3,16025,41910070,0,100.6,13.713,1000,1,1,0,0,0
UMTS,520,3,13015,42603614,0,100.6,13.713,1000,1,1,0,0,0
UMTS,520,18,14602,7871197,0,100.6,13.713,1000,1,1,0,0,0
GSM,520,1,50040,710,0,100.6,13.713,1000,1,1,0,0,0
UMTS,520,0,18,7318978,0,100.6,13.713,1000,1,1,0,0,0
UMTS,520,0,1012,7332670,0,100.6,13.713,1000,1,1,0,0,0
UMTS,520,0,1012,7326568,0,100.6,13.713,1000,1,1,0,0,0
UMTS,520,4,1620,137732208,0,100.6,13.713,1000,1,1,0,0,0
UMTS,520,15,13011,42619651,0,100.584,13.713,1000,1,1,0,0,0
LTE,520,3,847,156930667,0,100.584,13.713,1000,1,1,0,0,0
LTE,520,5,4010,25610619,0,100.584,13.713,1000,1,1,0,0,0
LTE,520,3,843,164357037,0,100.59,13.713,1000,1,1,0,0,0
LTE,520,3,846,164361836,0,100.594,13.713,1000,1,1,0,0,0
GSM,520,99,1605,33325,0,100.599,13.713,1000,1,1,0,0,0
LTE,520,15,1231,156930765,0,100.584,13.713,1000,1,1,0,0,0
UMTS,520,5,3143,23931541,0,100.599,13.713,3603,1,1,0,0,0
UMTS,520,3,13015,42613352,0,100.593,13.713,1000,1,1,0,0,0
LTE,520,3,864,164366970,0,100.588,13.713,1000,1,1,0,0,0
LTE,520,3,843,164357481,0,100.599,13.713,2795,1,1,0,0,0
LTE,520,3,847,156930793,0,100.584,13.713,1000,1,1,0,0,0
GSM,520,1,5020,10035,0,100.584,13.713,1000,1,1,0,0,0
UMTS,520,3,13015,42614581,0,100.594,13.713,1000,1,1,0,0,0
UMTS,520,15,13011,42619005,0,100.594,13.713,1000,1,1,0,0,0
LTE,520,5,1010,18926367,0,100.594,13.713,1000,1,1,0,0,0
LTE,520,4,1010,10002206,0,100.592,13.713,1000,1,1,0,0,0
UMTS,520,0,18,7324917,0,100.594,13.713,1000,1,1,0,0,0
LTE,520,47,33101,79638815,0,100.594,13.713,1000,1,1,0,0,0
GSM,520,1,50040,750,0,100.585,13.713,1000,1,1,0,0,0
LTE,520,18,3101,64779522,0,100.586,13.713,8436,1,1,0,0,0
LTE,520,3,843,164356966,0,100.593,13.713,1741,1,1,0,0,0
UMTS,520,3,13015,42622550,0,100.586,13.713,1000,1,1,0,0,0
LTE,520,3,843,164558201,0,100.593,13.713,1000,1,1,0,0,0
LTE,520,3,846,164365930,0,100.599,13.713,1000,1,1,0,0,0
UMTS,520,15,13011,42619078,0,100.594,13.713,1000,1,1,0,0,0
UMTS,520,3,13015,41893705,0,100.591,13.713,1000,1,1,0,0,0
GSM,520,99,1605,37451,0,100.583,13.713,1344,1,1,0,0,0
GSM,520,99,16061,4044,0,100.583,13.713,1000,1,1,0,0,0
LTE,520,47,54006,76917527,0,100.585,13.713,1000,1,1,0,0,0
UMTS,520,5,1605,23949000,0,100.594,13.713,1000,1,1,0,0,0
LTE,520,3,846,164361961,0,100.594,13.713,1000,1,1,0,0,0
LTE,520,3,843,164361585,0,100.594,13.713,1000,1,1,0,0,0
UMTS,520,3,6025,41578717,0,100.594,13.713,1000,1,1,0,0,0
GSM,520,99,12601,4075,0,100.593,13.713,1000,1,1,0,0,0
UMTS,520,15,13011,42622156,0,100.6,13.713,1000,1,1,0,0,0
UMTS,520,15,16021,42613351,0,100.594,13.713,1000,1,1,0,0,0
UMTS,520,3,6025,41559897,0,100.594,13.713,1000,1,1,0,0,0
UMTS,520,4,1605,137726212,0,100.586,13.713,2992,1,1,0,0,0
UMTS,520,15,13011,42622838,0,100.583,13.713,1646,1,1,0,0,0
UMTS,520,3,13015,42619440,0,100.584,13.713,1000,1,1,0,0,0
UMTS,520,5,3103,23675014,0,100.59,13.713,1000,1,1,0,0,0
GSM,520,1,50040,587,0,100.595,13.713,1000,1,1,0,0,0
UMTS,520,3,6025,41559905,0,100.599,13.713,1000,1,1,0,0,0
LTE,520,5,4010,2030368,0,100.585,13.713,1000,1,1,0,0,0
LTE,520,3,847,156930682,0,100.588,13.713,6324,1,1,0,0,0
LTE,520,4,1010,2030379,0,100.592,13.713,1000,1,1,0,0,0
GSM,520,18,14239,1638,0,100.594,13.713,1000,1,1,0,0,0
LTE,520,3,843,164356997,0,100.592,13.713,1000,1,1,0,0,0
UMTS,520,3,7025,42025048,0,100.587,13.713,1000,1,1,0,0,0
LTE,520,18,14239,23,0,100.587,13.713,1000,1,1,0,0,0
GSM,520,18,14239,6972,0,100.585,13.713,1000,1,1,0,0,0
UMTS,520,5,3103,23675013,0,100.592,13.713,1000,1,1,0,0,0
UMTS,520,15,16021,41893710,0,100.591,13.713,1000,1,1,0,0,0
LTE,520,47,33101,79638817,0,100.594,13.713,1000,1,1,0,0,0
UMTS,520,15,13011,42614571,0,100.597,13.713,1000,1,1,0,0,0
LTE,520,18,3101,62469633,0,100.593,13.713,6227,1,1,0,0,0
UMTS,520,3,13015,42617732,0,100.584,13.713,1361,1,1,0,0,0
LTE,520,5,4010,25610617,0,100.584,13.713,1000,1,1,0,0,0
LTE,520,5,1010,2030379,0,100.592,13.713,1000,1,1,0,0,0
LTE,520,5,1010,18926368,0,100.592,13.713,1000,1,1,0,0,0
GSM,520,1,50040,574,0,100.593,13.713,1000,1,1,0,0,0
UMTS,520,3,13015,42619652,0,100.584,13.713,1000,1,1,0,0,0
UMTS,520,4,1605,137730567,0,100.593,13.713,1000,1,1,0,0,0
UMTS,520,4,18,7313717,0,100.588,13.713,1000,1,1,0,0,0
UMTS,520,4,18,7324717,0,100.588,13.713,1000,1,1,0,0,0
UMTS,520,0,18,7332572,0,100.587,13.713,1000,1,1,0,0,0
UMTS,520,15,16021,41889927,0,100.59,13.713,4392,1,1,0,0,0
LTE,520,5,1010,10022688,0,100.594,13.713,1000,1,1,0,0,0
UMTS,520,15,13011,42613388,0,100.595,13.713,1000,1,1,0,0,0
UMTS,520,5,3101,23686625,0,100.593,13.713,1217,1,1,0,0,0
UMTS,520,15,16021,41895156,0,100.588,13.713,1000,1,1,0,0,0
LTE,520,4,1010,3853086,0,100.592,13.713,3665,1,1,0,0,0
LTE,520,3,864,157060966,0,100.6,13.713,1745,1,1,0,0,0
LTE,520,47,51006,78391235,0,100.592,13.714,1000,1,1,0,0,0
LTE,520,15,1230,164361949,0,100.594,13.714,1000,1,1,0,0,0
LTE,520,3,843,164357500,0,100.595,13.714,1730,1,1,0,0,0
LTE,520,18,1605,33298,0,100.592,13.714,1000,1,1,0,0,0
UMTS,520,15,13011,42622933,0,100.595,13.714,1000,1,1,0,0,0
UMTS,520,3,13015,42622935,0,100.595,13.714,1000,1,1,0,0,0
LTE,520,3,843,164561530,0,100.592,13.714,1000,1,1,0,0,0
UMTS,520,3,13015,42613378,0,100.595,13.714,1000,1,1,0,0,0
LTE,520,3,864,157078373,0,100.584,13.714,7651,1,1,0,0,0
UMTS,520,0,18,7318637,0,100.584,13.714,1136,1,1,0,0,0
GSM,520,99,16061,4123,0,100.588,13.714,1000,1,1,0,0,0
GSM,520,99,16061,4121,0,100.59,13.714,1000,1,1,0,0,0
LTE,520,5,121,3105538,0,100.598,13.714,1000,1,1,0,0,0
LTE,520,18,3101,64401410,0,100.589,13.714,2701,1,1,0,0,0
UMTS,520,5,3101,23683419,0,100.596,13.714,1000,1,1,0,0,0
LTE,520,18,3101,64765698,0,100.594,13.714,2318,1,1,0,0,0
UMTS,520,1,1010,1564448,0,100.596,13.714,1000,1,1,0,0,0
LTE,520,4,5010,5360929,0,100.598,13.714,1000,1,1,0,0,0
UMTS,520,1,843,164356987,0,100.592,13.714,1000,1,1,0,0,0
UMTS,520,5,3101,62469635,0,100.588,13.714,1000,1,1,0,0,0
UMTS,520,1,3101,62469635,0,100.588,13.714,1000,1,1,0,0,0
LTE,520,4,41006,18926398,0,100.592,13.714,1000,1,1,0,0,0
UMTS,520,5,3101,23686064,0,100.586,13.714,2254,1,1,0,0,0
LTE,520,18,1229,5165702,0,100.597,13.714,1000,1,1,0,0,0
UMTS,520,0,18,7324707,0,100.591,13.714,1000,1,1,0,0,0
UMTS,520,3,7025,42037468,0,100.596,13.714,1000,1,1,0,0,0
GSM,520,99,1605,33298,0,100.594,13.714,1000,1,1,0,0,0
UMTS,520,4,18,7332431,0,100.597,13.714,1000,1,1,0,0,0
LTE,520,5,4010,18911087,0,100.589,13.714,1000,1,1,0,0,0
LTE,520,4,4032,40094851,0,100.59,13.714,1000,1,1,0,0,0
LTE,520,3,843,164357097,0,100.593,13.714,1000,1,1,0,0,0
LTE,520,3,843,164357251,0,100.593,13.714,1000,1,1,0,0,0
UMTS,520,1,1010,1564418,0,100.596,13.714,1000,1,1,0,0,0
UMTS,520,0,18,7332227,0,100.586,13.714,1000,1,1,0,0,0
UMTS,520,15,13015,42613381,0,100.595,13.714,1000,1,1,0,0,0
UMTS,520,15,13011,42613374,0,100.594,13.714,1000,1,1,0,0,0
UMTS,520,15,13011,42619444,0,100.583,13.714,1000,1,1,0,0,0
LTE,520,3,843,164558181,0,100.593,13.714,2222,1,1,0,0,0
LTE,520,5,4010,25610516,0,100.584,13.714,1000,1,1,0,0,0
LTE,520,5,51032,5380,0,100.592,13.714,1000,1,1,0,0,0
UMTS,520,5,3101,4112,0,100.592,13.714,2923,1,1,0,0,0
UMTS,520,15,13011,42624270,0,100.592,13.714,1000,1,1,0,0,0
LTE,520,3,843,164561510,0,100.592,13.714,1000,1,1,0,0,0
UMTS,520,15,13011,42622667,0,100.595,13.714,1000,1,1,0,0,0
UMTS,520,18,14782,9122299,0,100.599,13.714,1952,1,1,0,0,0
UMTS,520,1,843,164361595,0,100.594,13.714,1000,1,1,0,0,0
LTE,520,4,20004,860477,0,100.593,13.714,1000,1,1,0,0,0
UMTS,520,3,13015,42613388,0,100.595,13.714,1000,1,1,0,0,0
UMTS,520,15,16025,41893571,0,100.587,13.714,1000,1,1,0,0,0
UMTS,520,15,16021,41895157,0,100.587,13.714,1000,1,1,0,0,0
LTE,520,3,864,164359783,0,100.59,13.714,1000,1,1,0,0,0
GSM,520,1,50040,629,0,100.584,13.714,1000,1,1,0,0,0
LTE,520,4,1010,2030367,0,100.585,13.714,8656,1,1,0,0,0
LTE,520,4,1010,169246,0,100.598,13.714,4765,1,1,0,0,0
UMTS,520,3,6025,41578707,0,100.594,13.714,1000,1,1,0,0,0
UMTS,520,15,13011,42623363,0,100.595,13.714,1000,1,1,0,0,0
LTE,520,4,5010,25966336,0,100.6,13.714,4106,1,1,0,0,0
LTE,520,3,843,164357095,0,100.593,13.714,1000,1,1,0,0,0
UMTS,520,3,13015,42617718,0,100.584,13.714,1000,1,1,0,0,0
UMTS,520,0,18,7335987,0,100.592,13.714,1000,1,1,0,0,0
UMTS,520,3,6025,41572478,0,100.593,13.714,1000,1,1,0,0,0
GSM,520,1,17010,679,0,100.599,13.714,1000,1,1,0,0,0
UMTS,520,3,3101,64274691,0,100.593,13.714,1000,1,1,0,0,0
LTE,520,4,1032,40279170,0,100.594,13.714,1000,1,1,0,0,0
LTE,520,3,843,164356972,0,100.592,13.714,1000,1,1,0,0,0
UMTS,520,4,1012,7329878,0,100.592,13.714,1000,1,1,0,0,0
UMTS,520,99,18,7332649,0,100.592,13.714,1000,1,1,0,0,0
UMTS,520,15,13011,42619339,0,100.586,13.714,6490,1,1,0,0,0
UMTS,520,4,18,7330164,0,100.588,13.714,1000,1,1,0,0,0
UMTS,520,3,13015,42617738,0,100.584,13.714,1000,1,1,0,0,0
LTE,520,5,1010,2030378,0,100.593,13.714,1000,1,1,0,0,0
LTE,520,3,843,164557670,0,100.594,13.714,1000,1,1,0,0,0
LTE,520,18,3101,62509059,0,100.589,13.714,10365,1,1,0,0,0
LTE,520,4,3004,860417,0,100.587,13.714,1000,1,1,0,0,0
GSM,520,99,16061,4014,0,100.584,13.714,1000,1,1,0,0,0
UMTS,520,3,13015,42620704,0,100.596,13.714,1000,1,1,0,0,0
LTE,520,18,3101,64274691,0,100.591,13.714,1000,1,1,0,0,0
UMTS,520,3,13015,42613384,0,100.595,13.714,1000,1,1,0,0,0
LTE,520,3,843,164361593,0,100.587,13.714,5550,1,1,0,0,0
UMTS,520,3,13015,42624268,0,100.592,13.714,1000,1,1,0,0,0
UMTS,520,5,1605,23931737,0,100.593,13.714,1538,1,1,0,0,0
LTE,520,4,20004,27085116,0,100.589,13.714,1458,1,1,0,0,0
UMTS,520,5,3101,0,0,100.585,13.714,9082,1,1,0,0,0
LTE,520,3,847,156930673,0,100.584,13.714,1000,1,1,0,0,0
UMTS,520,5,14782,9123352,0,100.591,13.714,1000,1,1,0,0,0
LTE,520,47,33101,78391071,0,100.593,13.714,1000,1,1,0,0,0
UMTS,520,5,3101,23686061,0,100.586,13.714,1000,1,1,0,0,0
UMTS,520,5,3101,23683411,0,100.593,13.714,1000,1,1,0,0,0
LTE,520,18,3101,23686060,0,100.587,13.714,1000,1,1,0,0,0
UMTS,520,15,16021,41890018,0,100.59,13.714,3887,1,1,0,0,0
UMTS,520,15,16021,41892686,0,100.59,13.714,3272,1,1,0,0,0
LTE,520,47,44032,1784648,0,100.586,13.714,1000,1,1,0,0,0
LTE,520,47,51006,79638837,0,100.593,13.714,1000,1,1,0,0,0
LTE,520,3,843,164356975,0,100.592,13.714,1314,1,1,0,0,0
UMTS,520,15,16021,41894832,0,100.587,13.714,1000,1,1,0,0,0
UMTS,520,3,6025,41572468,0,100.593,13.714,1000,1,1,0,0,0
UMTS,520,3,16025,41893571,0,100.588,13.714,1000,1,1,0,0,0
LTE,520,47,33101,79638837,0,100.593,13.714,1000,1,1,0,0,0
LTE,520,3,864,164359781,0,100.591,13.714,6016,1,1,0,0,0
UMTS,520,3,4015,42163336,0,100.6,13.714,8301,1,1,0,0,0
UMTS,520,15,13011,42619439,0,100.584,13.714,1000,1,1,0,0,0
LTE,520,47,54032,1784578,0,100.586,13.714,1000,1,1,0,0,0
LTE,520,47,54006,76917526,0,100.586,13.714,1000,1,1,0,0,0
UMTS,520,5,1605,23932999,0,100.586,13.714,1000,1,1,0,0,0
LTE,520,5,54032,1784577,0,100.586,13.714,1000,1,1,0,0,0
LTE,520,3,843,164359547,0,100.593,13.714,1000,1,1,0,0,0
LTE,520,3,846,164361829,0,100.593,13.714,3066,1,1,0,0,0
LTE,520,4,41006,9170236,0,100.591,13.714,1000,1,1,0,0,0
UMTS,520,15,13011,42614450,0,100.593,13.714,1000,1,1,0,0,0
UMTS,520,99,121,11399937,0,100.593,13.714,1000,1,1,0,0,0
GSM,520,99,1622,33780,0,100.585,13.714,1000,1,1,0,0,0
GSM,520,1,50040,585,0,100.592,13.714,1702,1,1,0,0,0
UMTS,520,3,16025,41893566,0,100.587,13.714,1000,1,1,0,0,0
LTE,520,18,1229,5165701,0,100.595,13.714,1000,1,1,0,0,0
UMTS,520,0,18,7332430,0,100.596,13.714,1000,1,1,0,0,0
UMTS,520,3,13015,42603875,0,100.585,13.714,1000,1,1,0,0,0
UMTS,520,3,13015,42617721,0,100.585,13.714,1000,1,1,0,0,0
UMTS,520,18,14612,7342080,0,100.585,13.714,1000,1,1,0,0,0
GSM,520,18,14239,5320,0,100.585,13.714,1000,1,1,0,0,0
UMTS,520,3,16025,41891167,0,100.585,13.714,1000,1,1,0,0,0
UMTS,520,3,13015,42618342,0,100.585,13.714,1000,1,1,0,0,0
LTE,520,4,4010,2030366,0,100.585,13.714,1000,1,1,0,0,0
UMTS,520,3,16025,41902606,0,100.586,13.714,1000,1,1,0,0,0
UMTS,520,3,13015,42603872,0,100.586,13.714,1000,1,1,0,0,0
UMTS,520,18,14612,7341038,0,100.586,13.714,1000,1,1,0,0,0
UMTS,520,0,18,7342084,0,100.586,13.714,1000,1,1,0,0,0
UMTS,520,3,16025,41891147,0,100.586,13.714,1000,1,1,0,0,0
UMTS,520,3,16025,41891165,0,100.586,13.714,1000,1,1,0,0,0
UMTS,520,0,18,137730347,0,100.589,13.714,1000,1,1,0,0,0
LTE,520,4,4010,10002178,0,100.589,13.714,1000,1,1,0,0,0
UMTS,520,3,16025,41892987,0,100.589,13.714,1000,1,1,0,0,0
UMTS,520,3,16025,41898757,0,100.589,13.714,1000,1,1,0,0,0
UMTS,520,18,14717,7352718,0,100.592,13.714,1000,1,1,0,0,0
UMTS,520,18,14717,7865325,0,100.592,13.714,1000,1,1,0,0,0
UMTS,520,18,14717,23675010,0,100.592,13.714,1000,1,1,0,0,0
UMTS,520,18,14717,23336441,0,100.592,13.714,1000,1,1,0,0,0
UMTS,520,5,3103,7865323,0,100.592,13.714,1000,1,1,0,0,0
LTE,520,5,113,8522497,0,100.592,13.714,1000,1,1,0,0,0
UMTS,520,3,7025,42031227,0,100.592,13.714,1000,1,1,0,0,0
UMTS,520,3,7025,42031244,0,100.592,13.714,1000,1,1,0,0,0
UMTS,520,3,7025,42031241,0,100.592,13.714,1000,1,1,0,0,0
UMTS,520,3,6025,41572475,0,100.592,13.714,1000,1,1,0,0,0
UMTS,520,3,16025,41882689,0,100.592,13.714,1000,1,1,0,0,0
UMTS,520,3,16025,41882686,0,100.592,13.714,1000,1,1,0,0,0
UMTS,520,3,13015,42603552,0,100.592,13.714,1000,1,1,0,0,0
UMTS,520,3,13015,42613348,0,100.592,13.714,1000,1,1,0,0,0
UMTS,520,18,14612,7865323,0,100.592,13.714,1000,1,1,0,0,0
UMTS,520,18,14612,23675011,0,100.592,13.714,1000,1,1,0,0,0
UMTS,520,15,18,7324927,0,100.592,13.714,1000,1,1,0,0,0
UMTS,520,3,7025,42045597,0,100.592,13.714,1000,1,1,0,0,0
UMTS,520,3,13015,41898736,0,100.592,13.714,1000,1,1,0,0,0
UMTS,520,3,13015,42614150,0,100.592,13.714,1000,1,1,0,0,0
UMTS,520,0,18,7321807,0,100.592,13.714,1000,1,1,0,0,0
UMTS,520,0,18,7312375,0,100.592,13.714,1000,1,1,0,0,0
UMTS,520,0,18,7312335,0,100.592,13.714,1000,1,1,0,0,0
UMTS,520,0,18,7312385,0,100.592,13.714,1000,1,1,0,0,0
UMTS,520,4,1010,10002176,0,100.593,13.714,1000,1,1,0,0,0
UMTS,520,18,14717,7865322,0,100.593,13.714,1000,1,1,0,0,0
UMTS,520,5,3103,23675010,0,100.593,13.714,1000,1,1,0,0,0
LTE,520,5,121,5378,0,100.593,13.714,1000,1,1,0,0,0
LTE,520,5,122,5378,0,100.593,13.714,1000,1,1,0,0,0
UMTS,520,3,6025,41578727,0,100.593,13.714,1000,1,1,0,0,0
UMTS,520,3,7025,42031237,0,100.593,13.714,1000,1,1,0,0,0
UMTS,520,3,7025,42031224,0,100.593,13.714,1000,1,1,0,0,0
UMTS,520,18,48697,9110509,0,100.593,13.714,1000,1,1,0,0,0
UMTS,520,3,16025,41898737,0,100.593,13.714,1000,1,1,0,0,0
UMTS,520,3,16025,41908525,0,100.593,13.714,1000,1,1,0,0,0
UMTS,520,3,16025,41908526,0,100.593,13.714,1000,1,1,0,0,0
UMTS,520,3,13015,42613331,0,100.593,13.714,1000,1,1,0,0,0
UMTS,520,3,13015,42613341,0,100.593,13.714,1000,1,1,0,0,0
UMTS,520,18,14612,7341037,0,100.593,13.714,1000,1,1,0,0,0
UMTS,520,0,18,7313927,0,100.593,13.714,1000,1,1,0,0,0
UMTS,520,0,18,7332649,0,100.593,13.714,1000,1,1,0,0,0
UMTS,520,0,14239,5773,0,100.593,13.714,1000,1,1,0,0,0
UMTS,520,0,18,137730089,0,100.593,13.714,1000,1,1,0,0,0
UMTS,520,3,16025,41898736,0,100.593,13.714,1000,1,1,0,0,0
UMTS,520,3,13015,42614140,0,100.593,13.714,1000,1,1,0,0,0
UMTS,520,15,1102,6884463,0,100.593,13.714,1000,1,1,0,0,0
UMTS,520,0,18,137730087,0,100.593,13.714,1000,1,1,0,0,0
UMTS,520,15,38206,42614150,0,100.593,13.714,1000,1,1,0,0,0
UMTS,520,5,3001,23003692,0,100.594,13.714,1000,1,1,0,0,0
UMTS,520,18,14239,2986178,0,100.594,13.714,1000,1,1,0,0,0
UMTS,520,3,7025,42037478,0,100.594,13.714,1000,1,1,0,0,0
UMTS,520,5,3101,23665069,0,100.594,13.714,1000,1,1,0,0,0
UMTS,520,5,3103,23665069,0,100.594,13.714,1000,1,1,0,0,0
UMTS,520,3,7025,42037469,0,100.594,13.714,1000,1,1,0,0,0
UMTS,520,3,7025,42037480,0,100.594,13.714,1000,1,1,0,0,0
UMTS,520,3,16025,41914285,0,100.594,13.714,1000,1,1,0,0,0
UMTS,520,3,16025,41914295,0,100.594,13.714,1000,1,1,0,0,0
UMTS,520,3,13015,42614450,0,100.594,13.714,1000,1,1,0,0,0
UMTS,520,18,14612,7346916,0,100.594,13.714,1000,1,1,0,0,0
UMTS,520,15,18,7324907,0,100.594,13.714,1000,1,1,0,0,0
LTE,520,18,3101,64462337,0,100.594,13.714,1000,1,1,0,0,0
UMTS,520,3,13015,42613368,0,100.594,13.714,1000,1,1,0,0,0
UMTS,520,3,13015,42614470,0,100.594,13.714,1000,1,1,0,0,0
UMTS,520,3,13015,42619210,0,100.594,13.714,1000,1,1,0,0,0
UMTS,520,3,13015,42613371,0,100.596,13.714,1000,1,1,0,0,0
GSM,520,1,17010,577,0,100.597,13.714,1000,1,1,0,0,0
UMTS,520,3,13015,42614303,0,100.597,13.714,1000,1,1,0,0,0
UMTS,520,3,13015,42613376,0,100.597,13.714,1000,1,1,0,0,0
UMTS,520,3,13015,42614293,0,100.597,13.714,1000,1,1,0,0,0
UMTS,520,3,13015,42613366,0,100.597,13.714,1000,1,1,0,0,0
UMTS,520,3,7025,42027533,0,100.6,13.714,1000,1,1,0,0,0
UMTS,520,3,7025,42034638,0,100.6,13.714,1000,1,1,0,0,0
UMTS,520,18,14782,23683139,0,100.6,13.714,1000,1,1,0,0,0
UMTS,520,3,16025,41910066,0,100.6,13.714,1000,1,1,0,0,0
UMTS,520,3,13015,42603571,0,100.6,13.714,1000,1,1,0,0,0
LTE,520,5,121,11230979,0,100.6,13.714,1000,1,1,0,0,0
UMTS,520,5,3103,23683140,0,100.6,13.714,1000,1,1,0,0,0
UMTS,520,0,18,7321146,0,100.585,13.714,1000,1,1,0,0,0
GSM,520,99,16061,4052,0,100.586,13.714,1000,1,1,0,0,0
UMTS,520,15,1102,6883961,0,100.587,13.714,1000,1,1,0,0,0
UMTS,520,5,3103,23675011,0,100.589,13.714,1000,1,1,0,0,0
UMTS,520,3,13015,42613333,0,100.592,13.714,1000,1,1,0,0,0
UMTS,520,0,18,7324927,0,100.592,13.714,1000,1,1,0,0,0
UMTS,520,3,7025,42037479,0,100.593,13.714,1000,1,1,0,0,0
LTE,520,3,396,9941204,0,100.588,13.714,1000,1,1,0,0,0
LTE,520,3,50040,575,0,100.592,13.714,1000,1,1,0,0,0
LTE,520,3,864,157057896,0,100.584,13.714,1000,1,1,0,0,0
LTE,520,47,54006,76917525,0,100.586,13.714,1000,1,1,0,0,0
UMTS,520,3,13015,42617731,0,100.586,13.714,1000,1,1,0,0,0
LTE,520,47,53021,78531269,0,100.586,13.714,1000,1,1,0,0,0
LTE,520,3,843,164557673,0,100.592,13.714,1000,1,1,0,0,0
LTE,520,5,51032,1097989,0,100.592,13.714,1000,1,1,0,0,0
LTE,520,47,51006,79638835,0,100.593,13.714,1000,1,1,0,0,0
UMTS,520,15,4011,42155432,0,100.585,13.714,6612,1,1,0,0,0
LTE,520,47,33101,79638835,0,100.592,13.714,1000,1,1,0,0,0
UMTS,520,15,13011,41891309,0,100.592,13.714,1000,1,1,0,0,0
LTE,520,3,843,164361573,0,100.596,13.714,1080,1,1,0,0,0
UMTS,520,15,13011,42617726,0,100.586,13.714,1000,1,1,0,0,0
LTE,520,3,843,164361574,0,100.595,13.714,1000,1,1,0,0,0
LTE,520,47,33101,79055627,0,100.592,13.714,1000,1,1,0,0,0
UMTS,520,15,65534,164359803,0,100.589,13.714,1000,1,1,0,0,0
UMTS,520,3,16025,41894832,0,100.588,13.714,1000,1,1,0,0,0
LTE,520,47,33101,78391072,0,100.592,13.714,1000,1,1,0,0,0
UMTS,520,5,13011,42620703,0,100.596,13.714,1000,1,1,0,0,0
LTE,520,47,53021,78531249,0,100.586,13.715,1000,1,1,0,0,0
LTE,520,47,53021,78531259,0,100.586,13.715,1000,1,1,0,0,0
UMTS,520,5,1605,23948769,0,100.592,13.715,1000,1,1,0,0,0
UMTS,520,4,1622,137728665,0,100.585,13.715,1000,1,1,0,0,0
UMTS,520,15,16021,41888492,0,100.59,13.715,4118,1,1,0,0,0
UMTS,520,18,14782,9116388,0,100.593,13.715,1000,1,1,0,0,0
LTE,520,3,847,156930681,0,100.585,13.715,1000,1,1,0,0,0
UMTS,520,3,16025,41899645,0,100.588,13.715,1000,1,1,0,0,0
UMTS,520,15,16021,41893568,0,100.588,13.715,1000,1,1,0,0,0
LTE,520,5,121,5377,0,100.593,13.715,1000,1,1,0,0,0
UMTS,520,15,16021,41894831,0,100.588,13.715,1000,1,1,0,0,0
LTE,520,5,121,11230980,0,100.596,13.715,1000,1,1,0,0,0
UMTS,520,3,13015,42613381,0,100.595,13.715,1000,1,1,0,0,0
UMTS,520,15,16021,41892147,0,100.594,13.715,1688,1,1,0,0,0
UMTS,520,5,3101,23683144,0,100.6,13.715,1000,1,1,0,0,0
GSM,520,18,14239,2809,0,100.6,13.715,1403,1,1,0,0,0
UMTS,520,5,3101,23675014,0,100.592,13.715,1000,1,1,0,0,0
LTE,520,3,843,164357498,0,100.598,13.715,1937,1,1,0,0,0
UMTS,520,5,3103,23679334,0,100.584,13.715,3430,1,1,0,0,0
UMTS,520,15,13015,42614312,0,100.598,13.715,1000,1,1,0,0,0
UMTS,520,15,13011,42619652,0,100.584,13.715,1000,1,1,0,0,0
GSM,520,1,50040,745,0,100.585,13.715,1000,1,1,0,0,0
LTE,520,5,4010,2030366,0,100.585,13.715,1000,1,1,0,0,0
UMTS,520,5,1605,23933000,0,100.586,13.715,1000,1,1,0,0,0
LTE,520,5,54032,1784578,0,100.586,13.715,1000,1,1,0,0,0
LTE,520,5,54006,76917525,0,100.586,13.715,1000,1,1,0,0,0
LTE,520,5,44032,1784647,0,100.586,13.715,1000,1,1,0,0,0
UMTS,520,0,18,7310097,0,100.592,13.715,1000,1,1,0,0,0
UMTS,520,4,1605,137729688,0,100.59,13.715,1000,1,1,0,0,0
UMTS,520,15,13011,42623381,0,100.592,13.715,1000,1,1,0,0,0
UMTS,520,5,3101,23683417,0,100.589,13.715,1000,1,1,0,0,0
UMTS,520,3,16025,41893568,0,100.586,13.715,1000,1,1,0,0,0
LTE,520,3,864,156939386,0,100.589,13.715,3904,1,1,0,0,0
LTE,520,3,843,164557671,0,100.594,13.715,1000,1,1,0,0,0
UMTS,520,3,13015,42618362,0,100.584,13.715,4566,1,1,0,0,0
LTE,520,5,53021,78531259,0,100.585,13.715,1000,1,1,0,0,0
LTE,520,5,54006,76917527,0,100.586,13.715,1000,1,1,0,0,0
LTE,520,5,4010,2030386,0,100.586,13.715,1000,1,1,0,0,0
UMTS,520,4,1605,137730557,0,100.593,13.715,4626,1,1,0,0,0
UMTS,520,5,3101,23675010,0,100.593,13.715,1000,1,1,0,0,0
UMTS,520,5,3101,23659052,0,100.596,13.715,1000,1,1,0,0,0
LTE,520,4,1032,9170328,0,100.592,13.715,1000,1,1,0,0,0
LTE,520,3,843,164561509,0,100.594,13.715,1000,1,1,0,0,0
LTE,520,4,1032,40279172,0,100.592,13.715,1000,1,1,0,0,0
UMTS,520,0,18,7307622,0,100.586,13.715,1000,1,1,0,0,0
LTE,520,3,846,164361831,0,100.592,13.715,6935,1,1,0,0,0
LTE,520,4,1010,2030336,0,100.586,13.715,1000,1,1,0,0,0
GSM,520,1,50040,573,0,100.59,13.715,1000,1,1,0,0,0
LTE,520,18,3101,64274690,0,100.592,13.715,6497,1,1,0,0,0
GSM,520,18,14239,1935,0,100.594,13.715,4699,1,1,0,0,0
LTE,520,3,864,164359802,0,100.591,13.715,1000,1,1,0,0,0
UMTS,520,3,13015,42614313,0,100.598,13.715,1000,1,1,0,0,0
UMTS,520,5,18,7307622,0,100.585,13.715,1000,1,1,0,0,0
UMTS,520,15,13011,42618889,0,100.584,13.715,1000,1,1,0,0,0
UMTS,520,3,7025,42037459,0,100.592,13.715,1000,1,1,0,0,0
UMTS,520,15,13011,42614363,0,100.589,13.715,1845,1,1,0,0,0
LTE,520,4,1010,1564448,0,100.595,13.715,1000,1,1,0,0,0
LTE,520,4,1032,9170308,0,100.592,13.715,1000,1,1,0,0,0
LTE,520,5,168,12833281,0,100.594,13.715,1000,1,1,0,0,0
UMTS,520,3,3101,64462081,0,100.595,13.715,1000,1,1,0,0,0
LTE,520,3,864,156942949,0,100.592,13.715,1144,1,1,0,0,0
UMTS,520,3,13015,42610163,0,100.593,13.715,3336,1,1,0,0,0
LTE,520,4,1032,20383108,0,100.595,13.715,1000,1,1,0,0,0
LTE,520,4,1010,1564418,0,100.596,13.715,1000,1,1,0,0,0
LTE,520,5,54006,76917515,0,100.585,13.715,1000,1,1,0,0,0
LTE,520,5,1010,9170207,0,100.592,13.715,1000,1,1,0,0,0
UMTS,520,0,1006,10054893,0,100.592,13.715,6392,1,1,0,0,0
UMTS,520,4,1622,137730293,0,100.584,13.715,1000,1,1,0,0,0
UMTS,520,3,6025,41572465,0,100.592,13.715,1000,1,1,0,0,0
LTE,520,47,33101,78391073,0,100.592,13.715,1000,1,1,0,0,0
LTE,520,5,121,3105537,0,100.596,13.715,1000,1,1,0,0,0
LTE,520,3,14239,1930,0,100.599,13.715,1000,1,1,0,0,0
GSM,520,1,17010,579,0,100.597,13.715,1000,1,1,0,0,0
GSM,520,18,14239,22,0,100.594,13.715,1000,1,1,0,0,0
LTE,520,47,33101,78391061,0,100.592,13.715,1000,1,1,0,0,0
UMTS,520,3,13015,42622148,0,100.594,13.715,1000,1,1,0,0,0
UMTS,520,15,13011,42618927,0,100.594,13.715,1000,1,1,0,0,0
LTE,520,3,843,164557669,0,100.593,13.715,1000,1,1,0,0,0
LTE,520,4,1010,10022689,0,100.594,13.715,1000,1,1,0,0,0
LTE,520,47,33101,78391063,0,100.592,13.715,1000,1,1,0,0,0
UMTS,520,18,14782,9111552,0,100.585,13.715,1000,1,1,0,0,0
UMTS,520,15,13011,42613341,0,100.59,13.715,1106,1,1,0,0,0
LTE,520,4,1032,40279192,0,100.591,13.715,1000,1,1,0,0,0
UMTS,520,1,112,2004738,0,100.595,13.715,2718,1,1,0,0,0
LTE,520,3,843,164557690,0,100.594,13.715,1000,1,1,0,0,0
LTE,520,3,843,164557694,0,100.594,13.715,1000,1,1,0,0,0
LTE,520,3,843,164557674,0,100.594,13.715,1000,1,1,0,0,0
LTE,520,3,864,154018918,0,100.586,13.715,1000,1,1,0,0,0
LTE,520,4,1010,1564416,0,100.599,13.715,1000,1,1,0,0,0
GSM,520,1,50040,634,0,100.584,13.715,1000,1,1,0,0,0
UMTS,520,4,1613,137728426,0,100.592,13.715,1000,1,1,0,0,0
LTE,520,3,864,164359803,0,100.591,13.715,1000,1,1,0,0,0
LTE,520,4,4020,39079,0,100.591,13.715,1000,1,1,0,0,0
UMTS,520,4,1605,137726182,0,100.587,13.715,1000,1,1,0,0,0
UMTS,520,5,3101,23675012,0,100.593,13.715,1000,1,1,0,0,0
UMTS,520,3,7025,42031231,0,100.592,13.715,1000,1,1,0,0,0
UMTS,520,0,18,7310099,0,100.592,13.715,1000,1,1,0,0,0
UMTS,520,18,14782,9110509,0,100.594,13.715,1000,1,1,0,0,0
UMTS,520,3,6025,41578705,0,100.595,13.715,1000,1,1,0,0,0
UMTS,520,3,13015,42614312,0,100.599,13.715,1000,1,1,0,0,0
LTE,520,3,864,157078375,0,100.59,13.715,1000,1,1,0,0,0
UMTS,520,15,13011,41892986,0,100.591,13.715,1000,1,1,0,0,0
LTE,520,47,33101,79055629,0,100.591,13.715,1000,1,1,0,0,0
LTE,520,3,847,156930791,0,100.584,13.715,1000,1,1,0,0,0
LTE,520,5,1010,9170208,0,100.592,13.715,1000,1,1,0,0,0
UMTS,520,5,3101,64274690,0,100.594,13.715,1000,1,1,0,0,0
GSM,520,99,1605,33081,0,100.593,13.715,1000,1,1,0,0,0
UMTS,520,5,3101,23665070,0,100.594,13.715,1000,1,1,0,0,0
GSM,520,1,17010,711,0,100.598,13.715,1000,1,1,0,0,0
GSM,520,99,1605,33093,0,100.595,13.715,1000,1,1,0,0,0
UMTS,520,18,3101,65093378,0,100.586,13.715,1000,1,1,0,0,0
LTE,520,18,3101,64462083,0,100.587,13.715,6803,1,1,0,0,0
LTE,520,3,864,154018920,0,100.585,13.715,1000,1,1,0,0,0
LTE,520,4,1010,10022659,0,100.593,13.715,1000,1,1,0,0,0
GSM,520,1,50040,746,0,100.585,13.715,1000,1,1,0,0,0
LTE,520,5,121,8089859,0,100.585,13.715,5671,1,1,0,0,0
UMTS,520,5,3101,64462081,0,100.594,13.715,1000,1,1,0,0,0
LTE,520,18,3101,64648449,0,100.586,13.715,7814,1,1,0,0,0
LTE,520,4,1032,9170329,0,100.591,13.715,1000,1,1,0,0,0
UMTS,520,3,13015,42614302,0,100.6,13.715,1000,1,1,0,0,0
LTE,520,47,33101,79055669,0,100.591,13.715,1000,1,1,0,0,0
UMTS,520,5,18,7318637,0,100.585,13.715,1000,1,1,0,0,0
LTE,520,3,843,164359527,0,100.594,13.715,1000,1,1,0,0,0
UMTS,520,5,3101,23675013,0,100.595,13.715,1000,1,1,0,0,0
LTE,520,47,33101,79055659,0,100.591,13.715,1000,1,1,0,0,0
LTE,520,5,121,5319939,0,100.597,13.715,1000,1,1,0,0,0
LTE,520,5,3004,13916447,0,100.589,13.715,1000,1,1,0,0,0
LTE,520,3,843,164357224,0,100.591,13.715,1000,1,1,0,0,0
UMTS,520,3,13015,42614163,0,100.591,13.715,1000,1,1,0,0,0
UMTS,520,15,16021,42223103,0,100.591,13.715,1000,1,1,0,0,0
LTE,520,47,33101,79055657,0,100.591,13.715,1000,1,1,0,0,0
LTE,520,3,845,164360827,0,100.596,13.715,3292,1,1,0,0,0
LTE,520,3,843,164356965,0,100.597,13.715,2844,1,1,0,0,0
LTE,520,47,33101,79055679,0,100.591,13.715,1000,1,1,0,0,0
LTE,520,47,33101,78391053,0,100.591,13.715,1000,1,1,0,0,0
UMTS,520,3,65534,164359803,0,100.591,13.715,1000,1,1,0,0,0
LTE,520,99,1010,10022688,0,100.591,13.715,1000,1,1,0,0,0
LTE,520,99,3004,860446,0,100.591,13.715,1000,1,1,0,0,0
LTE,520,47,33101,79055649,0,100.591,13.715,1000,1,1,0,0,0
LTE,520,47,33101,79055678,0,100.591,13.715,1000,1,1,0,0,0
UMTS,520,15,13011,42622490,0,100.594,13.715,1000,1,1,0,0,0
LTE,520,3,379,9914711,0,100.585,13.715,1000,1,1,0,0,0
LTE,520,3,864,157069157,0,100.592,13.715,3042,1,1,0,0,0
LTE,520,47,33101,79055668,0,100.591,13.715,1000,1,1,0,0,0
UMTS,520,3,14782,9122190,0,100.591,13.715,1000,1,1,0,0,0
LTE,520,18,121,8089858,0,100.591,13.715,1000,1,1,0,0,0
UMTS,520,15,13011,42620616,0,100.594,13.715,1000,1,1,0,0,0
LTE,520,4,3004,9986818,0,100.589,13.715,1492,1,1,0,0,0
UMTS,520,3,13015,42617711,0,100.585,13.715,1000,1,1,0,0,0
GSM,520,18,14239,1937,0,100.595,13.715,1000,1,1,0,0,0
UMTS,520,15,13011,42614510,0,100.594,13.715,1000,1,1,0,0,0
UMTS,520,0,18,7332647,0,100.594,13.715,1000,1,1,0,0,0
UMTS,520,15,13011,42619220,0,100.594,13.715,1000,1,1,0,0,0
UMTS,520,5,1605,23947879,0,100.591,13.715,1000,1,1,0,0,0
LTE,520,3,843,164357252,0,100.591,13.715,1000,1,1,0,0,0
UMTS,520,15,13011,42622480,0,100.598,13.715,1000,1,1,0,0,0
LTE,520,3,864,154018919,0,100.586,13.715,1000,1,1,0,0,0
LTE,520,47,33101,78391051,0,100.592,13.715,1000,1,1,0,0,0
LTE,520,3,843,164359290,0,100.598,13.715,1841,1,1,0,0,0
UMTS,520,5,3101,23675009,0,100.589,13.715,1000,1,1,0,0,0
UMTS,520,5,3101,23671663,0,100.585,13.715,1000,1,1,0,0,0
UMTS,520,0,18,7313907,0,100.594,13.715,1000,1,1,0,0,0
LTE,520,3,14239,1637,0,100.594,13.715,1000,1,1,0,0,0
LTE,520,18,3101,64274689,0,100.594,13.715,1000,1,1,0,0,0
UMTS,520,15,13011,41894832,0,100.588,13.715,1000,1,1,0,0,0
LTE,520,5,4066,40094920,0,100.59,13.715,1000,1,1,0,0,0
LTE,520,5,121,606724,0,100.59,13.715,1000,1,1,0,0,0
LTE,520,5,4066,40768202,0,100.59,13.715,1000,1,1,0,0,0
LTE,520,3,847,156930671,0,100.588,13.715,1000,1,1,0,0,0
LTE,520,5,1010,9170206,0,100.59,13.715,1000,1,1,0,0,0
LTE,520,47,33101,79055647,0,100.591,13.715,1000,1,1,0,0,0
LTE,520,47,51006,79638836,0,100.591,13.715,1000,1,1,0,0,0
LTE,520,3,864,164359912,0,100.591,13.715,1000,1,1,0,0,0
UMTS,520,0,18,7313447,0,100.59,13.715,1000,1,1,0,0,0
UMTS,520,15,16021,42623363,0,100.591,13.715,1000,1,1,0,0,0
LTE,520,47,33101,77443339,0,100.59,13.715,1000,1,1,0,0,0
LTE,520,47,33101,78531093,0,100.59,13.715,1000,1,1,0,0,0
LTE,520,47,33101,78731019,0,100.59,13.715,1000,1,1,0,0,0
UMTS,520,5,3101,23682697,0,100.59,13.715,4481,1,1,0,0,0
UMTS,520,15,13011,42618860,0,100.599,13.715,1000,1,1,0,0,0
UMTS,520,15,4011,42154415,0,100.585,13.715,7392,1,1,0,0,0
LTE,520,3,864,156928870,0,100.586,13.715,1000,1,1,0,0,0
LTE,520,4,3004,10191647,0,100.584,13.715,1000,1,1,0,0,0
UMTS,520,5,18,7330166,0,100.585,13.715,1000,1,1,0,0,0
UMTS,520,5,18,7332227,0,100.585,13.715,1000,1,1,0,0,0
UMTS,520,3,13015,41892142,0,100.591,13.715,1000,1,1,0,0,0
LTE,520,3,845,164892263,0,100.588,13.715,7949,1,1,0,0,0
LTE,520,3,864,164359911,0,100.591,13.716,1000,1,1,0,0,0
UMTS,520,3,13015,42618862,0,100.599,13.716,1000,1,1,0,0,0
LTE,520,18,3101,62509060,0,100.597,13.716,1473,1,1,0,0,0
GSM,520,1,24040,697,0,100.594,13.716,2484,1,1,0,0,0
UMTS,520,3,13011,42622480,0,100.599,13.716,1000,1,1,0,0,0
LTE,520,3,846,164365926,0,100.599,13.716,3982,1,1,0,0,0
UMTS,520,15,13011,42618863,0,100.599,13.716,1000,1,1,0,0,0
LTE,520,3,843,164355173,0,100.597,13.716,3838,1,1,0,0,0
LTE,520,3,843,164359291,0,100.596,13.716,1000,1,1,0,0,0
UMTS,520,15,13011,42614312,0,100.599,13.716,1000,1,1,0,0,0
UMTS,520,15,13011,42614318,0,100.599,13.716,1000,1,1,0,0,0
UMTS,520,15,13011,42622479,0,100.599,13.716,1000,1,1,0,0,0
LTE,520,3,864,164366950,0,100.589,13.716,9529,1,1,0,0,0
UMTS,520,15,13011,42613378,0,100.596,13.716,4745,1,1,0,0,0
UMTS,520,15,13011,42622487,0,100.599,13.716,1000,1,1,0,0,0
UMTS,520,0,18,7321098,0,100.59,13.716,1304,1,1,0,0,0
UMTS,520,3,13015,42622488,0,100.598,13.716,1000,1,1,0,0,0
LTE,520,18,3101,64462081,0,100.596,13.716,1243,1,1,0,0,0
GSM,520,3,24040,785,0,100.585,13.716,1000,1,1,0,0,0
UMTS,520,3,18,7307622,0,100.585,13.716,1000,1,1,0,0,0
UMTS,520,3,13015,42618860,0,100.599,13.716,1000,1,1,0,0,0
LTE,520,47,33101,79055639,0,100.591,13.716,1000,1,1,0,0,0
LTE,520,3,864,164359801,0,100.587,13.716,6385,1,1,0,0,0
GSM,520,3,14239,6971,0,100.585,13.716,1000,1,1,0,0,0
UMTS,520,3,13015,42622479,0,100.6,13.716,1000,1,1,0,0,0
LTE,520,3,843,164359280,0,100.599,13.716,1000,1,1,0,0,0
UMTS,520,1,16021,41891928,0,100.589,13.716,3875,1,1,0,0,0
UMTS,520,5,3101,23670859,0,100.586,13.716,2524,1,1,0,0,0
UMTS,520,99,1010,2030336,0,100.585,13.716,1000,1,1,0,0,0
LTE,520,4,1010,10022656,0,100.595,13.716,1000,1,1,0,0,0
UMTS,520,3,13015,42620651,0,100.593,13.716,1000,1,1,0,0,0
UMTS,520,3,18,7318637,0,100.585,13.716,1000,1,1,0,0,0
UMTS,520,4,3101,860416,0,100.591,13.716,1000,1,1,0,0,0
UMTS,520,0,18,7321809,0,100.591,13.716,1000,1,1,0,0,0
GSM,520,1,50040,754,0,100.592,13.716,1000,1,1,0,0,0
GSM,520,99,1605,33830,0,100.592,13.716,1000,1,1,0,0,0
GSM,520,99,16061,4125,0,100.599,13.716,1000,1,1,0,0,0
GSM,520,1,17010,629,0,100.585,13.716,1000,1,1,0,0,0
UMTS,520,3,16025,41890556,0,100.585,13.716,1000,1,1,0,0,0
UMTS,520,3,16025,41889786,0,100.585,13.716,1000,1,1,0,0,0
UMTS,520,3,16025,41890561,0,100.585,13.716,1000,1,1,0,0,0
UMTS,520,3,16025,41889776,0,100.585,13.716,1000,1,1,0,0,0
UMTS,520,3,16025,41902625,0,100.585,13.716,1000,1,1,0,0,0
UMTS,520,3,16025,42617721,0,100.585,13.716,1000,1,1,0,0,0
UMTS,520,3,13015,42603928,0,100.585,13.716,1000,1,1,0,0,0
UMTS,520,3,13015,41889785,0,100.585,13.716,1000,1,1,0,0,0
UMTS,520,0,18,7310146,0,100.585,13.716,1000,1,1,0,0,0
UMTS,520,0,18,7330176,0,100.585,13.716,1000,1,1,0,0,0
UMTS,520,3,16025,41890546,0,100.585,13.716,1000,1,1,0,0,0
UMTS,520,3,13015,41890546,0,100.585,13.716,1000,1,1,0,0,0
UMTS,520,0,18,7321126,0,100.585,13.716,1000,1,1,0,0,0
UMTS,520,18,14782,9111555,0,100.585,13.716,1000,1,1,0,0,0
LTE,520,5,3101,64401411,0,100.586,13.716,1000,1,1,0,0,0
LTE,520,18,121,7736578,0,100.586,13.716,1000,1,1,0,0,0
LTE,520,4,1004,860447,0,100.587,13.716,1000,1,1,0,0,0
UMTS,520,3,16025,41893572,0,100.587,13.716,1000,1,1,0,0,0
UMTS,520,3,7025,42028957,0,100.589,13.716,1000,1,1,0,0,0
UMTS,520,3,7025,42035558,0,100.589,13.716,1000,1,1,0,0,0
UMTS,520,3,16025,41882846,0,100.589,13.716,1000,1,1,0,0,0
LTE,520,4,3101,860447,0,100.589,13.716,1000,1,1,0,0,0
LTE,520,4,20010,10002240,0,100.589,13.716,1000,1,1,0,0,0
LTE,520,4,20004,860476,0,100.589,13.716,1000,1,1,0,0,0
UMTS,520,3,16025,41890450,0,100.589,13.716,1000,1,1,0,0,0
LTE,520,4,3101,860446,0,100.59,13.716,1000,1,1,0,0,0
GSM,520,1,50040,753,0,100.59,13.716,1000,1,1,0,0,0
UMTS,520,3,6025,41572467,0,100.59,13.716,1000,1,1,0,0,0
UMTS,520,3,6025,41572482,0,100.59,13.716,1000,1,1,0,0,0
UMTS,520,3,6025,41572485,0,100.59,13.716,1000,1,1,0,0,0
UMTS,520,3,16025,41889852,0,100.59,13.716,1000,1,1,0,0,0
UMTS,520,3,16025,41888387,0,100.59,13.716,1000,1,1,0,0,0
UMTS,520,3,16025,41882872,0,100.59,13.716,1000,1,1,0,0,0
UMTS,520,3,16025,41908542,0,100.59,13.716,1000,1,1,0,0,0
UMTS,520,3,13015,41889852,0,100.59,13.716,1000,1,1,0,0,0
UMTS,520,3,13015,42603549,0,100.59,13.716,1000,1,1,0,0,0
UMTS,520,5,3052,23675011,0,100.59,13.716,1000,1,1,0,0,0
UMTS,520,0,18,7320187,0,100.59,13.716,1000,1,1,0,0,0
UMTS,520,0,18,7330847,0,100.59,13.716,1000,1,1,0,0,0
UMTS,520,3,7025,42043812,0,100.59,13.716,1000,1,1,0,0,0
LTE,520,4,1004,860476,0,100.59,13.716,1000,1,1,0,0,0
UMTS,520,0,18,7321808,0,100.59,13.716,1000,1,1,0,0,0
UMTS,520,15,1102,6883742,0,100.59,13.716,1000,1,1,0,0,0
UMTS,520,3,16025,41892985,0,100.59,13.716,1000,1,1,0,0,0
UMTS,520,3,13015,41892985,0,100.59,13.716,1000,1,1,0,0,0
UMTS,520,3,7025,42044828,0,100.592,13.716,1000,1,1,0,0,0
UMTS,520,18,14717,7354132,0,100.592,13.716,1000,1,1,0,0,0
LTE,520,5,122,5379,0,100.592,13.716,1000,1,1,0,0,0
UMTS,520,3,16025,41882875,0,100.592,13.716,1000,1,1,0,0,0
UMTS,520,3,16025,41908532,0,100.592,13.716,1000,1,1,0,0,0
UMTS,520,3,13015,42603554,0,100.592,13.716,1000,1,1,0,0,0
UMTS,520,3,13015,42613358,0,100.592,13.716,1000,1,1,0,0,0
UMTS,520,3,13015,42613338,0,100.592,13.716,1000,1,1,0,0,0
UMTS,520,3,13015,42614152,0,100.592,13.716,1000,1,1,0,0,0
GSM,520,99,15063,5898,0,100.592,13.716,1000,1,1,0,0,0
LTE,520,5,121,11399939,0,100.592,13.716,1000,1,1,0,0,0
LTE,520,5,4032,12065413,0,100.55,13.724,1000,1,1,0,0,0
LTE,520,3,912,156935401,0,100.56,13.724,1000,1,1,0,0,0
UMTS,520,5,3051,23331450,0,100.558,13.724,1000,1,1,0,0,0
UMTS,520,15,20021,42133032,0,100.563,13.724,1000,1,1,0,0,0
LTE,520,3,912,156928103,0,100.564,13.724,1011,1,1,0,0,0
LTE,520,4,4010,230656,0,100.558,13.724,1000,1,1,0,0,0
LTE,520,4,4010,1817856,0,100.557,13.724,1000,1,1,0,0,0
LTE,520,3,912,157076837,0,100.558,13.724,1000,1,1,0,0,0
UMTS,520,3,20025,42116254,0,100.552,13.724,1000,1,1,0,0,0
LTE,520,3,444,9913711,0,100.565,13.724,1000,1,1,0,0,0
LTE,520,5,3051,64277506,0,100.556,13.724,1155,1,1,0,0,0
UMTS,520,18,14612,7342184,0,100.564,13.724,1000,1,1,0,0,0
UMTS,520,15,20021,42113099,0,100.559,13.724,1000,1,1,0,0,0
UMTS,520,5,1605,137697563,0,100.56,13.724,1000,1,1,0,0,0
LTE,520,15,2968,156934878,0,100.552,13.724,1000,1,1,0,0,0
UMTS,520,3,15025,41705618,0,100.552,13.724,1038,1,1,0,0,0
UMTS,520,1,4010,7862018,0,100.552,13.724,1000,1,1,0,0,0
LTE,520,4,2004,2575618,0,100.566,13.724,3007,1,1,0,0,0
UMTS,520,4,1602,137724281,0,100.555,13.724,1000,1,1,0,0,0
LTE,520,18,3051,64479237,0,100.559,13.724,1000,1,1,0,0,0
LTE,520,18,3051,64824327,0,100.556,13.724,2403,1,1,0,0,0
UMTS,520,15,20021,42113294,0,100.561,13.724,1000,1,1,0,0,0
GSM,520,99,15062,4007,0,100.553,13.724,1000,1,1,0,0,0
LTE,520,18,3051,64479238,0,100.558,13.724,1000,1,1,0,0,0
LTE,520,18,3051,64556034,0,100.56,13.724,3120,1,1,0,0,0
UMTS,520,5,112,233912,0,100.553,13.724,1000,1,1,0,0,0
UMTS,520,18,14612,7344171,0,100.552,13.724,1000,1,1,0,0,0
UMTS,520,5,3051,23331457,0,100.558,13.724,1000,1,1,0,0,0
LTE,520,4,3001,10309408,0,100.553,13.724,8979,1,1,0,0,0
LTE,520,18,3052,62270466,0,100.555,13.724,3984,1,1,0,0,0
GSM,520,99,1605,35093,0,100.553,13.724,1274,1,1,0,0,0
LTE,520,3,912,156941434,0,100.563,13.724,1000,1,1,0,0,0
UMTS,520,15,20021,42125601,0,100.56,13.724,1000,1,1,0,0,0
LTE,520,3,912,156935291,0,100.56,13.724,1000,1,1,0,0,0
UMTS,520,15,16021,41887641,0,100.564,13.724,2293,1,1,0,0,0
UMTS,520,0,18,7331220,0,100.566,13.724,1000,1,1,0,0,0
UMTS,520,4,1620,137727414,0,100.565,13.724,5685,1,1,0,0,0
UMTS,520,15,20021,42117535,0,100.551,13.724,1000,1,1,0,0,0
UMTS,520,15,20021,42125533,0,100.559,13.724,1000,1,1,0,0,0
LTE,520,4,1004,1462049,0,100.551,13.724,1487,1,1,0,0,0
UMTS,520,3,20025,42126844,0,100.553,13.724,1000,1,1,0,0,0
LTE,520,3,912,157067900,0,100.56,13.724,1000,1,1,0,0,0
LTE,520,4,4010,230687,0,100.559,13.724,1000,1,1,0,0,0
UMTS,520,3,20025,42112168,0,100.564,13.724,1000,1,1,0,0,0
LTE,520,3,912,157075559,0,100.559,13.724,1000,1,1,0,0,0
LTE,520,3,912,157075557,0,100.559,13.724,1000,1,1,0,0,0
UMTS,520,5,18,7318657,0,100.558,13.724,1000,1,1,0,0,0
LTE,520,3,912,155022694,0,100.553,13.724,8082,1,1,0,0,0
LTE,520,47,33051,76813324,0,100.56,13.724,1000,1,1,0,0,0
UMTS,520,3,15025,41705608,0,100.552,13.724,1000,1,1,0,0,0
GSM,520,5,3051,9135,0,100.552,13.724,4242,1,1,0,0,0
LTE,520,4,4010,8954911,0,100.553,13.724,1000,1,1,0,0,0
LTE,520,3,912,156930405,0,100.553,13.724,4039,1,1,0,0,0
LTE,520,3,912,157076887,0,100.559,13.724,1000,1,1,0,0,0
UMTS,520,3,7857,3315531,0,100.565,13.724,1000,1,1,0,0,0
UMTS,520,0,18,7331200,0,100.559,13.724,1000,1,1,0,0,0
LTE,520,47,33051,76813323,0,100.56,13.724,1000,1,1,0,0,0
UMTS,520,18,14612,7352959,0,100.562,13.724,1000,1,1,0,0,0
LTE,520,3,912,156928358,0,100.565,13.724,1000,1,1,0,0,0
UMTS,520,15,4011,42617151,0,100.552,13.724,1000,1,1,0,0,0
UMTS,520,15,20021,42112711,0,100.563,13.724,1000,1,1,0,0,0
UMTS,520,0,18,7331222,0,100.564,13.724,1000,1,1,0,0,0
LTE,520,4,4010,8954881,0,100.553,13.725,1000,1,1,0,0,0
LTE,520,3,912,154884474,0,100.554,13.725,1793,1,1,0,0,0
UMTS,520,18,14612,7344168,0,100.552,13.725,1000,1,1,0,0,0
UMTS,520,5,3053,23355888,0,100.564,13.725,9063,1,1,0,0,0
LTE,520,3,912,156939643,0,100.554,13.725,1000,1,1,0,0,0
LTE,520,5,112,3461638,0,100.558,13.725,1000,1,1,0,0,0
UMTS,520,15,10011,42220390,0,100.554,13.725,8284,1,1,0,0,0
LTE,520,4,20010,1974077,0,100.552,13.725,1000,1,1,0,0,0
LTE,520,4,20010,7862076,0,100.552,13.725,1000,1,1,0,0,0
LTE,520,3,912,156928123,0,100.564,13.725,1000,1,1,0,0,0
GSM,520,18,10080,4341,0,100.56,13.725,1000,1,1,0,0,0
UMTS,520,5,14612,7352959,0,100.562,13.725,1000,1,1,0,0,0
UMTS,520,3,16021,41890403,0,100.561,13.725,1265,1,1,0,0,0
UMTS,520,18,14612,7352739,0,100.559,13.725,1000,1,1,0,0,0
UMTS,520,3,20025,42122317,0,100.559,13.725,1000,1,1,0,0,0
LTE,520,3,912,156928112,0,100.564,13.725,1000,1,1,0,0,0
UMTS,520,1,912,156930917,0,100.558,13.725,1067,1,1,0,0,0
UMTS,520,4,1605,137725064,0,100.561,13.725,4743,1,1,0,0,0
UMTS,520,3,20025,42138069,0,100.551,13.725,2431,1,1,0,0,0
UMTS,520,3,20025,42117943,0,100.55,13.725,1000,1,1,0,0,0
UMTS,520,3,16025,41900546,0,100.553,13.725,1000,1,1,0,0,0
UMTS,520,0,18,7331202,0,100.556,13.725,1000,1,1,0,0,0
GSM,520,99,1605,47710,0,100.559,13.725,1000,1,1,0,0,0
GSM,520,99,1605,33072,0,100.561,13.725,1000,1,1,0,0,0
UMTS,520,3,20025,42138009,0,100.565,13.725,1000,1,1,0,0,0
UMTS,520,3,20025,42114664,0,100.563,13.725,1000,1,1,0,0,0
UMTS,520,18,14612,7340067,0,100.552,13.725,3861,1,1,0,0,0
GSM,520,5,3051,15898,0,100.552,13.725,4269,1,1,0,0,0
LTE,520,3,912,156933231,0,100.55,13.725,1000,1,1,0,0,0
UMTS,520,15,20021,42114654,0,100.563,13.725,1000,1,1,0,0,0
LTE,520,4,4010,1817886,0,100.558,13.725,1000,1,1,0,0,0
UMTS,520,15,20021,42125244,0,100.563,13.725,1000,1,1,0,0,0
LTE,520,18,3051,64441090,0,100.559,13.725,2425,1,1,0,0,0
UMTS,520,3,20025,42125029,0,100.565,13.725,1000,1,1,0,0,0
UMTS,520,5,3053,23339948,0,100.553,13.725,1000,1,1,0,0,0
LTE,520,18,3051,64367873,0,100.563,13.725,3613,1,1,0,0,0
LTE,520,3,912,157076076,0,100.559,13.725,1000,1,1,0,0,0
UMTS,520,3,20025,42118655,0,100.555,13.725,1000,1,1,0,0,0
UMTS,520,3,20025,42113813,0,100.566,13.725,1000,1,1,0,0,0
UMTS,520,3,20025,42113502,0,100.56,13.725,1600,1,1,0,0,0
LTE,520,5,112,6236418,0,100.565,13.725,2064,1,1,0,0,0
UMTS,520,15,912,156928121,0,100.564,13.725,1000,1,1,0,0,0
LTE,520,3,912,156930160,0,100.564,13.725,1000,1,1,0,0,0
UMTS,520,15,20021,42138059,0,100.551,13.725,1000,1,1,0,0,0
UMTS,520,18,14612,7344169,0,100.553,13.725,7190,1,1,0,0,0
LTE,520,3,847,156939888,0,100.567,13.725,2317,1,1,0,0,0
UMTS,520,3,20025,42114995,0,100.566,13.725,1000,1,1,0,0,0
UMTS,520,15,20021,42125504,0,100.551,13.725,1203,1,1,0,0,0
LTE,520,4,20010,4700478,0,100.563,13.725,1000,1,1,0,0,0
LTE,520,4,2002,10014977,0,100.561,13.725,1000,1,1,0,0,0
LTE,520,4,4010,4700448,0,100.563,13.725,1000,1,1,0,0,0
GSM,520,99,1602,33251,0,100.56,13.725,1000,1,1,0,0,0
UMTS,520,5,1605,23358420,0,100.56,13.725,1000,1,1,0,0,0
UMTS,520,18,14612,7342185,0,100.563,13.725,500,1,1,0,0,0
GSM,520,5,3051,9132,0,100.552,13.725,4290,1,1,0,0,0
LTE,520,3,912,156941671,0,100.565,13.725,1000,1,1,0,0,0
UMTS,520,5,3051,23348324,0,100.559,13.725,1000,1,1,0,0,0
GSM,520,99,1622,33075,0,100.562,13.725,1037,1,1,0,0,0
UMTS,520,15,20025,42114995,0,100.565,13.725,1000,1,1,0,0,0
GSM,520,1,4020,38965,0,100.552,13.725,1000,1,1,0,0,0
UMTS,520,4,1605,137730457,0,100.56,13.725,1000,1,1,0,0,0
LTE,520,4,4010,230689,0,100.559,13.725,1000,1,1,0,0,0
LTE,520,3,912,157076329,0,100.558,13.725,1000,1,1,0,0,0
UMTS,520,18,14701,6687264,0,100.556,13.725,2828,1,1,0,0,0
GSM,520,5,3051,15895,0,100.552,13.725,4307,1,1,0,0,0
UMTS,520,4,1605,137731196,0,100.559,13.725,1000,1,1,0,0,0
UMTS,520,3,20025,42114964,0,100.554,13.725,2565,1,1,0,0,0
LTE,520,4,3002,1666817,0,100.553,13.725,1150,1,1,0,0,0
LTE,520,3,912,156935319,0,100.56,13.725,1000,1,1,0,0,0
UMTS,520,3,20025,42118375,0,100.566,13.725,1000,1,1,0,0,0
LTE,520,4,4010,5368579,0,100.565,13.725,3182,1,1,0,0,0
UMTS,520,5,3051,23336505,0,100.557,13.725,1867,1,1,0,0,0
UMTS,520,18,14612,7342183,0,100.565,13.725,1000,1,1,0,0,0
LTE,520,47,33051,76816929,0,100.56,13.725,1000,1,1,0,0,0
UMTS,520,4,1607,131172537,0,100.563,13.725,5737,1,1,0,0,0
UMTS,520,3,20025,42113818,0,100.564,13.725,1000,1,1,0,0,0
UMTS,520,15,20021,42125665,0,100.557,13.725,1000,1,1,0,0,0
LTE,520,3,912,156939621,0,100.56,13.725,1106,1,1,0,0,0
LTE,520,47,33051,77061152,0,100.56,13.725,1000,1,1,0,0,0
UMTS,520,4,1622,137730167,0,100.557,13.725,4155,1,1,0,0,0
UMTS,520,15,16021,41890019,0,100.563,13.725,3547,1,1,0,0,0
UMTS,520,15,20021,42125284,0,100.552,13.725,1000,1,1,0,0,0
UMTS,520,1,4020,39045,0,100.561,13.725,1000,1,1,0,0,0
LTE,520,3,912,157080165,0,100.566,13.725,1000,1,1,0,0,0
UMTS,520,15,20021,42112887,0,100.565,13.725,1000,1,1,0,0,0
UMTS,520,15,20021,42113135,0,100.559,13.725,1000,1,1,0,0,0
LTE,520,3,912,156934778,0,100.553,13.725,1000,1,1,0,0,0
UMTS,520,5,3051,23335818,0,100.56,13.725,1000,1,1,0,0,0
UMTS,520,18,3051,23343399,0,100.565,13.725,1000,1,1,0,0,0
LTE,520,4,20002,26273597,0,100.551,13.725,1000,1,1,0,0,0
UMTS,520,15,20021,42112903,0,100.55,13.725,1000,1,1,0,0,0
UMTS,520,3,20025,42116233,0,100.552,13.725,1000,1,1,0,0,0
UMTS,520,3,20025,42125502,0,100.552,13.725,1000,1,1,0,0,0
UMTS,520,18,14612,7352899,0,100.559,13.725,1000,1,1,0,0,0
UMTS,520,18,3051,23348324,0,100.559,13.725,1000,1,1,0,0,0
UMTS,520,5,14612,7352899,0,100.559,13.725,1000,1,1,0,0,0
GSM,520,99,1605,33455,0,100.559,13.725,1000,1,1,0,0,0
UMTS,520,0,18,7318683,0,100.562,13.725,1000,1,1,0,0,0
UMTS,520,3,15025,41702217,0,100.55,13.725,1000,1,1,0,0,0
GSM,520,5,3051,9131,0,100.552,13.725,1000,1,1,0,0,0
UMTS,520,0,1015,10005699,0,100.552,13.725,1000,1,1,0,0,0
LTE,520,4,1002,1666847,0,100.552,13.725,1000,1,1,0,0,0
LTE,520,4,1002,1666817,0,100.552,13.725,1000,1,1,0,0,0
UMTS,520,0,1006,10005609,0,100.552,13.725,1000,1,1,0,0,0
UMTS,520,0,1006,10006528,0,100.552,13.725,1000,1,1,0,0,0
UMTS,520,3,20025,42081676,0,100.553,13.725,1000,1,1,0,0,0
UMTS,520,3,20025,41906057,0,100.553,13.725,1000,1,1,0,0,0
UMTS,520,3,20025,42116258,0,100.553,13.725,1000,1,1,0,0,0
UMTS,520,3,20025,42116238,0,100.553,13.725,1000,1,1,0,0,0
UMTS,520,3,20025,42116248,0,100.553,13.725,1000,1,1,0,0,0
UMTS,520,3,20025,42126843,0,100.553,13.725,1000,1,1,0,0,0
UMTS,520,3,20025,42126833,0,100.553,13.725,1000,1,1,0,0,0
UMTS,520,3,39230,41905746,0,100.553,13.725,1000,1,1,0,0,0
UMTS,520,3,16025,41882710,0,100.553,13.725,1000,1,1,0,0,0
UMTS,520,3,16025,41882713,0,100.553,13.725,1000,1,1,0,0,0
UMTS,520,3,16025,41900556,0,100.553,13.725,1000,1,1,0,0,0
UMTS,520,3,16025,41905735,0,100.553,13.725,1000,1,1,0,0,0
UMTS,520,3,16025,41905750,0,100.553,13.725,1000,1,1,0,0,0
UMTS,520,3,16025,41905730,0,100.553,13.725,1000,1,1,0,0,0
UMTS,520,3,16025,41905740,0,100.553,13.725,1000,1,1,0,0,0
UMTS,520,3,16025,41905745,0,100.553,13.725,1000,1,1,0,0,0
UMTS,520,3,16025,42118654,0,100.553,13.725,1000,1,1,0,0,0
UMTS,520,3,14025,41705627,0,100.553,13.725,1000,1,1,0,0,0
UMTS,520,15,1017,10005699,0,100.553,13.725,1000,1,1,0,0,0
UMTS,520,0,63747,10005699,0,100.553,13.725,1000,1,1,0,0,0
UMTS,520,1,51010,4199155,0,100.553,13.725,1000,1,1,0,0,0
UMTS,520,3,20025,42118645,0,100.554,13.725,1000,1,1,0,0,0
UMTS,520,0,1017,625356,0,100.556,13.725,1000,1,1,0,0,0
UMTS,520,0,18,7318659,0,100.557,13.725,1000,1,1,0,0,0
UMTS,520,4,1605,137724281,0,100.557,13.725,1000,1,1,0,0,0
UMTS,520,3,15025,41711337,0,100.559,13.725,1000,1,1,0,0,0
UMTS,520,3,15025,41718779,0,100.559,13.725,1000,1,1,0,0,0
GSM,520,99,1605,47700,0,100.559,13.725,1000,1,1,0,0,0
GSM,520,99,1605,43350,0,100.559,13.725,1000,1,1,0,0,0
GSM,520,99,1605,43360,0,100.559,13.725,1000,1,1,0,0,0
GSM,520,18,10080,23083,0,100.56,13.725,1000,1,1,0,0,0
UMTS,520,3,20025,759,0,100.56,13.725,1000,1,1,0,0,0
UMTS,520,3,20025,42083972,0,100.56,13.725,1000,1,1,0,0,0
UMTS,520,3,20025,42116864,0,100.56,13.725,1000,1,1,0,0,0
UMTS,520,3,20025,42117135,0,100.56,13.725,1000,1,1,0,0,0
UMTS,520,3,20025,42118665,0,100.56,13.725,1000,1,1,0,0,0
UMTS,520,3,20025,42132908,0,100.56,13.725,1000,1,1,0,0,0
UMTS,520,3,16025,41908867,0,100.56,13.725,1000,1,1,0,0,0
UMTS,520,1,26040,42132553,0,100.56,13.725,1000,1,1,0,0,0
UMTS,520,3,20025,42122033,0,100.561,13.725,1000,1,1,0,0,0
UMTS,520,3,20025,42118675,0,100.561,13.725,1000,1,1,0,0,0
UMTS,520,3,15025,41718778,0,100.561,13.725,1000,1,1,0,0,0
UMTS,520,3,15025,41697449,0,100.561,13.725,1000,1,1,0,0,0
UMTS,520,3,15025,41697469,0,100.561,13.725,1000,1,1,0,0,0
UMTS,520,3,16025,41901477,0,100.561,13.725,1000,1,1,0,0,0
UMTS,520,99,18,7307661,0,100.563,13.725,1000,1,1,0,0,0
UMTS,520,3,15025,41369779,0,100.563,13.725,1000,1,1,0,0,0
UMTS,520,18,14002,2969506,0,100.563,13.725,1000,1,1,0,0,0
UMTS,520,0,18,7307661,0,100.563,13.725,1000,1,1,0,0,0
UMTS,520,0,18,7331079,0,100.563,13.725,1000,1,1,0,0,0
GSM,520,1,26040,973,0,100.563,13.725,1000,1,1,0,0,0
UMTS,520,3,16025,41901475,0,100.564,13.725,1000,1,1,0,0,0
UMTS,520,3,16025,41912797,0,100.565,13.725,1000,1,1,0,0,0
UMTS,520,0,18,137724303,0,100.565,13.725,1000,1,1,0,0,0
LTE,520,3,912,157080169,0,100.566,13.725,1000,1,1,0,0,0
UMTS,520,3,20025,41890507,0,100.552,13.725,2442,1,1,0,0,0
LTE,520,4,4010,1436447,0,100.564,13.725,1000,1,1,0,0,0
UMTS,520,1,2002,10015007,0,100.561,13.725,1000,1,1,0,0,0
UMTS,520,5,3051,23335813,0,100.561,13.725,1000,1,1,0,0,0
LTE,520,4,4032,45240450,0,100.553,13.725,1000,1,1,0,0,0
LTE,520,3,912,157092458,0,100.559,13.725,1000,1,1,0,0,0
LTE,520,3,912,156934777,0,100.552,13.725,1000,1,1,0,0,0
UMTS,520,15,20021,42125245,0,100.561,13.725,1000,1,1,0,0,0
UMTS,520,15,20021,42114985,0,100.565,13.725,1000,1,1,0,0,0
LTE,520,5,138,5534979,0,100.558,13.725,1000,1,1,0,0,0
UMTS,520,15,20021,42117155,0,100.561,13.725,1000,1,1,0,0,0
UMTS,520,5,3051,23353183,0,100.565,13.725,1000,1,1,0,0,0
UMTS,520,99,3051,64620801,0,100.55,13.725,1000,1,1,0,0,0
UMTS,520,0,1017,10005699,0,100.552,13.725,1000,1,1,0,0,0
LTE,520,18,3101,64566787,0,100.562,13.725,6055,1,1,0,0,0
LTE,520,3,912,156928378,0,100.565,13.725,1000,1,1,0,0,0
UMTS,520,1,16010,589,0,100.558,13.725,4141,1,1,0,0,0
UMTS,520,0,18,7324817,0,100.56,13.725,1000,1,1,0,0,0
LTE,520,3,912,157092459,0,100.559,13.726,1000,1,1,0,0,0
GSM,520,99,1622,33066,0,100.567,13.726,3054,1,1,0,0,0
UMTS,520,15,26040,1137,0,100.561,13.726,1000,1,1,0,0,0
UMTS,520,4,18,7319489,0,100.561,13.726,1000,1,1,0,0,0
LTE,520,18,3051,64441089,0,100.566,13.726,1000,1,1,0,0,0
UMTS,520,18,14612,7340185,0,100.562,13.726,3125,1,1,0,0,0
UMTS,520,1,4020,38425,0,100.561,13.726,1000,1,1,0,0,0
LTE,520,5,112,971298,0,100.552,13.726,1000,1,1,0,0,0
UMTS,520,3,20025,42118384,0,100.565,13.726,3026,1,1,0,0,0
UMTS,520,18,14612,7342182,0,100.564,13.726,1000,1,1,0,0,0
UMTS,520,1,912,156937083,0,100.559,13.726,1000,1,1,0,0,0
UMTS,520,5,3051,23338656,0,100.558,13.726,1000,1,1,0,0,0
UMTS,520,3,20025,42117154,0,100.555,13.726,2054,1,1,0,0,0
UMTS,520,3,1602,34773,0,100.55,13.726,1000,1,1,0,0,0
LTE,520,5,112,5988098,0,100.552,13.726,1000,1,1,0,0,0
UMTS,520,3,20021,42112903,0,100.55,13.726,1000,1,1,0,0,0
UMTS,520,3,20025,42114665,0,100.561,13.726,1000,1,1,0,0,0
UMTS,520,0,1017,9994673,0,100.552,13.726,1000,1,1,0,0,0
LTE,520,47,33051,78786069,0,100.552,13.726,1000,1,1,0,0,0
LTE,520,3,912,156934757,0,100.552,13.726,3563,1,1,0,0,0
UMTS,520,18,14721,7354422,0,100.566,13.726,1000,1,1,0,0,0
GSM,520,18,10080,20253,0,100.559,13.726,1000,1,1,0,0,0
LTE,520,15,2968,156934877,0,100.552,13.726,1000,1,1,0,0,0
GSM,520,99,15062,5667,0,100.55,13.726,1000,1,1,0,0,0
UMTS,520,15,20021,42125338,0,100.566,13.726,1000,1,1,0,0,0
UMTS,520,3,20025,42125026,0,100.567,13.726,1000,1,1,0,0,0
LTE,520,3,912,156934501,0,100.556,13.726,8966,1,1,0,0,0
UMTS,520,15,20021,42125339,0,100.566,13.726,1000,1,1,0,0,0
UMTS,520,5,3051,23339951,0,100.553,13.726,1000,1,1,0,0,0
LTE,520,4,1010,1308416,0,100.559,13.726,1000,1,1,0,0,0
GSM,520,99,15062,4092,0,100.56,13.726,1000,1,1,0,0,0
GSM,520,99,15062,3999,0,100.56,13.726,1000,1,1,0,0,0
GSM,520,5,3051,5002,0,100.56,13.726,1000,1,1,0,0,0
UMTS,520,15,3051,64556034,0,100.562,13.726,1000,1,1,0,0,0
GSM,520,99,1605,37813,0,100.565,13.726,1000,1,1,0,0,0
LTE,520,3,912,154884484,0,100.552,13.726,1000,1,1,0,0,0
LTE,520,4,3002,1666847,0,100.552,13.726,1000,1,1,0,0,0
LTE,520,3,912,156937594,0,100.565,13.726,1000,1,1,0,0,0
LTE,520,3,912,156928121,0,100.567,13.726,1155,1,1,0,0,0
GSM,520,1,26040,909,0,100.55,13.726,1000,1,1,0,0,0
UMTS,520,3,20025,42118654,0,100.552,13.726,1000,1,1,0,0,0
LTE,520,4,4010,8118046,0,100.563,13.726,4748,1,1,0,0,0
UMTS,520,15,20021,42113134,0,100.552,13.726,1000,1,1,0,0,0
LTE,520,18,3051,23341972,0,100.562,13.726,1000,1,1,0,0,0
UMTS,520,18,2002,10015007,0,100.561,13.726,1000,1,1,0,0,0
LTE,520,5,125,11379458,0,100.553,13.726,7053,1,1,0,0,0
LTE,520,4,2027,12114076,0,100.56,13.726,1000,1,1,0,0,0
LTE,520,3,912,156930169,0,100.563,13.726,1000,1,1,0,0,0
LTE,520,47,33051,76813325,0,100.56,13.726,1000,1,1,0,0,0
GSM,520,1,26040,757,0,100.555,13.726,1533,1,1,0,0,0
UMTS,520,18,912,174208613,0,100.565,13.726,1000,1,1,0,0,0
UMTS,520,18,3051,23335232,0,100.566,13.726,1000,1,1,0,0,0
LTE,520,4,1002,10015007,0,100.56,13.726,1000,1,1,0,0,0
UMTS,520,18,14612,7352061,0,100.552,13.726,1784,1,1,0,0,0
UMTS,520,5,3051,23343399,0,100.565,13.726,1000,1,1,0,0,0
LTE,520,3,912,156930170,0,100.564,13.726,6440,1,1,0,0,0
LTE,520,4,20002,10015037,0,100.56,13.726,1000,1,1,0,0,0
LTE,520,3,912,156934767,0,100.552,13.726,1000,1,1,0,0,0
LTE,520,3,912,156932967,0,100.566,13.726,1000,1,1,0,0,0
GSM,520,4,112,38660,0,100.55,13.726,1000,1,1,0,0,0
UMTS,520,15,20021,42125243,0,100.564,13.726,1000,1,1,0,0,0
UMTS,520,5,1602,137746037,0,100.56,13.726,1000,1,1,0,0,0
UMTS,520,4,1602,137730457,0,100.561,13.726,1000,1,1,0,0,0
UMTS,520,15,20021,42118375,0,100.566,13.726,3044,1,1,0,0,0
LTE,520,4,1010,8118018,0,100.559,13.726,1336,1,1,0,0,0
LTE,520,3,912,156932987,0,100.566,13.726,1313,1,1,0,0,0
UMTS,520,5,3101,23669595,0,100.564,13.726,8771,1,1,0,0,0
UMTS,520,0,18,7318689,0,100.562,13.726,1000,1,1,0,0,0
UMTS,520,4,1602,137724338,0,100.551,13.726,1000,1,1,0,0,0
LTE,520,47,33051,76816928,0,100.56,13.726,1000,1,1,0,0,0
GSM,520,18,14002,160,0,100.562,13.726,1000,1,1,0,0,0
UMTS,520,18,14612,7354422,0,100.562,13.726,1000,1,1,0,0,0
LTE,520,3,912,156937062,0,100.561,13.727,500,1,1,0,0,0
UMTS,520,3,20025,42117994,0,100.561,13.727,1000,1,1,0,0,0
LTE,520,4,4010,2342688,0,100.56,13.727,5783,1,1,0,0,0
LTE,520,47,33051,78173196,0,100.565,13.727,1000,1,1,0,0,0
LTE,520,18,3051,62278145,0,100.56,13.727,6336,1,1,0,0,0
UMTS,520,3,20025,42113229,0,100.566,13.727,1000,1,1,0,0,0
UMTS,520,0,1015,10005700,0,100.551,13.727,1000,1,1,0,0,0
LTE,520,3,912,156930149,0,100.564,13.727,1000,1,1,0,0,0
LTE,520,5,112,5184258,0,100.562,13.727,1000,1,1,0,0,0
UMTS,520,5,3052,23337044,0,100.565,13.727,1000,1,1,0,0,0
LTE,520,47,33051,78877727,0,100.552,13.727,1000,1,1,0,0,0
UMTS,520,3,20025,42116243,0,100.554,13.727,1000,1,1,0,0,0
GSM,520,18,14002,164,0,100.558,13.727,1000,1,1,0,0,0
GSM,520,99,15062,4094,0,100.56,13.727,1000,1,1,0,0,0
GSM,520,99,15062,3997,0,100.561,13.727,1000,1,1,0,0,0
UMTS,520,0,18,7313817,0,100.561,13.727,1000,1,1,0,0,0
GSM,520,18,14002,7842,0,100.566,13.727,1000,1,1,0,0,0
UMTS,520,3,20025,42114504,0,100.55,13.727,1000,1,1,0,0,0
LTE,520,4,1002,1666818,0,100.55,13.727,1000,1,1,0,0,0
UMTS,520,5,14612,7352385,0,100.552,13.727,1000,1,1,0,0,0
UMTS,520,4,1605,9994673,0,100.552,13.727,1000,1,1,0,0,0
UMTS,520,3,16025,41882538,0,100.552,13.727,1000,1,1,0,0,0
UMTS,520,3,16025,41891645,0,100.552,13.727,1000,1,1,0,0,0
UMTS,520,3,16025,42081676,0,100.552,13.727,1000,1,1,0,0,0
UMTS,520,0,1006,9994596,0,100.552,13.727,1000,1,1,0,0,0
UMTS,520,3,20025,42114494,0,100.553,13.727,1000,1,1,0,0,0
UMTS,520,3,16025,41900536,0,100.553,13.727,1000,1,1,0,0,0
UMTS,520,3,14025,41697438,0,100.553,13.727,1000,1,1,0,0,0
UMTS,520,18,3053,7344167,0,100.553,13.727,1000,1,1,0,0,0
GSM,520,1,10059,1946,0,100.553,13.727,1000,1,1,0,0,0
GSM,520,1,10059,1945,0,100.553,13.727,1000,1,1,0,0,0
UMTS,520,5,3053,23335813,0,100.557,13.727,1000,1,1,0,0,0
UMTS,520,15,1101,6883761,0,100.557,13.727,1000,1,1,0,0,0
UMTS,520,4,1622,137730457,0,100.559,13.727,1000,1,1,0,0,0
UMTS,520,3,20025,42132563,0,100.559,13.727,1000,1,1,0,0,0
UMTS,520,3,15025,41718789,0,100.559,13.727,1000,1,1,0,0,0
LTE,520,4,4010,1817857,0,100.559,13.727,1000,1,1,0,0,0
UMTS,520,3,20025,42116865,0,100.56,13.727,1000,1,1,0,0,0
UMTS,520,3,15025,41718787,0,100.56,13.727,1000,1,1,0,0,0
UMTS,520,3,16025,41908857,0,100.56,13.727,1000,1,1,0,0,0
UMTS,520,3,16025,41908097,0,100.56,13.727,1000,1,1,0,0,0
LTE,520,4,1002,10014977,0,100.56,13.727,1000,1,1,0,0,0
UMTS,520,0,18,7331101,0,100.56,13.727,1000,1,1,0,0,0
UMTS,520,3,16025,42117145,0,100.56,13.727,1000,1,1,0,0,0
UMTS,520,3,16025,42117985,0,100.56,13.727,1000,1,1,0,0,0
UMTS,520,0,1017,7313817,0,100.56,13.727,1000,1,1,0,0,0
UMTS,520,0,1017,7331101,0,100.56,13.727,1000,1,1,0,0,0
UMTS,520,0,18,137730467,0,100.56,13.727,1000,1,1,0,0,0
UMTS,520,3,20025,42116874,0,100.561,13.727,1000,1,1,0,0,0
UMTS,520,3,20025,42116884,0,100.561,13.727,1000,1,1,0,0,0
UMTS,520,3,20025,42117984,0,100.561,13.727,1000,1,1,0,0,0
UMTS,520,3,16025,41892846,0,100.561,13.727,1000,1,1,0,0,0
UMTS,520,3,16025,41908856,0,100.561,13.727,1000,1,1,0,0,0
UMTS,520,3,20025,42125245,0,100.561,13.727,1000,1,1,0,0,0
UMTS,520,3,15025,41697447,0,100.563,13.727,1000,1,1,0,0,0
UMTS,520,4,1602,7324817,0,100.563,13.727,1000,1,1,0,0,0
UMTS,520,3,15025,41697457,0,100.564,13.727,1000,1,1,0,0,0
UMTS,520,5,3051,23335236,0,100.564,13.727,1000,1,1,0,0,0
UMTS,520,0,18,7307664,0,100.564,13.727,1000,1,1,0,0,0
LTE,520,4,3004,1462049,0,100.564,13.727,1000,1,1,0,0,0
LTE,520,4,3004,1462019,0,100.564,13.727,1000,1,1,0,0,0
UMTS,520,5,3053,23335232,0,100.565,13.727,1000,1,1,0,0,0
UMTS,520,3,20025,42051639,0,100.565,13.727,1000,1,1,0,0,0
LTE,520,5,112,2007297,0,100.565,13.727,1000,1,1,0,0,0
UMTS,520,3,15025,41709078,0,100.565,13.727,1000,1,1,0,0,0
UMTS,520,3,16025,41884192,0,100.565,13.727,1000,1,1,0,0,0
UMTS,520,3,16025,41912787,0,100.565,13.727,1000,1,1,0,0,0
UMTS,520,3,16025,41914166,0,100.565,13.727,1000,1,1,0,0,0
LTE,520,4,1004,1462047,0,100.565,13.727,1000,1,1,0,0,0
UMTS,520,0,18,7331078,0,100.565,13.727,1000,1,1,0,0,0
UMTS,520,3,7025,42051649,0,100.565,13.727,1000,1,1,0,0,0
UMTS,520,3,7025,42051639,0,100.565,13.727,1000,1,1,0,0,0
UMTS,520,4,1622,7307663,0,100.565,13.727,1000,1,1,0,0,0
UMTS,520,4,1605,137724303,0,100.565,13.727,1000,1,1,0,0,0
GSM,520,1,26040,1139,0,100.551,13.727,1000,1,1,0,0,0
LTE,520,18,3053,64504577,0,100.561,13.727,8132,1,1,0,0,0
LTE,520,3,940,169732198,0,100.563,13.727,1000,1,1,0,0,0
UMTS,520,5,3051,23344080,0,100.563,13.727,1000,1,1,0,0,0
UMTS,520,3,16025,41889941,0,100.558,13.727,3151,1,1,0,0,0
LTE,520,4,3004,1462048,0,100.565,13.727,1000,1,1,0,0,0
LTE,520,3,912,156931451,0,100.561,13.727,3378,1,1,0,0,0
UMTS,520,5,14612,7344171,0,100.559,13.727,1000,1,1,0,0,0
UMTS,520,18,3051,23344084,0,100.559,13.727,1000,1,1,0,0,0
UMTS,520,15,20021,42136520,0,100.559,13.727,1000,1,1,0,0,0
UMTS,520,4,1602,137731950,0,100.562,13.727,1000,1,1,0,0,0
LTE,520,3,912,156930151,0,100.562,13.727,1000,1,1,0,0,0
UMTS,520,3,15025,41697428,0,100.552,13.727,1000,1,1,0,0,0
GSM,520,99,1602,33248,0,100.562,13.727,1000,1,1,0,0,0
UMTS,520,3,18,7321652,0,100.566,13.727,1000,1,1,0,0,0
UMTS,520,3,20025,42132367,0,100.565,13.727,1000,1,1,0,0,0
UMTS,520,5,17,7391772,0,100.557,13.727,1000,1,1,0,0,0
UMTS,520,4,1605,137724279,0,100.559,13.727,1000,1,1,0,0,0
LTE,520,3,866,156938619,0,100.56,13.727,4568,1,1,0,0,0
UMTS,520,3,20025,42118134,0,100.565,13.727,1000,1,1,0,0,0
UMTS,520,18,3051,23339948,0,100.554,13.727,1000,1,1,0,0,0
UMTS,520,15,20021,42125603,0,100.566,13.727,1000,1,1,0,0,0
LTE,520,4,4010,1308448,0,100.554,13.727,1000,1,1,0,0,0
UMTS,520,5,3051,23344081,0,100.559,13.727,1000,1,1,0,0,0
UMTS,520,3,16025,41890495,0,100.554,13.727,2271,1,1,0,0,0
UMTS,520,15,3011,43105433,0,100.551,13.727,9409,1,1,0,0,0
LTE,520,3,912,157076937,0,100.551,13.727,4852,1,1,0,0,0
UMTS,520,15,20021,43097423,0,100.56,13.727,1000,1,1,0,0,0
LTE,520,18,3051,64340739,0,100.564,13.727,1000,1,1,0,0,0
LTE,520,5,112,1111297,0,100.56,13.727,1559,1,1,0,0,0
UMTS,520,0,1017,10005700,0,100.55,13.727,1000,1,1,0,0,0
UMTS,520,3,20025,42112707,0,100.552,13.727,1000,1,1,0,0,0
UMTS,520,1,55010,4329792,0,100.554,13.727,3113,1,1,0,0,0
UMTS,520,15,16021,41913846,0,100.559,13.727,1000,1,1,0,0,0
LTE,520,3,912,154884454,0,100.552,13.727,500,1,1,0,0,0
UMTS,520,4,1622,137724299,0,100.565,13.727,1000,1,1,0,0,0
GSM,520,1,26040,558,0,100.565,13.727,1000,1,1,0,0,0
UMTS,520,15,112,5184257,0,100.56,13.727,1000,1,1,0,0,0
UMTS,520,4,1622,137727311,0,100.564,13.727,1000,1,1,0,0,0
LTE,520,3,912,154884453,0,100.553,13.727,10124,1,1,0,0,0
LTE,520,3,914,154633072,0,100.55,13.727,8121,1,1,0,0,0
UMTS,520,5,3052,23338658,0,100.56,13.727,1086,1,1,0,0,0
UMTS,520,15,20021,42113238,0,100.551,13.727,1000,1,1,0,0,0
UMTS,520,15,16021,41890552,0,100.561,13.727,3238,1,1,0,0,0
UMTS,520,5,1031,19932242,0,100.565,13.727,1000,1,1,0,0,0
UMTS,520,5,3053,23334086,0,100.554,13.727,3024,1,1,0,0,0
UMTS,520,3,18,7331079,0,100.563,13.727,1000,1,1,0,0,0
LTE,520,4,3027,12216451,0,100.553,13.727,1000,1,1,0,0,0
UMTS,520,15,20021,42113234,0,100.564,13.727,2098,1,1,0,0,0
UMTS,520,15,20021,42114504,0,100.552,13.727,1000,1,1,0,0,0
LTE,520,4,1002,1334077,0,100.553,13.727,1000,1,1,0,0,0
GSM,520,99,15062,4093,0,100.559,13.727,1000,1,1,0,0,0
LTE,520,5,112,613123,0,100.552,13.727,1000,1,1,0,0,0
UMTS,520,18,14612,7352960,0,100.558,13.727,1000,1,1,0,0,0
UMTS,520,5,3051,23352711,0,100.554,13.727,8432,1,1,0,0,0
LTE,520,18,114,11310339,0,100.567,13.727,1619,1,1,0,0,0
UMTS,520,5,14612,7352061,0,100.552,13.727,1000,1,1,0,0,0
LTE,520,3,912,156937073,0,100.561,13.728,1311,1,1,0,0,0
LTE,520,4,4010,1817887,0,100.559,13.728,1658,1,1,0,0,0
GSM,520,99,1622,33067,0,100.564,13.728,4381,1,1,0,0,0
UMTS,520,4,1622,137724303,0,100.565,13.728,1000,1,1,0,0,0
UMTS,520,15,20021,42125503,0,100.552,13.728,1000,1,1,0,0,0
UMTS,520,15,20021,42113693,0,100.555,13.728,2917,1,1,0,0,0
LTE,520,4,2002,10015007,0,100.56,13.728,1361,1,1,0,0,0
UMTS,520,18,14612,2969507,0,100.562,13.728,1000,1,1,0,0,0
UMTS,520,5,3022,23140525,0,100.562,13.728,5940,1,1,0,0,0
UMTS,520,5,3051,23344083,0,100.563,13.728,1000,1,1,0,0,0
UMTS,520,5,3051,23339950,0,100.552,13.728,1000,1,1,0,0,0
UMTS,520,0,18,7318688,0,100.565,13.728,1000,1,1,0,0,0
UMTS,520,3,20025,42117995,0,100.56,13.728,1000,1,1,0,0,0
UMTS,520,18,14612,7353497,0,100.552,13.728,1000,1,1,0,0,0
LTE,520,15,2968,154884574,0,100.552,13.728,1000,1,1,0,0,0
GSM,520,99,1602,47750,0,100.561,13.728,1000,1,1,0,0,0
LTE,520,3,912,156935271,0,100.561,13.728,3963,1,1,0,0,0
UMTS,520,5,14612,7352624,0,100.565,13.728,1101,1,1,0,0,0
LTE,520,5,112,4984838,0,100.561,13.728,1505,1,1,0,0,0
GSM,520,5,112,1511,0,100.552,13.728,1000,1,1,0,0,0
LTE,520,3,912,156937093,0,100.56,13.728,1000,1,1,0,0,0
LTE,520,3,912,156930426,0,100.553,13.728,4745,1,1,0,0,0
LTE,520,3,847,157063013,0,100.565,13.728,9871,1,1,0,0,0
UMTS,520,4,1015,9996271,0,100.554,13.728,7405,1,1,0,0,0
LTE,520,18,3051,64556035,0,100.56,13.728,1053,1,1,0,0,0
UMTS,520,4,1605,137724334,0,100.552,13.728,1000,1,1,0,0,0
GSM,520,18,14210,2498,0,100.563,13.728,1642,1,1,0,0,0
UMTS,520,15,20021,42117983,0,100.561,13.728,1000,1,1,0,0,0
LTE,520,3,847,156929381,0,100.562,13.728,6685,1,1,0,0,0
LTE,520,3,912,156937593,0,100.566,13.728,1000,1,1,0,0,0
LTE,520,3,912,156930171,0,100.561,13.728,1000,1,1,0,0,0
LTE,520,3,912,156937829,0,100.559,13.728,3570,1,1,0,0,0
UMTS,520,0,18,7307663,0,100.565,13.728,1000,1,1,0,0,0
LTE,520,5,112,613152,0,100.552,13.728,1000,1,1,0,0,0
UMTS,520,15,20021,42125602,0,100.566,13.728,1000,1,1,0,0,0
LTE,520,3,912,155021418,0,100.564,13.728,1342,1,1,0,0,0
UMTS,520,3,20025,42114495,0,100.55,13.728,1000,1,1,0,0,0
UMTS,520,0,1017,9994674,0,100.55,13.728,1000,1,1,0,0,0
UMTS,520,3,15025,41697429,0,100.55,13.728,1000,1,1,0,0,0
UMTS,520,3,15025,41697439,0,100.55,13.728,1000,1,1,0,0,0
UMTS,520,5,3053,23335052,0,100.55,13.728,1000,1,1,0,0,0
UMTS,520,3,15025,2983451,0,100.552,13.728,1000,1,1,0,0,0
UMTS,520,3,39230,41900556,0,100.552,13.728,1000,1,1,0,0,0
UMTS,520,3,16025,41882535,0,100.552,13.728,1000,1,1,0,0,0
UMTS,520,5,3053,8138814,0,100.552,13.728,1000,1,1,0,0,0
UMTS,520,15,1017,10005698,0,100.552,13.728,1000,1,1,0,0,0
UMTS,520,3,20025,42125240,0,100.552,13.728,1000,1,1,0,0,0
UMTS,520,3,16025,41888805,0,100.556,13.728,1000,1,1,0,0,0
UMTS,520,15,20021,42113844,0,100.556,13.728,1000,1,1,0,0,0
UMTS,520,15,20021,42116253,0,100.556,13.728,1000,1,1,0,0,0
UMTS,520,15,20021,42125502,0,100.556,13.728,1000,1,1,0,0,0
UMTS,520,18,14612,7354424,0,100.557,13.728,1000,1,1,0,0,0
UMTS,520,3,20025,42116875,0,100.559,13.728,1000,1,1,0,0,0
UMTS,520,3,15025,41711347,0,100.559,13.728,1000,1,1,0,0,0
GSM,520,99,1602,43540,0,100.559,13.728,1000,1,1,0,0,0
UMTS,520,4,1622,137730467,0,100.559,13.728,1000,1,1,0,0,0
UMTS,520,3,20025,42112473,0,100.56,13.728,1000,1,1,0,0,0
UMTS,520,3,20025,42116885,0,100.56,13.728,1000,1,1,0,0,0
UMTS,520,3,20025,42117985,0,100.56,13.728,1000,1,1,0,0,0
UMTS,520,3,20025,42117975,0,100.56,13.728,1000,1,1,0,0,0
UMTS,520,3,20025,42118000,0,100.56,13.728,1000,1,1,0,0,0
UMTS,520,3,20025,42132553,0,100.56,13.728,1000,1,1,0,0,0
UMTS,520,3,16025,41908846,0,100.56,13.728,1000,1,1,0,0,0
UMTS,520,3,16025,41908872,0,100.56,13.728,1000,1,1,0,0,0
GSM,520,1,26040,565,0,100.56,13.728,1000,1,1,0,0,0
UMTS,520,4,1602,137730447,0,100.561,13.728,1000,1,1,0,0,0
UMTS,520,3,15025,41718798,0,100.561,13.728,1000,1,1,0,0,0
LTE,520,4,1002,10014976,0,100.561,13.728,1000,1,1,0,0,0
UMTS,520,3,16025,41891836,0,100.564,13.728,1000,1,1,0,0,0
GSM,520,99,14101,14619,0,100.564,13.728,1000,1,1,0,0,0
UMTS,520,5,3051,23335235,0,100.564,13.728,1000,1,1,0,0,0
UMTS,520,3,20025,42114990,0,100.565,13.728,1000,1,1,0,0,0
UMTS,520,3,20025,42130284,0,100.565,13.728,1000,1,1,0,0,0
UMTS,520,3,20025,42130294,0,100.565,13.728,1000,1,1,0,0,0
LTE,520,5,113,773378,0,100.565,13.728,1000,1,1,0,0,0
UMTS,520,3,15025,41709068,0,100.565,13.728,1000,1,1,0,0,0
UMTS,520,3,16025,41914176,0,100.565,13.728,1000,1,1,0,0,0
LTE,520,4,1004,1462017,0,100.565,13.728,1000,1,1,0,0,0
UMTS,520,0,18,137727311,0,100.565,13.728,1000,1,1,0,0,0
UMTS,520,0,1017,10018285,0,100.55,13.728,1000,1,1,0,0,0
UMTS,520,3,20025,42118653,0,100.551,13.728,1000,1,1,0,0,0
GSM,520,99,15062,4013,0,100.556,13.728,1000,1,1,0,0,0
UMTS,520,3,20025,42132573,0,100.558,13.728,1000,1,1,0,0,0
UMTS,520,0,18,7331102,0,100.559,13.728,1000,1,1,0,0,0
GSM,520,99,1602,43580,0,100.561,13.728,1000,1,1,0,0,0
LTE,520,47,33051,76816909,0,100.56,13.728,1000,1,1,0,0,0
LTE,520,3,912,157062502,0,100.553,13.728,10136,1,1,0,0,0
LTE,520,18,3053,64614403,0,100.552,13.728,1000,1,1,0,0,0
LTE,520,4,3004,1462046,0,100.565,13.728,1000,1,1,0,0,0
LTE,520,18,3051,64340737,0,100.564,13.728,2765,1,1,0,0,0
UMTS,520,3,15025,41697418,0,100.552,13.728,1000,1,1,0,0,0
UMTS,520,0,18,7324827,0,100.56,13.728,1000,1,1,0,0,0
LTE,520,4,2002,1334017,0,100.562,13.728,1395,1,1,0,0,0
UMTS,520,15,20021,42117985,0,100.56,13.728,1000,1,1,0,0,0
UMTS,520,0,18,7313827,0,100.559,13.728,1000,1,1,0,0,0
LTE,520,18,3053,64614402,0,100.562,13.728,1010,1,1,0,0,0
UMTS,520,3,20025,42114663,0,100.566,13.728,1000,1,1,0,0,0
UMTS,520,3,20025,42118634,0,100.551,13.728,1000,1,1,0,0,0
UMTS,520,4,1016,10152451,0,100.56,13.728,7554,1,1,0,0,0
UMTS,520,3,16025,41893534,0,100.565,13.728,1000,1,1,0,0,0
UMTS,520,3,20025,42126366,0,100.56,13.728,1000,1,1,0,0,0
LTE,520,4,2002,10015008,0,100.558,13.728,3207,1,1,0,0,0
UMTS,520,3,16025,42118653,0,100.552,13.728,1000,1,1,0,0,0
LTE,520,5,113,12641537,0,100.565,13.728,1000,1,1,0,0,0
UMTS,520,3,20025,42125603,0,100.56,13.728,5415,1,1,0,0,0
UMTS,520,3,20025,41913365,0,100.565,13.728,1000,1,1,0,0,0
LTE,520,4,14721,8127219,0,100.55,13.728,1000,1,1,0,0,0
GSM,520,1,16010,722,0,100.552,13.728,1000,1,1,0,0,0
UMTS,520,0,18,7324807,0,100.562,13.728,1000,1,1,0,0,0
LTE,520,4,3004,1157377,0,100.561,13.729,4150,1,1,0,0,0
UMTS,520,0,18,7331100,0,100.562,13.729,1000,1,1,0,0,0
LTE,520,3,865,154890107,0,100.558,13.729,12056,1,1,0,0,0
UMTS,520,18,14612,7341701,0,100.566,13.729,1000,1,1,0,0,0
LTE,520,47,33051,77061132,0,100.56,13.729,1000,1,1,0,0,0
LTE,520,4,2002,18921247,0,100.56,13.729,1000,1,1,0,0,0
GSM,520,18,10087,23391,0,100.55,13.729,1000,1,1,0,0,0
UMTS,520,3,10015,42217129,0,100.553,13.729,2340,1,1,0,0,0
UMTS,520,18,14612,7344167,0,100.551,13.729,4872,1,1,0,0,0
UMTS,520,3,20025,42125533,0,100.562,13.729,1132,1,1,0,0,0
UMTS,520,3,14025,41381919,0,100.552,13.729,1135,1,1,0,0,0
UMTS,520,5,3051,23346714,0,100.552,13.729,1494,1,1,0,0,0
UMTS,520,0,18,7326310,0,100.56,13.729,1000,1,1,0,0,0
UMTS,520,3,16025,41899385,0,100.556,13.729,1659,1,1,0,0,0
UMTS,520,3,16025,41890748,0,100.565,13.729,4129,1,1,0,0,0
GSM,520,99,15062,5652,0,100.554,13.729,1028,1,1,0,0,0
GSM,520,99,1602,34590,0,100.559,13.729,1000,1,1,0,0,0
GSM,520,18,14210,2127,0,100.559,13.729,1000,1,1,0,0,0
UMTS,520,0,1017,7313827,0,100.56,13.729,1000,1,1,0,0,0
UMTS,520,4,1622,137724304,0,100.563,13.729,1000,1,1,0,0,0
UMTS,520,5,3051,23343402,0,100.564,13.729,1000,1,1,0,0,0
UMTS,520,18,14612,7341700,0,100.565,13.729,1000,1,1,0,0,0
UMTS,520,0,1017,10005698,0,100.552,13.729,1000,1,1,0,0,0
UMTS,520,5,1602,23331166,0,100.556,13.729,1000,1,1,0,0,0
UMTS,520,3,20025,43110774,0,100.557,13.729,1000,1,1,0,0,0
LTE,520,3,912,156937061,0,100.562,13.729,1000,1,1,0,0,0
UMTS,520,5,14612,7344170,0,100.552,13.729,1000,1,1,0,0,0
GSM,520,99,1602,34794,0,100.55,13.729,1000,1,1,0,0,0
UMTS,520,15,20021,42125604,0,100.564,13.729,1000,1,1,0,0,0
UMTS,520,3,16025,41900545,0,100.552,13.729,1000,1,1,0,0,0
UMTS,520,15,20021,42125240,0,100.552,13.729,1000,1,1,0,0,0
LTE,520,4,1002,10014978,0,100.559,13.729,1000,1,1,0,0,0
LTE,520,3,912,157076838,0,100.557,13.729,2013,1,1,0,0,0
LTE,520,5,112,5184259,0,100.558,13.729,1049,1,1,0,0,0
UMTS,520,18,14612,7344170,0,100.553,13.729,1318,1,1,0,0,0
LTE,520,3,912,156937083,0,100.559,13.729,1000,1,1,0,0,0
UMTS,520,15,20021,42118133,0,100.566,13.729,1000,1,1,0,0,0
UMTS,520,3,20025,42122414,0,100.557,13.729,4828,1,1,0,0,0
LTE,520,3,866,157133177,0,100.566,13.729,1000,1,1,0,0,0
UMTS,520,5,3051,23339948,0,100.552,13.729,3385,1,1,0,0,0
UMTS,520,3,20025,42136303,0,100.566,13.729,1000,1,1,0,0,0
UMTS,520,18,14612,7352958,0,100.56,13.729,1000,1,1,0,0,0
LTE,520,18,3052,64622081,0,100.566,13.729,6000,1,1,0,0,0
LTE,520,3,912,156935320,0,100.56,13.729,1000,1,1,0,0,0
GSM,520,18,14210,3023,0,100.564,13.729,1000,1,1,0,0,0
LTE,520,3,912,156937573,0,100.565,13.729,1000,1,1,0,0,0
UMTS,520,3,20025,42125242,0,100.551,13.729,1000,1,1,0,0,0
UMTS,520,5,3103,23682278,0,100.558,13.729,7918,1,1,0,0,0
UMTS,520,5,1602,23331165,0,100.555,13.729,1000,1,1,0,0,0
LTE,520,3,912,156937081,0,100.561,13.729,1000,1,1,0,0,0
UMTS,520,15,20021,42114503,0,100.558,13.729,3355,1,1,0,0,0
UMTS,520,3,20025,42137035,0,100.552,13.729,1699,1,1,0,0,0
LTE,520,47,33051,78179606,0,100.565,13.729,1000,1,1,0,0,0
UMTS,520,15,20021,42114505,0,100.551,13.729,1000,1,1,0,0,0
LTE,520,3,912,154884464,0,100.552,13.729,1000,1,1,0,0,0
UMTS,520,18,14612,7341697,0,100.565,13.729,1000,1,1,0,0,0
LTE,520,3,949,161293177,0,100.552,13.729,1000,1,1,0,0,0
LTE,520,3,866,157133157,0,100.566,13.729,1000,1,1,0,0,0
UMTS,520,3,20025,42118143,0,100.566,13.729,1000,1,1,0,0,0
UMTS,520,3,20025,42138064,0,100.558,13.729,1000,1,1,0,0,0
UMTS,520,15,7011,42375336,0,100.552,13.729,1000,1,1,0,0,0
GSM,520,99,1602,47740,0,100.561,13.729,1000,1,1,0,0,0
GSM,520,18,14210,3022,0,100.565,13.729,1000,1,1,0,0,0
UMTS,520,5,3053,23339850,0,100.557,13.729,1000,1,1,0,0,0
UMTS,520,5,18,7307664,0,100.563,13.729,1000,1,1,0,0,0
UMTS,520,18,14612,7342321,0,100.553,13.729,1000,1,1,0,0,0
LTE,520,4,1021,5581056,0,100.565,13.729,1000,1,1,0,0,0
UMTS,520,3,20025,42114500,0,100.55,13.729,1000,1,1,0,0,0
UMTS,520,3,20025,42114503,0,100.55,13.729,1000,1,1,0,0,0
UMTS,520,3,20025,42114520,0,100.55,13.729,1000,1,1,0,0,0
UMTS,520,3,14025,42118645,0,100.55,13.729,1000,1,1,0,0,0
GSM,520,18,14002,2482,0,100.55,13.729,1000,1,1,0,0,0
UMTS,520,3,20025,42112706,0,100.552,13.729,1000,1,1,0,0,0
UMTS,520,3,20025,42114493,0,100.552,13.729,1000,1,1,0,0,0
UMTS,520,3,20025,42118643,0,100.552,13.729,1000,1,1,0,0,0
UMTS,520,0,1017,10018283,0,100.552,13.729,1000,1,1,0,0,0
UMTS,520,0,1017,137724334,0,100.552,13.729,1000,1,1,0,0,0
UMTS,520,4,1605,9994670,0,100.552,13.729,1000,1,1,0,0,0
UMTS,520,18,14721,7344167,0,100.552,13.729,1000,1,1,0,0,0
UMTS,520,3,16025,41900535,0,100.552,13.729,1000,1,1,0,0,0
LTE,520,4,1002,1666846,0,100.552,13.729,1000,1,1,0,0,0
LTE,520,4,1002,1666816,0,100.552,13.729,1000,1,1,0,0,0
UMTS,520,5,3051,23354234,0,100.552,13.729,1000,1,1,0,0,0
UMTS,520,18,14612,8138817,0,100.552,13.729,1000,1,1,0,0,0
UMTS,520,18,14612,8138814,0,100.552,13.729,1000,1,1,0,0,0
UMTS,520,18,14612,8128752,0,100.552,13.729,1000,1,1,0,0,0
UMTS,520,5,3051,7342297,0,100.552,13.729,1000,1,1,0,0,0
LTE,520,4,3002,1666816,0,100.552,13.729,1000,1,1,0,0,0
UMTS,520,3,20025,42113844,0,100.556,13.729,1000,1,1,0,0,0
UMTS,520,0,18,9994596,0,100.557,13.729,1000,1,1,0,0,0
UMTS,520,3,15025,41718799,0,100.559,13.729,1000,1,1,0,0,0
LTE,520,3,912,156939641,0,100.559,13.729,1000,1,1,0,0,0
GSM,520,1,24040,667,0,100.56,13.729,1000,1,1,0,0,0
GSM,520,1,10010,1137,0,100.56,13.729,1000,1,1,0,0,0
UMTS,520,3,20025,41889891,0,100.56,13.729,1000,1,1,0,0,0
UMTS,520,3,20025,42117990,0,100.56,13.729,1000,1,1,0,0,0
UMTS,520,3,15025,41711357,0,100.56,13.729,1000,1,1,0,0,0
UMTS,520,3,16025,41899356,0,100.56,13.729,1000,1,1,0,0,0
UMTS,520,3,16025,41908335,0,100.56,13.729,1000,1,1,0,0,0
UMTS,520,3,16025,41911070,0,100.56,13.729,1000,1,1,0,0,0
UMTS,520,3,16025,41908862,0,100.56,13.729,1000,1,1,0,0,0
UMTS,520,3,16025,42116863,0,100.56,13.729,1000,1,1,0,0,0
UMTS,520,3,16025,42116883,0,100.56,13.729,1000,1,1,0,0,0
UMTS,520,3,16025,42132553,0,100.56,13.729,1000,1,1,0,0,0
UMTS,520,3,14025,41718787,0,100.56,13.729,1000,1,1,0,0,0
GSM,520,99,15062,4091,0,100.56,13.729,1000,1,1,0,0,0
UMTS,520,3,16025,42118000,0,100.56,13.729,1000,1,1,0,0,0
UMTS,520,0,1602,7324827,0,100.56,13.729,1000,1,1,0,0,0
LTE,520,4,2002,10014978,0,100.56,13.729,1000,1,1,0,0,0
UMTS,520,15,1101,6883764,0,100.561,13.729,1000,1,1,0,0,0
UMTS,520,0,18,7311366,0,100.561,13.729,1000,1,1,0,0,0
UMTS,520,3,20025,42116883,0,100.561,13.729,1000,1,1,0,0,0
UMTS,520,3,20025,42116873,0,100.561,13.729,1000,1,1,0,0,0
UMTS,520,3,20025,42117983,0,100.561,13.729,1000,1,1,0,0,0
UMTS,520,3,20025,42128874,0,100.561,13.729,1000,1,1,0,0,0
UMTS,520,3,15025,41718797,0,100.561,13.729,1000,1,1,0,0,0
UMTS,520,3,16025,41908865,0,100.561,13.729,1000,1,1,0,0,0
UMTS,520,3,16025,41908855,0,100.561,13.729,1000,1,1,0,0,0
UMTS,520,3,20025,42128875,0,100.563,13.729,1000,1,1,0,0,0
UMTS,520,3,20025,42128876,0,100.563,13.729,1000,1,1,0,0,0
LTE,520,5,112,773377,0,100.563,13.729,1000,1,1,0,0,0
UMTS,520,5,3051,23355952,0,100.563,13.729,1000,1,1,0,0,0
UMTS,520,3,20025,41891337,0,100.564,13.729,1000,1,1,0,0,0
UMTS,520,3,20025,42118145,0,100.564,13.729,1000,1,1,0,0,0
UMTS,520,3,20025,42130285,0,100.564,13.729,1000,1,1,0,0,0
UMTS,520,3,20025,42128883,0,100.564,13.729,1000,1,1,0,0,0
UMTS,520,3,20025,42130295,0,100.564,13.729,1000,1,1,0,0,0
UMTS,520,3,15025,41709067,0,100.564,13.729,1000,1,1,0,0,0
UMTS,520,3,15025,41709069,0,100.564,13.729,1000,1,1,0,0,0
LTE,520,4,1002,10015006,0,100.564,13.729,1000,1,1,0,0,0
LTE,520,4,1004,1462048,0,100.564,13.729,1000,1,1,0,0,0
LTE,520,4,1004,1462018,0,100.564,13.729,1000,1,1,0,0,0
UMTS,520,0,18,137724299,0,100.564,13.729,1000,1,1,0,0,0
UMTS,520,18,14612,23335231,0,100.565,13.729,1000,1,1,0,0,0
UMTS,520,3,16025,41914165,0,100.565,13.729,1000,1,1,0,0,0
UMTS,520,3,16025,42118150,0,100.565,13.729,1000,1,1,0,0,0
UMTS,520,3,20025,41914205,0,100.565,13.729,1000,1,1,0,0,0
UMTS,520,5,114,5908739,0,100.551,13.729,1000,1,1,0,0,0
UMTS,520,0,18,10005609,0,100.558,13.729,1000,1,1,0,0,0
UMTS,520,0,18,10017998,0,100.558,13.729,1000,1,1,0,0,0
LTE,520,4,1002,10015008,0,100.559,13.729,1000,1,1,0,0,0
UMTS,520,0,1017,7331102,0,100.559,13.729,1000,1,1,0,0,0
UMTS,520,5,3053,23335231,0,100.564,13.729,1000,1,1,0,0,0
LTE,520,4,1004,1462016,0,100.566,13.729,1000,1,1,0,0,0
UMTS,520,0,18,7314266,0,100.566,13.729,1000,1,1,0,0,0
GSM,520,99,1622,34250,0,100.566,13.729,1000,1,1,0,0,0
UMTS,520,5,3053,23354229,0,100.558,13.729,1181,1,1,0,0,0
LTE,520,5,112,5988097,0,100.55,13.729,1000,1,1,0,0,0
LTE,520,3,912,154884463,0,100.552,13.73,1000,1,1,0,0,0
GSM,520,1,10284,337,0,100.551,13.73,1000,1,1,0,0,0
LTE,520,4,1004,8194847,0,100.557,13.73,3573,1,1,0,0,0
UMTS,520,5,3051,23339947,0,100.55,13.73,1844,1,1,0,0,0
GSM,520,18,14002,689,0,100.55,13.73,1170,1,1,0,0,0
UMTS,520,3,16025,41914205,0,100.566,13.73,1000,1,1,0,0,0
LTE,520,3,866,157058425,0,100.558,13.73,2250,1,1,0,0,0
UMTS,520,18,14612,7341698,0,100.565,13.73,1000,1,1,0,0,0
LTE,520,3,866,154884199,0,100.558,13.73,1912,1,1,0,0,0
UMTS,520,15,16021,41893016,0,100.564,13.73,1000,1,1,0,0,0
LTE,520,3,866,156937573,0,100.567,13.73,1000,1,1,0,0,0
UMTS,520,18,14612,7342297,0,100.553,13.73,1000,1,1,0,0,0
UMTS,520,18,3051,23339950,0,100.551,13.73,1000,1,1,0,0,0
LTE,520,4,3002,1666836,0,100.552,13.73,1000,1,1,0,0,0
LTE,520,4,3027,12216450,0,100.552,13.73,1000,1,1,0,0,0
UMTS,520,5,1602,23358390,0,100.556,13.73,1000,1,1,0,0,0
UMTS,520,5,1602,137746038,0,100.56,13.73,1000,1,1,0,0,0
UMTS,520,5,1602,137746039,0,100.56,13.73,1000,1,1,0,0,0
UMTS,520,0,18,7321827,0,100.561,13.73,1000,1,1,0,0,0
LTE,520,3,912,156937574,0,100.564,13.73,3582,1,1,0,0,0
LTE,520,3,912,157075816,0,100.564,13.73,2312,1,1,0,0,0
UMTS,520,15,16021,41898986,0,100.566,13.73,1000,1,1,0,0,0
LTE,520,3,912,153779303,0,100.562,13.73,1000,1,1,0,0,0
LTE,520,3,912,153779324,0,100.562,13.73,1000,1,1,0,0,0
LTE,520,4,1021,5581087,0,100.566,13.73,1000,1,1,0,0,0
UMTS,520,15,20021,42125321,0,100.561,13.73,1000,1,1,0,0,0
UMTS,520,3,16025,41888321,0,100.565,13.73,1000,1,1,0,0,0
LTE,520,4,2027,12114071,0,100.56,13.73,1000,1,1,0,0,0
LTE,520,3,912,153779323,0,100.562,13.73,1000,1,1,0,0,0
UMTS,520,3,16025,41911071,0,100.565,13.73,1000,1,1,0,0,0
LTE,520,3,912,154890362,0,100.552,13.73,1000,1,1,0,0,0
LTE,520,3,912,154884455,0,100.55,13.73,4625,1,1,0,0,0
LTE,520,3,868,154887033,0,100.563,13.73,7385,1,1,0,0,0
UMTS,520,0,18,7307662,0,100.565,13.73,1000,1,1,0,0,0
UMTS,520,15,16021,41890856,0,100.566,13.73,1000,1,1,0,0,0
UMTS,520,18,3051,23344082,0,100.561,13.73,1000,1,1,0,0,0
UMTS,520,15,20021,42125242,0,100.551,13.73,1000,1,1,0,0,0
LTE,520,18,3051,64328961,0,100.551,13.73,3999,1,1,0,0,0
UMTS,520,3,20025,42137040,0,100.562,13.73,1112,1,1,0,0,0
LTE,520,5,113,1513217,0,100.557,13.73,7092,1,1,0,0,0
UMTS,520,3,16025,41911083,0,100.564,13.73,1000,1,1,0,0,0
LTE,520,4,3004,1462016,0,100.565,13.73,1000,1,1,0,0,0
LTE,520,4,1602,137729210,0,100.554,13.73,1267,1,1,0,0,0
LTE,520,3,866,157108345,0,100.564,13.73,1000,1,1,0,0,0
UMTS,520,3,20025,42117993,0,100.561,13.73,1000,1,1,0,0,0
LTE,520,4,3004,1052448,0,100.557,13.73,8966,1,1,0,0,0
UMTS,520,15,20021,42125239,0,100.552,13.73,1000,1,1,0,0,0
LTE,520,47,33051,76816908,0,100.56,13.73,1000,1,1,0,0,0
LTE,520,18,3101,64632833,0,100.561,13.73,9083,1,1,0,0,0
UMTS,520,3,16025,43111370,0,100.558,13.73,1000,1,1,0,0,0
UMTS,520,5,1602,137699210,0,100.56,13.73,1000,1,1,0,0,0
LTE,520,3,866,156937338,0,100.564,13.73,1000,1,1,0,0,0
UMTS,520,4,1602,137731046,0,100.56,13.73,1000,1,1,0,0,0
UMTS,520,0,1017,10020952,0,100.559,13.73,1604,1,1,0,0,0
UMTS,520,0,1017,9994670,0,100.552,13.73,1000,1,1,0,0,0
LTE,520,3,866,157071462,0,100.566,13.73,1000,1,1,0,0,0
UMTS,520,18,14612,7352956,0,100.566,13.73,1000,1,1,0,0,0
LTE,520,4,2002,10015006,0,100.563,13.73,1000,1,1,0,0,0
UMTS,520,15,3051,64556033,0,100.561,13.73,1000,1,1,0,0,0
UMTS,520,3,20025,42118419,0,100.552,13.73,1000,1,1,0,0,0
UMTS,520,0,18,7331077,0,100.566,13.73,1000,1,1,0,0,0
UMTS,520,3,20025,42125239,0,100.552,13.73,1000,1,1,0,0,0
LTE,520,3,866,157108325,0,100.564,13.73,1000,1,1,0,0,0
UMTS,520,15,16021,41897977,0,100.565,13.73,1000,1,1,0,0,0
UMTS,520,0,18,7318687,0,100.565,13.73,1000,1,1,0,0,0
UMTS,520,15,16021,41893017,0,100.566,13.73,1000,1,1,0,0,0
LTE,520,5,112,613121,0,100.552,13.73,1000,1,1,0,0,0
UMTS,520,3,16025,41889141,0,100.566,13.73,4313,1,1,0,0,0
UMTS,520,3,20025,41890496,0,100.552,13.73,1000,1,1,0,0,0
GSM,520,99,1602,33438,0,100.561,13.73,1000,1,1,0,0,0
LTE,520,4,6023,4851232,0,100.566,13.73,1000,1,1,0,0,0
UMTS,520,5,1602,132482681,0,100.553,13.73,1000,1,1,0,0,0
UMTS,520,3,20025,43111371,0,100.556,13.73,1000,1,1,0,0,0
UMTS,520,3,20025,42223534,0,100.559,13.73,1000,1,1,0,0,0
UMTS,520,15,16021,41911112,0,100.566,13.73,1000,1,1,0,0,0
UMTS,520,3,3051,64556033,0,100.561,13.73,1000,1,1,0,0,0
UMTS,520,15,20021,42137783,0,100.56,13.73,1000,1,1,0,0,0
LTE,520,3,912,155022696,0,100.561,13.73,1000,1,1,0,0,0
UMTS,520,5,1602,23379250,0,100.553,13.73,1000,1,1,0,0,0
UMTS,520,5,1602,132503159,0,100.558,13.73,1000,1,1,0,0,0
UMTS,520,3,16025,42223534,0,100.56,13.73,1000,1,1,0,0,0
LTE,520,3,912,155021670,0,100.56,13.73,1000,1,1,0,0,0
UMTS,520,5,3051,23335231,0,100.566,13.73,1000,1,1,0,0,0
LTE,520,3,914,154886758,0,100.55,13.73,1000,1,1,0,0,0
UMTS,520,3,16025,41911104,0,100.566,13.73,1000,1,1,0,0,0
LTE,520,4,3004,1462047,0,100.566,13.73,1000,1,1,0,0,0
LTE,520,15,2968,154884573,0,100.552,13.73,1000,1,1,0,0,0
LTE,520,4,1002,8115458,0,100.561,13.73,3239,1,1,0,0,0
LTE,520,4,1021,5581086,0,100.565,13.73,1000,1,1,0,0,0
LTE,520,3,869,154240871,0,100.562,13.73,3510,1,1,0,0,0
LTE,520,3,829,155404164,0,100.562,13.73,3510,1,1,0,0,0
LTE,520,3,866,155019110,0,100.564,13.73,1258,1,1,0,0,0
UMTS,520,15,20021,42125337,0,100.566,13.73,1000,1,1,0,0,0
GSM,520,1,26040,559,0,100.564,13.73,1000,1,1,0,0,0
LTE,520,4,1004,1462046,0,100.565,13.73,1000,1,1,0,0,0
UMTS,520,3,16025,41911102,0,100.566,13.73,1000,1,1,0,0,0
LTE,520,3,868,154891386,0,100.551,13.73,8151,1,1,0,0,0
UMTS,520,3,16025,41887985,0,100.566,13.73,2989,1,1,0,0,0
LTE,520,5,112,5184257,0,100.561,13.73,1000,1,1,0,0,0
LTE,520,18,3053,62300929,0,100.562,13.73,1683,1,1,0,0,0
UMTS,520,15,12011,42565787,0,100.551,13.73,5824,1,1,0,0,0
UMTS,520,18,14612,7344093,0,100.558,13.73,1000,1,1,0,0,0
LTE,520,4,20004,5581116,0,100.566,13.73,1000,1,1,0,0,0
UMTS,520,3,16025,41888386,0,100.564,13.73,4250,1,1,0,0,0
LTE,520,4,20002,28902716,0,100.56,13.73,1000,1,1,0,0,0
UMTS,520,3,16025,41911655,0,100.563,13.73,4602,1,1,0,0,0
LTE,520,3,912,154884473,0,100.552,13.73,1000,1,1,0,0,0
GSM,520,18,14002,7841,0,100.566,13.73,1000,1,1,0,0,0
UMTS,520,15,16021,41889923,0,100.552,13.731,2157,1,1,0,0,0
LTE,520,5,112,613151,0,100.552,13.731,1000,1,1,0,0,0
LTE,520,3,912,156930427,0,100.552,13.731,7367,1,1,0,0,0
UMTS,520,15,20021,42114449,0,100.56,13.731,1000,1,1,0,0,0
LTE,520,3,866,156937329,0,100.561,13.731,1000,1,1,0,0,0
UMTS,520,3,20025,43111368,0,100.561,13.731,1000,1,1,0,0,0
GSM,520,99,1602,33252,0,100.558,13.731,1000,1,1,0,0,0
UMTS,520,4,1602,137732856,0,100.561,13.731,1000,1,1,0,0,0
UMTS,520,5,3051,23331444,0,100.56,13.731,1000,1,1,0,0,0
LTE,520,3,912,156937575,0,100.564,13.731,1720,1,1,0,0,0
UMTS,520,3,15025,41697427,0,100.552,13.731,1000,1,1,0,0,0
GSM,520,1,4020,38418,0,100.552,13.731,1000,1,1,0,0,0
LTE,520,3,379,9914221,0,100.56,13.731,5990,1,1,0,0,0
UMTS,520,15,16021,41891336,0,100.565,13.731,1000,1,1,0,0,0
LTE,520,3,912,154884483,0,100.552,13.731,1000,1,1,0,0,0
GSM,520,1,1020,53278,0,100.561,13.731,1000,1,1,0,0,0
LTE,520,3,866,156937343,0,100.561,13.731,1000,1,1,0,0,0
UMTS,520,3,16025,43111368,0,100.561,13.731,1000,1,1,0,0,0
UMTS,520,15,16021,41911108,0,100.565,13.731,1000,1,1,0,0,0
UMTS,520,15,13011,42611157,0,100.566,13.731,9255,1,1,0,0,0
LTE,520,18,3051,64556033,0,100.561,13.731,1000,1,1,0,0,0
UMTS,520,3,16025,41910636,0,100.554,13.731,3558,1,1,0,0,0
GSM,520,1,1020,53330,0,100.561,13.731,1000,1,1,0,0,0
UMTS,520,3,16025,156937324,0,100.561,13.731,1000,1,1,0,0,0
LTE,520,3,912,157068667,0,100.561,13.731,1000,1,1,0,0,0
LTE,520,3,866,156937328,0,100.566,13.731,1000,1,1,0,0,0
UMTS,520,15,20021,42112960,0,100.561,13.731,1000,1,1,0,0,0
UMTS,520,99,1006,10060272,0,100.566,13.731,6388,1,1,0,0,0
UMTS,520,18,14701,6700363,0,100.56,13.731,1000,1,1,0,0,0
UMTS,520,5,112,233911,0,100.552,13.731,1000,1,1,0,0,0
GSM,520,1,10010,1255,0,100.552,13.731,1000,1,1,0,0,0
UMTS,520,0,18,7307643,0,100.559,13.731,1000,1,1,0,0,0
GSM,520,99,1602,43590,0,100.561,13.731,1000,1,1,0,0,0
UMTS,520,0,18,7311336,0,100.561,13.731,1000,1,1,0,0,0
UMTS,520,18,14612,7342744,0,100.565,13.731,1000,1,1,0,0,0
UMTS,520,3,39230,41900555,0,100.552,13.731,1000,1,1,0,0,0
UMTS,520,4,1602,9994670,0,100.552,13.731,1000,1,1,0,0,0
UMTS,520,18,14721,8138817,0,100.552,13.731,1000,1,1,0,0,0
UMTS,520,18,14721,7352061,0,100.552,13.731,1000,1,1,0,0,0
LTE,520,5,114,635138,0,100.552,13.731,1000,1,1,0,0,0
UMTS,520,3,15025,41697437,0,100.552,13.731,1000,1,1,0,0,0
UMTS,520,3,16025,41882537,0,100.552,13.731,1000,1,1,0,0,0
UMTS,520,3,16025,41882534,0,100.552,13.731,1000,1,1,0,0,0
UMTS,520,3,16025,42118643,0,100.552,13.731,1000,1,1,0,0,0
UMTS,520,3,16025,42081675,0,100.552,13.731,1000,1,1,0,0,0
UMTS,520,3,16025,42118633,0,100.552,13.731,1000,1,1,0,0,0
UMTS,520,3,14025,41697417,0,100.552,13.731,1000,1,1,0,0,0
UMTS,520,3,14025,41697437,0,100.552,13.731,1000,1,1,0,0,0
UMTS,520,5,3051,23335055,0,100.552,13.731,1000,1,1,0,0,0
UMTS,520,5,3053,23335055,0,100.552,13.731,1000,1,1,0,0,0
UMTS,520,5,60683,23354234,0,100.552,13.731,1000,1,1,0,0,0
GSM,520,1,10059,1338,0,100.552,13.731,1000,1,1,0,0,0
GSM,520,1,26040,690,0,100.552,13.731,1000,1,1,0,0,0
UMTS,520,5,3053,7342297,0,100.552,13.731,1000,1,1,0,0,0
UMTS,520,3,20025,41889901,0,100.557,13.731,1000,1,1,0,0,0
UMTS,520,0,1017,7331034,0,100.557,13.731,1000,1,1,0,0,0
UMTS,520,0,1017,7337310,0,100.557,13.731,1000,1,1,0,0,0
UMTS,520,0,18,9994595,0,100.559,13.731,1000,1,1,0,0,0
UMTS,520,3,20025,41889906,0,100.56,13.731,1000,1,1,0,0,0
UMTS,520,3,20025,41889896,0,100.56,13.731,1000,1,1,0,0,0
UMTS,520,3,20025,41889886,0,100.56,13.731,1000,1,1,0,0,0
UMTS,520,3,20025,41889015,0,100.56,13.731,1000,1,1,0,0,0
UMTS,520,3,20025,42116863,0,100.56,13.731,1000,1,1,0,0,0
UMTS,520,3,20025,42117980,0,100.56,13.731,1000,1,1,0,0,0
UMTS,520,3,20025,42137423,0,100.56,13.731,1000,1,1,0,0,0
UMTS,520,18,14721,8130522,0,100.56,13.731,1000,1,1,0,0,0
UMTS,520,3,16025,41889035,0,100.56,13.731,1000,1,1,0,0,0
UMTS,520,3,16025,41889015,0,100.56,13.731,1000,1,1,0,0,0
UMTS,520,3,16025,41897155,0,100.56,13.731,1000,1,1,0,0,0
UMTS,520,3,16025,41899346,0,100.56,13.731,1000,1,1,0,0,0
UMTS,520,3,16025,41897169,0,100.56,13.731,1000,1,1,0,0,0
UMTS,520,3,16025,41908852,0,100.56,13.731,1000,1,1,0,0,0
GSM,520,99,15062,3975,0,100.56,13.731,1000,1,1,0,0,0
UMTS,520,0,18,7325416,0,100.56,13.731,1000,1,1,0,0,0
UMTS,520,0,18,7336416,0,100.56,13.731,1000,1,1,0,0,0
UMTS,520,15,1102,6883761,0,100.56,13.731,1000,1,1,0,0,0
UMTS,520,15,1102,6883903,0,100.56,13.731,1000,1,1,0,0,0
UMTS,520,3,16025,42136520,0,100.56,13.731,1000,1,1,0,0,0
UMTS,520,3,20025,42123773,0,100.56,13.731,1000,1,1,0,0,0
UMTS,520,3,20025,42123776,0,100.56,13.731,1000,1,1,0,0,0
UMTS,520,0,1017,7307641,0,100.56,13.731,1000,1,1,0,0,0
UMTS,520,0,1017,7336406,0,100.56,13.731,1000,1,1,0,0,0
UMTS,520,4,1017,137724259,0,100.56,13.731,1000,1,1,0,0,0
UMTS,520,0,18,7325406,0,100.56,13.731,1000,1,1,0,0,0
UMTS,520,0,18,7314406,0,100.56,13.731,1000,1,1,0,0,0
UMTS,520,4,1602,7318662,0,100.56,13.731,1000,1,1,0,0,0
GSM,520,18,14210,2380,0,100.56,13.731,1000,1,1,0,0,0
UMTS,520,0,18,7336406,0,100.56,13.731,1000,1,1,0,0,0
GSM,520,18,14210,2379,0,100.56,13.731,1000,1,1,0,0,0
GSM,520,18,14210,2126,0,100.56,13.731,1000,1,1,0,0,0
UMTS,520,0,18,7318516,0,100.561,13.731,1000,1,1,0,0,0
UMTS,520,3,15025,41718777,0,100.561,13.731,1000,1,1,0,0,0
UMTS,520,3,16025,41884992,0,100.561,13.731,1000,1,1,0,0,0
UMTS,520,3,16025,41891327,0,100.561,13.731,1000,1,1,0,0,0
UMTS,520,3,14025,41369039,0,100.561,13.731,1000,1,1,0,0,0
UMTS,520,3,14025,41369019,0,100.561,13.731,1000,1,1,0,0,0
UMTS,520,4,1602,7321827,0,100.561,13.731,1000,1,1,0,0,0
UMTS,520,3,20025,42113227,0,100.561,13.731,1000,1,1,0,0,0
UMTS,520,3,16025,41883638,0,100.563,13.731,1000,1,1,0,0,0
UMTS,520,3,16025,41891347,0,100.563,13.731,1000,1,1,0,0,0
UMTS,520,3,16025,41902495,0,100.563,13.731,1000,1,1,0,0,0
UMTS,520,3,14025,41369038,0,100.563,13.731,1000,1,1,0,0,0
UMTS,520,3,15025,41709070,0,100.564,13.731,1000,1,1,0,0,0
UMTS,520,3,16025,41891337,0,100.564,13.731,1000,1,1,0,0,0
UMTS,520,3,15025,41369028,0,100.564,13.731,1000,1,1,0,0,0
LTE,520,4,1002,5120289,0,100.564,13.731,1000,1,1,0,0,0
UMTS,520,0,18,5120289,0,100.564,13.731,1000,1,1,0,0,0
LTE,520,4,1002,5120319,0,100.564,13.731,1000,1,1,0,0,0
LTE,520,4,1002,26393919,0,100.564,13.731,1000,1,1,0,0,0
GSM,520,99,1602,33660,0,100.564,13.731,1000,1,1,0,0,0
UMTS,520,3,20025,41891336,0,100.565,13.731,1000,1,1,0,0,0
LTE,520,5,113,773377,0,100.565,13.731,1000,1,1,0,0,0
UMTS,520,3,15025,41709077,0,100.565,13.731,1000,1,1,0,0,0
UMTS,520,3,16025,41891341,0,100.565,13.731,1000,1,1,0,0,0
GSM,520,18,14210,2649,0,100.565,13.731,1000,1,1,0,0,0
LTE,520,3,866,170624870,0,100.565,13.731,1000,1,1,0,0,0
UMTS,520,5,3052,23359624,0,100.565,13.731,1000,1,1,0,0,0
UMTS,520,5,3052,23335234,0,100.565,13.731,1000,1,1,0,0,0
GSM,520,99,1602,33437,0,100.562,13.731,1000,1,1,0,0,0
LTE,520,3,916,154502246,0,100.557,13.731,6420,1,1,0,0,0
UMTS,520,4,1015,9996301,0,100.554,13.731,7516,1,1,0,0,0
LTE,520,3,912,157068647,0,100.561,13.731,1000,1,1,0,0,0
UMTS,520,3,16025,42222126,0,100.561,13.731,1000,1,1,0,0,0
LTE,520,3,866,156937348,0,100.561,13.731,1000,1,1,0,0,0
UMTS,520,5,1602,132474434,0,100.561,13.731,1000,1,1,0,0,0
GSM,520,1,4020,52245,0,100.561,13.731,1000,1,1,0,0,0
LTE,520,3,866,156937318,0,100.564,13.731,1000,1,1,0,0,0
LTE,520,3,866,156936295,0,100.56,13.731,9781,1,1,0,0,0
UMTS,520,15,16021,41888320,0,100.563,13.731,1000,1,1,0,0,0
LTE,520,5,112,773896,0,100.563,13.731,1000,1,1,0,0,0
LTE,520,4,3004,15949057,0,100.564,13.731,1000,1,1,0,0,0
UMTS,520,5,3051,23335234,0,100.564,13.731,1000,1,1,0,0,0
UMTS,520,4,1602,137731056,0,100.561,13.731,1000,1,1,0,0,0
GSM,520,1,26040,557,0,100.565,13.731,1554,1,1,0,0,0
LTE,520,4,1004,10173700,0,100.563,13.731,1482,1,1,0,0,0
UMTS,520,0,18,7318662,0,100.56,13.731,1000,1,1,0,0,0
LTE,520,4,2002,1334047,0,100.56,13.731,1705,1,1,0,0,0
UMTS,520,18,14612,7344085,0,100.566,13.731,1000,1,1,0,0,0
UMTS,520,5,3051,23331937,0,100.561,13.731,1235,1,1,0,0,0
UMTS,520,0,18,7307644,0,100.559,13.731,1000,1,1,0,0,0
UMTS,520,3,20025,42128884,0,100.561,13.731,1000,1,1,0,0,0
UMTS,520,15,20021,42125611,0,100.551,13.731,2052,1,1,0,0,0
UMTS,520,3,20025,42114514,0,100.552,13.731,3335,1,1,0,0,0
UMTS,520,15,20021,42114450,0,100.56,13.731,1000,1,1,0,0,0
GSM,520,1,26040,1118,0,100.551,13.731,2213,1,1,0,0,0
LTE,520,4,20004,15949116,0,100.565,13.731,1000,1,1,0,0,0
UMTS,520,15,13011,42622652,0,100.564,13.731,5721,1,1,0,0,0
UMTS,520,3,15025,41697417,0,100.552,13.731,1000,1,1,0,0,0
UMTS,520,15,20021,42112851,0,100.56,13.731,1000,1,1,0,0,0
LTE,520,3,867,154888324,0,100.56,13.731,1000,1,1,0,0,0
LTE,520,3,866,156937323,0,100.561,13.731,1000,1,1,0,0,0
LTE,520,47,33051,77006359,0,100.564,13.731,1000,1,1,0,0,0
LTE,520,5,112,319489,0,100.563,13.731,1000,1,1,0,0,0
LTE,520,3,866,154884219,0,100.561,13.731,1000,1,1,0,0,0
UMTS,520,0,18,7311387,0,100.561,13.731,1000,1,1,0,0,0
LTE,520,47,113,12641538,0,100.564,13.731,1000,1,1,0,0,0
GSM,520,99,1601,41400,0,100.566,13.731,3731,1,1,0,0,0
LTE,520,5,112,319490,0,100.564,13.731,1000,1,1,0,0,0
GSM,520,18,14210,2125,0,100.56,13.731,1000,1,1,0,0,0
GSM,520,5,114,24812,0,100.552,13.731,1000,1,1,0,0,0
LTE,520,3,866,156937324,0,100.562,13.731,1000,1,1,0,0,0
LTE,520,47,33051,78179596,0,100.565,13.731,1000,1,1,0,0,0
LTE,520,3,866,156942440,0,100.565,13.731,1000,1,1,0,0,0
UMTS,520,15,16021,41897216,0,100.566,13.731,1000,1,1,0,0,0
UMTS,520,0,18,7336007,0,100.561,13.731,1000,1,1,0,0,0
LTE,520,5,112,319560,0,100.564,13.731,1000,1,1,0,0,0
LTE,520,5,33051,77006359,0,100.564,13.731,1000,1,1,0,0,0
LTE,520,5,113,12641538,0,100.564,13.731,1000,1,1,0,0,0
LTE,520,3,871,155029114,0,100.553,13.731,1088,1,1,0,0,0
UMTS,520,0,18,7331034,0,100.559,13.731,1000,1,1,0,0,0
UMTS,520,3,16025,41902237,0,100.565,13.731,2823,1,1,0,0,0
LTE,520,4,20002,5120319,0,100.562,13.731,1000,1,1,0,0,0
UMTS,520,5,3052,23357476,0,100.564,13.731,1000,1,1,0,0,0
LTE,520,18,3051,64340738,0,100.565,13.731,1000,1,1,0,0,0
UMTS,520,4,1602,137730124,0,100.551,13.731,1373,1,1,0,0,0
UMTS,520,0,18,7334520,0,100.565,13.731,1000,1,1,0,0,0
LTE,520,47,33051,77006357,0,100.564,13.731,1000,1,1,0,0,0
UMTS,520,3,20025,42123788,0,100.56,13.731,1000,1,1,0,0,0
UMTS,520,15,20021,42114454,0,100.56,13.731,1000,1,1,0,0,0
UMTS,520,15,20021,42122702,0,100.56,13.731,1000,1,1,0,0,0
UMTS,520,15,20021,42112846,0,100.56,13.731,1000,1,1,0,0,0
UMTS,520,15,16021,41890393,0,100.565,13.731,1000,1,1,0,0,0
LTE,520,3,912,156937595,0,100.563,13.731,1596,1,1,0,0,0
UMTS,520,18,14612,7340206,0,100.565,13.731,2548,1,1,0,0,0
UMTS,520,3,16025,41906061,0,100.551,13.731,1000,1,1,0,0,0
LTE,520,47,112,319490,0,100.564,13.731,1000,1,1,0,0,0
LTE,520,47,113,12641537,0,100.564,13.731,1000,1,1,0,0,0
UMTS,520,3,16025,41908687,0,100.56,13.731,3774,1,1,0,0,0
UMTS,520,15,20021,42112566,0,100.561,13.731,1000,1,1,0,0,0
UMTS,520,15,20021,42125241,0,100.552,13.731,1000,1,1,0,0,0
UMTS,520,5,20021,42125612,0,100.552,13.731,1000,1,1,0,0,0
LTE,520,47,33052,78640149,0,100.564,13.731,1000,1,1,0,0,0
UMTS,520,15,20021,42125612,0,100.552,13.731,1000,1,1,0,0,0
LTE,520,5,113,12641539,0,100.564,13.731,1000,1,1,0,0,0
UMTS,520,15,20021,42114868,0,100.566,13.731,4070,1,1,0,0,0
GSM,520,1,26040,805,0,100.552,13.731,1000,1,1,0,0,0
UMTS,520,5,1602,132503162,0,100.561,13.732,1000,1,1,0,0,0
LTE,520,5,125,4813057,0,100.555,13.732,9651,1,1,0,0,0
UMTS,520,4,1620,137735020,0,100.565,13.732,1000,1,1,0,0,0
LTE,520,3,912,154890372,0,100.552,13.732,1000,1,1,0,0,0
UMTS,520,15,16021,41888329,0,100.566,13.732,2919,1,1,0,0,0
UMTS,520,3,20025,42118633,0,100.551,13.732,1000,1,1,0,0,0
UMTS,520,3,20025,41891347,0,100.563,13.732,1000,1,1,0,0,0
LTE,520,4,1004,15949057,0,100.564,13.732,1000,1,1,0,0,0
UMTS,520,5,3052,23338016,0,100.564,13.732,1000,1,1,0,0,0
UMTS,520,3,20025,42118123,0,100.565,13.732,1000,1,1,0,0,0
GSM,520,99,15062,3994,0,100.566,13.732,1000,1,1,0,0,0
UMTS,520,15,20021,42114452,0,100.561,13.732,1000,1,1,0,0,0
UMTS,520,15,20021,42118410,0,100.553,13.732,2543,1,1,0,0,0
LTE,520,3,912,155021413,0,100.561,13.732,1000,1,1,0,0,0
LTE,520,3,866,154884245,0,100.561,13.732,1000,1,1,0,0,0
LTE,520,5,113,46594,0,100.564,13.732,1181,1,1,0,0,0
LTE,520,3,866,157071974,0,100.564,13.732,1000,1,1,0,0,0
LTE,520,18,112,4984838,0,100.561,13.732,1000,1,1,0,0,0
LTE,520,3,866,157071973,0,100.564,13.732,1000,1,1,0,0,0
UMTS,520,4,1622,137728055,0,100.565,13.732,1000,1,1,0,0,0
LTE,520,4,3002,1666846,0,100.556,13.732,8404,1,1,0,0,0
UMTS,520,4,1602,137728065,0,100.564,13.732,1000,1,1,0,0,0
UMTS,520,4,1622,137727483,0,100.567,13.732,1000,1,1,0,0,0
UMTS,520,15,13011,42617946,0,100.556,13.732,7449,1,1,0,0,0
LTE,520,3,866,156934245,0,100.562,13.732,6331,1,1,0,0,0
LTE,520,4,3004,15949086,0,100.565,13.732,1000,1,1,0,0,0
UMTS,520,5,3053,23354234,0,100.553,13.732,3658,1,1,0,0,0
LTE,520,3,912,154890363,0,100.55,13.732,4431,1,1,0,0,0
GSM,520,1,1020,53293,0,100.56,13.732,1000,1,1,0,0,0
LTE,520,3,866,157086842,0,100.563,13.732,1000,1,1,0,0,0
LTE,520,3,866,156937389,0,100.563,13.732,1000,1,1,0,0,0
LTE,520,3,866,156937344,0,100.564,13.732,1000,1,1,0,0,0
UMTS,520,5,3051,23355950,0,100.563,13.732,1000,1,1,0,0,0
LTE,520,4,3004,15949087,0,100.564,13.732,1000,1,1,0,0,0
UMTS,520,5,3053,23346714,0,100.557,13.732,1919,1,1,0,0,0
UMTS,520,15,16021,41888109,0,100.566,13.732,1000,1,1,0,0,0
LTE,520,47,33052,78640151,0,100.564,13.732,1000,1,1,0,0,0
UMTS,520,15,20025,42118419,0,100.552,13.732,1000,1,1,0,0,0
UMTS,520,15,20021,41903486,0,100.552,13.732,1000,1,1,0,0,0
UMTS,520,3,20025,43112157,0,100.554,13.732,1000,1,1,0,0,0
LTE,520,5,2027,12114052,0,100.56,13.732,1000,1,1,0,0,0
LTE,520,18,3052,64555778,0,100.561,13.732,7081,1,1,0,0,0
LTE,520,3,912,155014247,0,100.561,13.732,1000,1,1,0,0,0
LTE,520,3,866,156937327,0,100.565,13.732,1000,1,1,0,0,0
UMTS,520,15,16021,41889592,0,100.564,13.732,1000,1,1,0,0,0
LTE,520,3,868,154887291,0,100.564,13.732,4923,1,1,0,0,0
GSM,520,18,10087,2482,0,100.55,13.732,1000,1,1,0,0,0
UMTS,520,3,16025,41906081,0,100.552,13.732,1000,1,1,0,0,0
LTE,520,5,121,11399938,0,100.565,13.732,4839,1,1,0,0,0
LTE,520,3,866,156937339,0,100.559,13.732,2474,1,1,0,0,0
LTE,520,3,866,154881126,0,100.56,13.732,2609,1,1,0,0,0
LTE,520,3,866,157065083,0,100.564,13.732,1000,1,1,0,0,0
UMTS,520,0,1017,10005609,0,100.552,13.732,1000,1,1,0,0,0
UMTS,520,15,16021,41889724,0,100.553,13.732,3509,1,1,0,0,0
UMTS,520,15,16021,41890413,0,100.556,13.732,7190,1,1,0,0,0
LTE,520,3,866,156942460,0,100.565,13.732,1000,1,1,0,0,0
LTE,520,99,113,3156809,0,100.564,13.732,1000,1,1,0,0,0
UMTS,520,3,20025,42113238,0,100.551,13.732,1000,1,1,0,0,0
UMTS,520,5,3051,23331663,0,100.553,13.732,1000,1,1,0,0,0
UMTS,520,4,1602,137724283,0,100.56,13.732,1000,1,1,0,0,0
GSM,520,1,26040,686,0,100.558,13.732,1000,1,1,0,0,0
UMTS,520,3,16025,41889965,0,100.564,13.732,1000,1,1,0,0,0
LTE,520,3,398,9598922,0,100.564,13.732,1000,1,1,0,0,0
UMTS,520,3,16025,41910467,0,100.564,13.732,1000,1,1,0,0,0
LTE,520,3,912,154890472,0,100.555,13.732,1000,1,1,0,0,0
UMTS,520,5,1602,132480544,0,100.557,13.732,1000,1,1,0,0,0
LTE,520,3,866,154884285,0,100.561,13.732,1000,1,1,0,0,0
LTE,520,4,2002,18921248,0,100.56,13.732,1000,1,1,0,0,0
UMTS,520,15,16021,41890392,0,100.563,13.732,1000,1,1,0,0,0
LTE,520,47,33052,76800535,0,100.56,13.732,1000,1,1,0,0,0
UMTS,520,15,16021,41890421,0,100.565,13.732,1000,1,1,0,0,0
UMTS,520,18,14612,7343124,0,100.561,13.732,1000,1,1,0,0,0
UMTS,520,4,1602,137726565,0,100.561,13.732,1000,1,1,0,0,0
GSM,520,99,1622,43810,0,100.564,13.732,1000,1,1,0,0,0
LTE,520,4,3027,12062853,0,100.552,13.732,1000,1,1,0,0,0
UMTS,520,3,20025,43111370,0,100.558,13.732,1000,1,1,0,0,0
LTE,520,3,912,156937068,0,100.56,13.732,1000,1,1,0,0,0
LTE,520,3,866,154881136,0,100.56,13.732,1000,1,1,0,0,0
UMTS,520,18,14612,7353811,0,100.55,13.732,1000,1,1,0,0,0
UMTS,520,15,16021,41898496,0,100.564,13.732,1000,1,1,0,0,0
LTE,520,3,444,9914813,0,100.565,13.732,1372,1,1,0,0,0
UMTS,520,5,3051,23344079,0,100.561,13.732,1089,1,1,0,0,0
UMTS,520,5,3052,23335235,0,100.565,13.732,1000,1,1,0,0,0
UMTS,520,15,20021,42118409,0,100.552,13.732,5100,1,1,0,0,0
UMTS,520,5,14612,7342297,0,100.552,13.732,1000,1,1,0,0,0
LTE,520,4,1004,2980098,0,100.567,13.732,1000,1,1,0,0,0
UMTS,520,15,16021,41890396,0,100.566,13.732,1000,1,1,0,0,0
LTE,520,3,866,156936305,0,100.565,13.732,1000,1,1,0,0,0
LTE,520,3,866,157086841,0,100.563,13.732,1000,1,1,0,0,0
LTE,520,3,867,154880869,0,100.566,13.732,5919,1,1,0,0,0
UMTS,520,5,3053,23339846,0,100.557,13.732,1031,1,1,0,0,0
UMTS,520,15,16021,41893036,0,100.566,13.732,1000,1,1,0,0,0
LTE,520,4,3004,1462050,0,100.56,13.732,1000,1,1,0,0,0
UMTS,520,18,14721,8138814,0,100.55,13.732,1000,1,1,0,0,0
UMTS,520,3,14025,41381783,0,100.55,13.732,1000,1,1,0,0,0
UMTS,520,3,14025,41702217,0,100.55,13.732,1000,1,1,0,0,0
UMTS,520,5,1622,137704756,0,100.579,13.724,1000,1,1,0,0,0
UMTS,520,18,3101,23681127,0,100.579,13.724,1000,1,1,0,0,0
LTE,520,47,33101,79050509,0,100.579,13.724,1000,1,1,0,0,0
UMTS,520,18,866,156942437,0,100.579,13.724,1000,1,1,0,0,0
UMTS,520,18,14612,7345239,0,100.569,13.724,6576,1,1,0,0,0
LTE,520,5,14210,362,0,100.579,13.724,1000,1,1,0,0,0
LTE,520,3,14239,23,0,100.579,13.724,1000,1,1,0,0,0
UMTS,520,3,16025,41913365,0,100.575,13.724,7685,1,1,0,0,0
UMTS,520,15,20021,42113852,0,100.568,13.724,1000,1,1,0,0,0
LTE,520,3,864,157195878,0,100.579,13.724,1213,1,1,0,0,0
LTE,520,5,3004,14932768,0,100.579,13.724,1000,1,1,0,0,0
LTE,520,15,1248,157187551,0,100.579,13.724,1000,1,1,0,0,0
LTE,520,5,3004,14932770,0,100.579,13.724,1000,1,1,0,0,0
UMTS,520,4,1622,137730178,0,100.577,13.724,1000,1,1,0,0,0
UMTS,520,15,20021,42113853,0,100.567,13.724,1000,1,1,0,0,0
GSM,520,18,14210,362,0,100.58,13.724,1000,1,1,0,0,0
UMTS,520,5,3052,23354678,0,100.569,13.724,1000,1,1,0,0,0
UMTS,520,4,1622,137728937,0,100.579,13.724,1000,1,1,0,0,0
UMTS,520,18,14612,7353186,0,100.577,13.724,1000,1,1,0,0,0
LTE,520,4,20004,27059516,0,100.58,13.724,3951,1,1,0,0,0
UMTS,520,15,20021,42125607,0,100.567,13.724,1000,1,1,0,0,0
LTE,520,3,864,157187459,0,100.578,13.724,1000,1,1,0,0,0
LTE,520,5,3004,31150377,0,100.579,13.724,1000,1,1,0,0,0
UMTS,520,3,16025,41893686,0,100.581,13.724,1000,1,1,0,0,0
LTE,520,3,864,157191549,0,100.579,13.724,1000,1,1,0,0,0
UMTS,520,15,16021,41890553,0,100.578,13.724,1000,1,1,0,0,0
UMTS,520,1,16021,41892979,0,100.579,13.724,1000,1,1,0,0,0
UMTS,520,3,16025,41887963,0,100.58,13.724,1000,1,1,0,0,0
UMTS,520,18,14782,9122189,0,100.578,13.724,1995,1,1,0,0,0
UMTS,520,5,3101,23682702,0,100.579,13.724,1000,1,1,0,0,0
LTE,520,18,3052,64378627,0,100.568,13.724,4282,1,1,0,0,0
LTE,520,3,866,156938608,0,100.573,13.724,1000,1,1,0,0,0
UMTS,520,3,16025,41898218,0,100.579,13.724,1000,1,1,0,0,0
UMTS,520,3,13015,42615782,0,100.581,13.724,5974,1,1,0,0,0
LTE,520,3,864,157187441,0,100.578,13.724,1000,1,1,0,0,0
UMTS,520,3,16025,41892996,0,100.581,13.724,1000,1,1,0,0,0
LTE,520,47,33101,79050559,0,100.579,13.724,1000,1,1,0,0,0
UMTS,520,5,3051,23343391,0,100.568,13.724,1000,1,1,0,0,0
UMTS,520,18,14782,9123028,0,100.582,13.724,1000,1,1,0,0,0
UMTS,520,15,13011,42620706,0,100.58,13.724,4032,1,1,0,0,0
UMTS,520,15,13011,42622488,0,100.583,13.724,3806,1,1,0,0,0
LTE,520,3,864,157191550,0,100.579,13.724,1000,1,1,0,0,0
LTE,520,4,20004,27059517,0,100.581,13.724,1000,1,1,0,0,0
GSM,520,99,1622,33890,0,100.579,13.724,1000,1,1,0,0,0
LTE,520,47,33101,79050529,0,100.579,13.724,1000,1,1,0,0,0
UMTS,520,15,16021,41892996,0,100.578,13.724,1000,1,1,0,0,0
UMTS,520,18,14782,9122190,0,100.578,13.724,2372,1,1,0,0,0
LTE,520,3,864,157191528,0,100.578,13.724,1000,1,1,0,0,0
UMTS,520,18,14612,7340968,0,100.567,13.724,1000,1,1,0,0,0
UMTS,520,3,16025,41893687,0,100.578,13.724,1000,1,1,0,0,0
LTE,520,3,866,156938085,0,100.579,13.724,4321,1,1,0,0,0
UMTS,520,18,3051,23343391,0,100.568,13.724,1000,1,1,0,0,0
UMTS,520,3,7025,42023684,0,100.576,13.724,1000,1,1,0,0,0
GSM,520,1,24040,649,0,100.579,13.724,1000,1,1,0,0,0
UMTS,520,3,864,157315173,0,100.58,13.724,1000,1,1,0,0,0
GSM,520,1,24040,514,0,100.58,13.724,1000,1,1,0,0,0
LTE,520,5,1002,64724993,0,100.579,13.724,1000,1,1,0,0,0
UMTS,520,99,866,156938619,0,100.572,13.724,1000,1,1,0,0,0
LTE,520,3,912,156937860,0,100.567,13.724,1000,1,1,0,0,0
GSM,520,1,24040,593,0,100.579,13.724,1000,1,1,0,0,0
UMTS,520,15,16025,41887963,0,100.581,13.725,1000,1,1,0,0,0
LTE,520,3,866,157077605,0,100.58,13.725,2248,1,1,0,0,0
UMTS,520,5,14612,7354646,0,100.579,13.725,1000,1,1,0,0,0
LTE,520,3,864,157133670,0,100.578,13.725,1000,1,1,0,0,0
UMTS,520,5,14612,7340963,0,100.568,13.725,1000,1,1,0,0,0
LTE,520,18,3051,64641539,0,100.568,13.725,1521,1,1,0,0,0
LTE,520,3,912,156936048,0,100.573,13.725,1000,1,1,0,0,0
UMTS,520,18,14612,7340966,0,100.567,13.725,1000,1,1,0,0,0
LTE,520,3,864,157187449,0,100.58,13.725,1000,1,1,0,0,0
LTE,520,5,121,92419,0,100.578,13.725,1000,1,1,0,0,0
UMTS,520,5,3052,23355273,0,100.574,13.725,7177,1,1,0,0,0
GSM,520,18,14210,289,0,100.578,13.725,1000,1,1,0,0,0
UMTS,520,15,13011,42618974,0,100.575,13.725,1000,1,1,0,0,0
UMTS,520,3,16025,41898755,0,100.572,13.725,5490,1,1,0,0,0
LTE,520,4,3004,2544929,0,100.581,13.725,1000,1,1,0,0,0
UMTS,520,0,18,7313291,0,100.577,13.725,1137,1,1,0,0,0
LTE,520,47,33051,80047667,0,100.567,13.725,1000,1,1,0,0,0
LTE,520,3,864,41908690,0,100.579,13.725,1000,1,1,0,0,0
LTE,520,3,864,156932719,0,100.576,13.725,1000,1,1,0,0,0
LTE,520,3,864,157187434,0,100.579,13.725,1000,1,1,0,0,0
UMTS,520,5,3051,23343392,0,100.57,13.725,1114,1,1,0,0,0
LTE,520,3,864,157370470,0,100.58,13.725,1273,1,1,0,0,0
LTE,520,4,3004,499456,0,100.578,13.725,2300,1,1,0,0,0
GSM,520,18,14002,161,0,100.57,13.725,1030,1,1,0,0,0
UMTS,520,15,16021,41889726,0,100.577,13.725,1000,1,1,0,0,0
UMTS,520,15,16021,41892687,0,100.578,13.725,1000,1,1,0,0,0
LTE,520,4,20004,2544959,0,100.58,13.725,1000,1,1,0,0,0
UMTS,520,4,1622,137730327,0,100.57,13.725,1533,1,1,0,0,0
UMTS,520,15,13011,42617954,0,100.582,13.725,6420,1,1,0,0,0
UMTS,520,15,16021,41911046,0,100.583,13.725,2251,1,1,0,0,0
UMTS,520,18,14612,7340963,0,100.568,13.725,1000,1,1,0,0,0
LTE,520,15,1231,156939997,0,100.578,13.725,1000,1,1,0,0,0
LTE,520,18,3101,64282628,0,100.577,13.725,2463,1,1,0,0,0
UMTS,520,1,121,11446018,0,100.576,13.725,1000,1,1,0,0,0
LTE,520,5,121,1477380,0,100.578,13.725,6352,1,1,0,0,0
UMTS,520,15,16021,41889964,0,100.567,13.725,1000,1,1,0,0,0
LTE,520,47,33101,78378261,0,100.578,13.725,1000,1,1,0,0,0
UMTS,520,1,113,12436737,0,100.574,13.725,1000,1,1,0,0,0
LTE,520,3,864,157318770,0,100.583,13.725,1000,1,1,0,0,0
UMTS,520,15,16021,41913746,0,100.574,13.725,1144,1,1,0,0,0
LTE,520,3,864,157318783,0,100.583,13.725,1000,1,1,0,0,0
LTE,520,3,864,157191546,0,100.577,13.725,1011,1,1,0,0,0
UMTS,520,3,16025,41892695,0,100.575,13.725,5091,1,1,0,0,0
LTE,520,3,864,157187436,0,100.578,13.725,1000,1,1,0,0,0
UMTS,520,18,14612,7353187,0,100.567,13.725,1000,1,1,0,0,0
GSM,520,1,4020,53294,0,100.583,13.725,1000,1,1,0,0,0
LTE,520,4,3004,13560321,0,100.578,13.725,1000,1,1,0,0,0
GSM,520,1,24040,518,0,100.579,13.725,1000,1,1,0,0,0
UMTS,520,3,16025,42137044,0,100.571,13.725,1000,1,1,0,0,0
UMTS,520,15,20021,42137040,0,100.569,13.725,1000,1,1,0,0,0
UMTS,520,15,16021,41908677,0,100.578,13.725,1000,1,1,0,0,0
GSM,520,1,4020,38836,0,100.578,13.725,1000,1,1,0,0,0
LTE,520,47,33101,78481431,0,100.58,13.725,1000,1,1,0,0,0
UMTS,520,18,14782,9117605,0,100.582,13.725,1343,1,1,0,0,0
LTE,520,3,864,157187429,0,100.58,13.725,1192,1,1,0,0,0
UMTS,520,18,3051,23340297,0,100.568,13.725,1000,1,1,0,0,0
UMTS,520,0,18,7320551,0,100.579,13.725,1000,1,1,0,0,0
UMTS,520,0,18,7330071,0,100.579,13.725,1000,1,1,0,0,0
GSM,520,99,1622,33010,0,100.568,13.725,1000,1,1,0,0,0
UMTS,520,15,20021,42113233,0,100.567,13.725,1000,1,1,0,0,0
LTE,520,4,2004,5102372,0,100.576,13.725,5038,1,1,0,0,0
UMTS,520,5,18,7320551,0,100.58,13.725,1000,1,1,0,0,0
UMTS,520,5,18,7330071,0,100.58,13.725,1000,1,1,0,0,0
UMTS,520,5,1013,7451391,0,100.58,13.725,1000,1,1,0,0,0
UMTS,520,5,3101,23682114,0,100.567,13.725,1000,1,1,0,0,0
UMTS,520,5,1622,137692961,0,100.567,13.725,1000,1,1,0,0,0
LTE,520,5,3004,13560351,0,100.578,13.725,1000,1,1,0,0,0
UMTS,520,15,16021,41911647,0,100.576,13.725,3617,1,1,0,0,0
LTE,520,3,864,157187439,0,100.581,13.725,1000,1,1,0,0,0
UMTS,520,1,18,7331083,0,100.579,13.725,1000,1,1,0,0,0
UMTS,520,18,14782,9121591,0,100.577,13.725,1000,1,1,0,0,0
UMTS,520,1,3101,62554369,0,100.575,13.725,1000,1,1,0,0,0
UMTS,520,3,20025,42113233,0,100.567,13.725,1000,1,1,0,0,0
UMTS,520,3,16025,42225994,0,100.577,13.725,1000,1,1,0,0,0
LTE,520,4,3004,9999648,0,100.569,13.725,1000,1,1,0,0,0
LTE,520,4,20004,2544958,0,100.578,13.725,1029,1,1,0,0,0
LTE,520,3,912,156937861,0,100.567,13.725,1000,1,1,0,0,0
LTE,520,18,3052,65163521,0,100.576,13.725,5352,1,1,0,0,0
UMTS,520,18,14612,7354647,0,100.567,13.725,1000,1,1,0,0,0
LTE,520,47,33101,79325749,0,100.577,13.725,1000,1,1,0,0,0
LTE,520,18,1336,5158801,0,100.577,13.725,1020,1,1,0,0,0
UMTS,520,3,16025,41910485,0,100.577,13.725,1918,1,1,0,0,0
UMTS,520,5,3051,23340296,0,100.574,13.725,1000,1,1,0,0,0
LTE,520,4,3004,499488,0,100.579,13.725,2616,1,1,0,0,0
UMTS,520,15,16021,41889827,0,100.577,13.725,1000,1,1,0,0,0
LTE,520,3,864,157133669,0,100.58,13.725,4316,1,1,0,0,0
LTE,520,47,33101,79050517,0,100.577,13.725,1000,1,1,0,0,0
LTE,520,3,864,157191545,0,100.577,13.725,1000,1,1,0,0,0
LTE,520,3,864,157186150,0,100.58,13.725,1000,1,1,0,0,0
LTE,520,5,1153,62553346,0,100.577,13.725,1000,1,1,0,0,0
UMTS,520,5,1102,20421712,0,100.577,13.725,1000,1,1,0,0,0
UMTS,520,15,16021,41908675,0,100.58,13.725,1000,1,1,0,0,0
LTE,520,3,864,157194097,0,100.578,13.725,2265,1,1,0,0,0
LTE,520,4,1004,9999618,0,100.569,13.725,1000,1,1,0,0,0
GSM,520,99,16061,3986,0,100.569,13.725,1000,1,1,0,0,0
UMTS,520,3,7025,42044629,0,100.576,13.725,1000,1,1,0,0,0
UMTS,520,18,14717,7876407,0,100.576,13.725,1000,1,1,0,0,0
GSM,520,99,1622,33388,0,100.577,13.725,1000,1,1,0,0,0
UMTS,520,5,3052,23342353,0,100.577,13.725,1000,1,1,0,0,0
UMTS,520,3,16025,42118374,0,100.567,13.725,1000,1,1,0,0,0
UMTS,520,3,7025,42045209,0,100.567,13.725,1000,1,1,0,0,0
GSM,520,99,16061,3987,0,100.567,13.725,1000,1,1,0,0,0
UMTS,520,3,7025,42034447,0,100.57,13.725,1000,1,1,0,0,0
UMTS,520,3,7025,42034437,0,100.57,13.725,1000,1,1,0,0,0
UMTS,520,3,7025,42034427,0,100.57,13.725,1000,1,1,0,0,0
UMTS,520,3,15025,41706757,0,100.57,13.725,1000,1,1,0,0,0
UMTS,520,3,15025,41706767,0,100.57,13.725,1000,1,1,0,0,0
UMTS,520,3,16025,41909675,0,100.57,13.725,1000,1,1,0,0,0
UMTS,520,3,16025,41909975,0,100.57,13.725,1000,1,1,0,0,0
UMTS,520,3,14025,41717317,0,100.57,13.725,1000,1,1,0,0,0
UMTS,520,3,14670,42118375,0,100.57,13.725,1000,1,1,0,0,0
UMTS,520,3,14670,42081854,0,100.57,13.725,1000,1,1,0,0,0
UMTS,520,3,14670,42118374,0,100.57,13.725,1000,1,1,0,0,0
UMTS,520,3,14025,41706757,0,100.57,13.725,1000,1,1,0,0,0
UMTS,520,3,14670,42137033,0,100.57,13.725,1000,1,1,0,0,0
UMTS,520,5,3051,7353187,0,100.57,13.725,1000,1,1,0,0,0
UMTS,520,0,18,7313687,0,100.57,13.725,1000,1,1,0,0,0
UMTS,520,0,18,7324687,0,100.57,13.725,1000,1,1,0,0,0
UMTS,520,99,16061,18634,0,100.57,13.725,1000,1,1,0,0,0
GSM,520,99,1622,35120,0,100.57,13.725,1000,1,1,0,0,0
LTE,520,3,912,157134437,0,100.57,13.725,1000,1,1,0,0,0
UMTS,520,3,7025,42034428,0,100.571,13.725,1000,1,1,0,0,0
UMTS,520,99,16061,3984,0,100.571,13.725,1000,1,1,0,0,0
LTE,520,5,113,12436738,0,100.572,13.725,1000,1,1,0,0,0
UMTS,520,3,16025,41897166,0,100.572,13.725,1000,1,1,0,0,0
UMTS,520,3,16025,41910255,0,100.572,13.725,1000,1,1,0,0,0
LTE,520,4,1004,499457,0,100.572,13.725,1000,1,1,0,0,0
UMTS,520,0,18,7329958,0,100.572,13.725,1000,1,1,0,0,0
UMTS,520,3,7025,42036857,0,100.574,13.725,1000,1,1,0,0,0
UMTS,520,3,7025,42036860,0,100.574,13.725,1000,1,1,0,0,0
UMTS,520,3,16025,41910628,0,100.574,13.725,1000,1,1,0,0,0
UMTS,520,5,3101,23681130,0,100.575,13.725,1000,1,1,0,0,0
UMTS,520,3,39230,41910475,0,100.576,13.725,1000,1,1,0,0,0
UMTS,520,3,39230,41898206,0,100.576,13.725,1000,1,1,0,0,0
UMTS,520,18,14717,7877845,0,100.576,13.725,1000,1,1,0,0,0
UMTS,520,5,3101,23670033,0,100.576,13.725,1000,1,1,0,0,0
LTE,520,5,113,11446017,0,100.576,13.725,1000,1,1,0,0,0
UMTS,520,3,7025,42023674,0,100.576,13.725,1000,1,1,0,0,0
UMTS,520,3,7025,42018947,0,100.576,13.725,1000,1,1,0,0,0
UMTS,520,3,7025,42023669,0,100.576,13.725,1000,1,1,0,0,0
UMTS,520,3,7025,42023659,0,100.576,13.725,1000,1,1,0,0,0
UMTS,520,3,7025,42023660,0,100.576,13.725,1000,1,1,0,0,0
UMTS,520,3,6025,41363437,0,100.576,13.725,1000,1,1,0,0,0
UMTS,520,3,16025,41879202,0,100.576,13.725,1000,1,1,0,0,0
UMTS,520,3,16025,41879201,0,100.576,13.725,1000,1,1,0,0,0
UMTS,520,3,16025,41893677,0,100.576,13.725,1000,1,1,0,0,0
LTE,520,4,1004,499486,0,100.576,13.725,1000,1,1,0,0,0
UMTS,520,5,3051,23342356,0,100.576,13.725,1000,1,1,0,0,0
UMTS,520,5,3052,23681127,0,100.576,13.725,1000,1,1,0,0,0
UMTS,520,0,1012,7315807,0,100.576,13.725,1000,1,1,0,0,0
UMTS,520,3,39230,41887641,0,100.576,13.725,1000,1,1,0,0,0
UMTS,520,3,39230,41888327,0,100.576,13.725,1000,1,1,0,0,0
LTE,520,5,113,92419,0,100.578,13.725,1000,1,1,0,0,0
UMTS,520,3,7025,42023680,0,100.578,13.725,1000,1,1,0,0,0
UMTS,520,3,16025,41893682,0,100.578,13.725,1000,1,1,0,0,0
UMTS,520,3,16025,41893672,0,100.578,13.725,1000,1,1,0,0,0
UMTS,520,3,16025,41893667,0,100.578,13.725,1000,1,1,0,0,0
UMTS,520,3,14025,41369160,0,100.578,13.725,1000,1,1,0,0,0
UMTS,520,5,3052,23342352,0,100.578,13.725,1000,1,1,0,0,0
UMTS,520,18,14612,7352119,0,100.578,13.725,1000,1,1,0,0,0
UMTS,520,0,18,7320921,0,100.578,13.725,1000,1,1,0,0,0
UMTS,520,99,1622,33001,0,100.578,13.725,1000,1,1,0,0,0
UMTS,520,0,1012,7310431,0,100.578,13.725,1000,1,1,0,0,0
UMTS,520,3,16025,41892981,0,100.578,13.725,1000,1,1,0,0,0
GSM,520,99,1622,37478,0,100.578,13.725,1000,1,1,0,0,0
UMTS,520,5,3101,23679122,0,100.579,13.725,1000,1,1,0,0,0
UMTS,520,5,3101,23679124,0,100.579,13.725,1000,1,1,0,0,0
UMTS,520,3,7025,42023658,0,100.579,13.725,1000,1,1,0,0,0
LTE,520,3,865,155015013,0,100.579,13.725,1000,1,1,0,0,0
UMTS,520,3,6025,41564906,0,100.579,13.725,1000,1,1,0,0,0
UMTS,520,3,16025,41893666,0,100.579,13.725,1000,1,1,0,0,0
UMTS,520,3,16025,41908675,0,100.579,13.725,1000,1,1,0,0,0
UMTS,520,3,16025,41908665,0,100.579,13.725,1000,1,1,0,0,0
UMTS,520,5,3052,23351444,0,100.579,13.725,1000,1,1,0,0,0
UMTS,520,0,18,499456,0,100.579,13.725,1000,1,1,0,0,0
UMTS,520,3,7025,42044627,0,100.579,13.725,1000,1,1,0,0,0
UMTS,520,3,7025,42044647,0,100.579,13.725,1000,1,1,0,0,0
GSM,520,99,1622,33680,0,100.579,13.725,1000,1,1,0,0,0
LTE,520,4,1004,2544959,0,100.579,13.725,1000,1,1,0,0,0
UMTS,520,3,16025,41889722,0,100.579,13.725,1000,1,1,0,0,0
UMTS,520,3,39230,41893676,0,100.582,13.725,1000,1,1,0,0,0
UMTS,520,3,6025,41572206,0,100.583,13.725,1000,1,1,0,0,0
LTE,520,3,866,157071461,0,100.57,13.725,2103,1,1,0,0,0
UMTS,520,5,3101,23681129,0,100.58,13.725,4204,1,1,0,0,0
UMTS,520,15,4011,42150271,0,100.573,13.725,6834,1,1,0,0,0
LTE,520,47,121,864517,0,100.577,13.725,1000,1,1,0,0,0
UMTS,520,3,16025,42216659,0,100.577,13.725,1000,1,1,0,0,0
UMTS,520,3,16025,41908690,0,100.579,13.725,5497,1,1,0,0,0
UMTS,520,0,18,7310431,0,100.577,13.725,1000,1,1,0,0,0
UMTS,520,15,16021,41910476,0,100.576,13.725,1000,1,1,0,0,0
UMTS,520,0,18,7329957,0,100.576,13.725,1000,1,1,0,0,0
LTE,520,3,864,157313384,0,100.579,13.725,1000,1,1,0,0,0
UMTS,520,5,3101,23682115,0,100.574,13.725,1000,1,1,0,0,0
LTE,520,4,2004,5102340,0,100.58,13.725,1000,1,1,0,0,0
LTE,520,3,864,156932729,0,100.577,13.725,1016,1,1,0,0,0
UMTS,520,0,18,7330291,0,100.578,13.725,1000,1,1,0,0,0
LTE,520,4,3004,9193246,0,100.579,13.725,1000,1,1,0,0,0
LTE,520,47,33101,79325747,0,100.578,13.725,1000,1,1,0,0,0
LTE,520,5,3004,13560350,0,100.577,13.726,1000,1,1,0,0,0
LTE,520,47,33101,79050637,0,100.578,13.726,1000,1,1,0,0,0
UMTS,520,5,3051,23340299,0,100.572,13.726,1000,1,1,0,0,0
LTE,520,47,33101,78378263,0,100.577,13.726,1000,1,1,0,0,0
UMTS,520,15,16021,41910475,0,100.576,13.726,1378,1,1,0,0,0
UMTS,520,15,16021,41892980,0,100.577,13.726,2832,1,1,0,0,0
LTE,520,4,20004,8962877,0,100.583,13.726,1000,1,1,0,0,0
LTE,520,3,912,156936042,0,100.571,13.726,1000,1,1,0,0,0
LTE,520,3,866,156938864,0,100.572,13.726,4265,1,1,0,0,0
LTE,520,3,864,156933735,0,100.574,13.726,1000,1,1,0,0,0
UMTS,520,4,1622,137730198,0,100.571,13.726,1000,1,1,0,0,0
LTE,520,3,864,157189221,0,100.575,13.726,4011,1,1,0,0,0
UMTS,520,5,3111,23738556,0,100.574,13.726,5450,1,1,0,0,0
UMTS,520,0,18,7329497,0,100.583,13.726,1429,1,1,0,0,0
GSM,520,18,14210,363,0,100.576,13.726,1000,1,1,0,0,0
LTE,520,3,866,156938346,0,100.576,13.726,3445,1,1,0,0,0
LTE,520,5,3004,10895390,0,100.577,13.726,1000,1,1,0,0,0
UMTS,520,15,16021,41889859,0,100.572,13.726,7801,1,1,0,0,0
GSM,520,99,16061,3918,0,100.58,13.726,1000,1,1,0,0,0
UMTS,520,15,16021,41889659,0,100.57,13.726,8943,1,1,0,0,0
GSM,520,18,14210,945,0,100.569,13.726,1000,1,1,0,0,0
UMTS,520,5,3101,23681127,0,100.576,13.726,1000,1,1,0,0,0
UMTS,520,5,1622,137752618,0,100.576,13.726,1000,1,1,0,0,0
UMTS,520,5,1622,137739752,0,100.576,13.726,1000,1,1,0,0,0
UMTS,520,0,18,7320138,0,100.575,13.726,1000,1,1,0,0,0
GSM,520,99,1622,33391,0,100.576,13.726,1000,1,1,0,0,0
UMTS,520,15,16021,41891460,0,100.572,13.726,4787,1,1,0,0,0
LTE,520,3,864,157195899,0,100.577,13.726,1880,1,1,0,0,0
UMTS,520,15,16021,41892979,0,100.58,13.726,1000,1,1,0,0,0
LTE,520,18,3101,62554370,0,100.573,13.726,1965,1,1,0,0,0
UMTS,520,3,16025,42227451,0,100.576,13.726,1000,1,1,0,0,0
UMTS,520,3,16025,42227649,0,100.578,13.726,1000,1,1,0,0,0
UMTS,520,18,14717,7866214,0,100.574,13.726,1000,1,1,0,0,0
GSM,520,99,16061,3944,0,100.576,13.726,1000,1,1,0,0,0
GSM,520,18,14210,665,0,100.576,13.726,1000,1,1,0,0,0
UMTS,520,3,20025,42137043,0,100.57,13.726,1000,1,1,0,0,0
UMTS,520,3,16025,41915341,0,100.576,13.726,1171,1,1,0,0,0
LTE,520,47,33051,78786591,0,100.568,13.726,1000,1,1,0,0,0
LTE,520,3,866,157059174,0,100.575,13.726,2898,1,1,0,0,0
LTE,520,5,3004,10895392,0,100.576,13.726,1000,1,1,0,0,0
LTE,520,3,864,157195879,0,100.576,13.726,3476,1,1,0,0,0
UMTS,520,3,20025,42112165,0,100.567,13.726,1000,1,1,0,0,0
LTE,520,4,3004,4685086,0,100.577,13.726,1126,1,1,0,0,0
UMTS,520,3,16025,41888770,0,100.572,13.726,9147,1,1,0,0,0
UMTS,520,0,18,7331219,0,100.57,13.726,1000,1,1,0,0,0
UMTS,520,3,16025,41892971,0,100.575,13.726,1000,1,1,0,0,0
UMTS,520,0,18,7309686,0,100.581,13.726,1000,1,1,0,0,0
UMTS,520,15,16021,41889928,0,100.575,13.726,1000,1,1,0,0,0
UMTS,520,15,16021,41908446,0,100.575,13.726,1000,1,1,0,0,0
UMTS,520,3,20025,42113232,0,100.568,13.726,1000,1,1,0,0,0
LTE,520,3,916,154829671,0,100.569,13.726,25464,1,1,0,0,0
UMTS,520,5,3052,23341887,0,100.568,13.726,8161,1,1,0,0,0
LTE,520,3,864,157317993,0,100.576,13.726,2065,1,1,0,0,0
LTE,520,47,53021,79050637,0,100.576,13.726,1000,1,1,0,0,0
LTE,520,47,33101,79325748,0,100.578,13.726,1000,1,1,0,0,0
LTE,520,5,121,11446017,0,100.576,13.726,1000,1,1,0,0,0
LTE,520,5,3053,62308865,0,100.575,13.726,3616,1,1,0,0,0
LTE,520,4,20004,2575678,0,100.577,13.726,1000,1,1,0,0,0
GSM,520,1,24040,601,0,100.58,13.726,1000,1,1,0,0,0
UMTS,520,3,20025,42125606,0,100.568,13.726,1000,1,1,0,0,0
UMTS,520,4,1605,137730327,0,100.569,13.726,1000,1,1,0,0,0
LTE,520,4,4010,5268766,0,100.568,13.726,1000,1,1,0,0,0
UMTS,520,3,16025,41902830,0,100.577,13.726,1000,1,1,0,0,0
LTE,520,3,864,157186151,0,100.574,13.726,1000,1,1,0,0,0
LTE,520,3,866,156938366,0,100.576,13.726,1000,1,1,0,0,0
LTE,520,5,113,11740432,0,100.576,13.726,1000,1,1,0,0,0
UMTS,520,3,16025,41888327,0,100.575,13.726,1000,1,1,0,0,0
LTE,520,4,3004,9999647,0,100.571,13.726,8729,1,1,0,0,0
LTE,520,47,33101,79094551,0,100.576,13.726,1000,1,1,0,0,0
LTE,520,4,20004,26496316,0,100.58,13.726,1000,1,1,0,0,0
UMTS,520,5,3101,23682698,0,100.575,13.726,1000,1,1,0,0,0
GSM,520,1,24040,515,0,100.578,13.726,1000,1,1,0,0,0
UMTS,520,15,20021,42113232,0,100.567,13.726,1807,1,1,0,0,0
UMTS,520,15,16021,41892945,0,100.58,13.726,1000,1,1,0,0,0
UMTS,520,5,3052,23341777,0,100.577,13.726,4919,1,1,0,0,0
UMTS,520,4,1622,137724290,0,100.578,13.726,2076,1,1,0,0,0
LTE,520,3,866,154884208,0,100.573,13.726,1000,1,1,0,0,0
UMTS,520,5,3052,23337324,0,100.568,13.726,1235,1,1,0,0,0
LTE,520,5,112,4685057,0,100.569,13.726,1296,1,1,0,0,0
LTE,520,47,33101,79094549,0,100.576,13.726,1000,1,1,0,0,0
UMTS,520,3,16025,41910637,0,100.568,13.726,2485,1,1,0,0,0
LTE,520,3,866,156938617,0,100.573,13.726,1000,1,1,0,0,0
LTE,520,3,912,156936037,0,100.57,13.726,1181,1,1,0,0,0
UMTS,520,3,16025,42220964,0,100.578,13.726,1000,1,1,0,0,0
LTE,520,5,53047,46622748,0,100.578,13.726,1000,1,1,0,0,0
UMTS,520,15,20021,42125320,0,100.568,13.726,1000,1,1,0,0,0
UMTS,520,3,16025,41893692,0,100.574,13.726,1000,1,1,0,0,0
LTE,520,3,866,156938607,0,100.573,13.726,1000,1,1,0,0,0
LTE,520,4,2002,1479968,0,100.58,13.726,7000,1,1,0,0,0
LTE,520,3,912,156936057,0,100.571,13.726,1000,1,1,0,0,0
UMTS,520,5,3051,23340300,0,100.567,13.726,1000,1,1,0,0,0
LTE,520,4,2004,4874497,0,100.572,13.726,1000,1,1,0,0,0
LTE,520,47,33052,79094539,0,100.575,13.726,1000,1,1,0,0,0
UMTS,520,15,16021,41888332,0,100.572,13.726,1000,1,1,0,0,0
LTE,520,4,1010,3853089,0,100.567,13.726,1000,1,1,0,0,0
UMTS,520,3,20025,42125339,0,100.567,13.726,1000,1,1,0,0,0
UMTS,520,3,20025,42125338,0,100.567,13.726,1000,1,1,0,0,0
LTE,520,5,3004,11740466,0,100.575,13.727,1000,1,1,0,0,0
LTE,520,47,33101,79050519,0,100.575,13.727,1000,1,1,0,0,0
LTE,520,5,3004,46622750,0,100.576,13.727,1000,1,1,0,0,0
LTE,520,3,864,157187430,0,100.58,13.727,7067,1,1,0,0,0
UMTS,520,18,14717,7866217,0,100.574,13.727,1000,1,1,0,0,0
LTE,520,4,3004,10073886,0,100.573,13.727,4254,1,1,0,0,0
LTE,520,3,866,156938599,0,100.57,13.727,1634,1,1,0,0,0
UMTS,520,15,16021,41890423,0,100.573,13.727,1000,1,1,0,0,0
LTE,520,18,3101,62426627,0,100.575,13.727,1000,1,1,0,0,0
LTE,520,3,866,156938342,0,100.574,13.727,1000,1,1,0,0,0
LTE,520,4,20004,499517,0,100.573,13.727,1000,1,1,0,0,0
LTE,520,4,1004,499456,0,100.576,13.727,1000,1,1,0,0,0
LTE,520,5,121,11975937,0,100.581,13.727,1000,1,1,0,0,0
GSM,520,99,1622,33065,0,100.568,13.727,1000,1,1,0,0,0
UMTS,520,15,16021,41888334,0,100.571,13.727,1000,1,1,0,0,0
UMTS,520,1,16021,41889861,0,100.575,13.727,1873,1,1,0,0,0
LTE,520,3,864,157133413,0,100.576,13.727,1665,1,1,0,0,0
LTE,520,3,864,157390181,0,100.581,13.727,1000,1,1,0,0,0
UMTS,520,0,18,7320137,0,100.576,13.727,1000,1,1,0,0,0
LTE,520,5,113,14592261,0,100.573,13.727,1000,1,1,0,0,0
LTE,520,3,864,157184103,0,100.582,13.727,3359,1,1,0,0,0
LTE,520,3,912,156930150,0,100.567,13.727,10552,1,1,0,0,0
LTE,520,47,33101,78378251,0,100.575,13.727,1000,1,1,0,0,0
GSM,520,1,4020,38805,0,100.575,13.727,1000,1,1,0,0,0
LTE,520,47,33101,79325729,0,100.58,13.727,1000,1,1,0,0,0
UMTS,520,0,18,7315809,0,100.574,13.727,1000,1,1,0,0,0
UMTS,520,15,13011,42616780,0,100.58,13.727,3033,1,1,0,0,0
LTE,520,5,3101,64566787,0,100.567,13.727,1159,1,1,0,0,0
UMTS,520,3,16025,41908775,0,100.58,13.727,1000,1,1,0,0,0
LTE,520,5,43021,11740616,0,100.575,13.727,1000,1,1,0,0,0
UMTS,520,15,3011,43096092,0,100.578,13.727,7602,1,1,0,0,0
GSM,520,1,4020,39063,0,100.575,13.727,1000,1,1,0,0,0
UMTS,520,15,16021,41910627,0,100.572,13.727,1000,1,1,0,0,0
UMTS,520,3,16025,41910486,0,100.573,13.727,1000,1,1,0,0,0
GSM,520,18,14210,5863,0,100.575,13.727,1000,1,1,0,0,0
UMTS,520,3,16025,41912796,0,100.567,13.727,1000,1,1,0,0,0
GSM,520,99,1622,34640,0,100.567,13.727,1000,1,1,0,0,0
LTE,520,4,1004,1462077,0,100.568,13.727,1000,1,1,0,0,0
UMTS,520,0,18,7321024,0,100.568,13.727,1000,1,1,0,0,0
UMTS,520,3,20025,42137023,0,100.57,13.727,1000,1,1,0,0,0
UMTS,520,5,3051,23357390,0,100.57,13.727,1000,1,1,0,0,0
UMTS,520,0,18,7318614,0,100.57,13.727,1000,1,1,0,0,0
UMTS,520,3,7025,42045217,0,100.57,13.727,1000,1,1,0,0,0
UMTS,520,99,16061,3881,0,100.57,13.727,1000,1,1,0,0,0
LTE,520,5,112,1244419,0,100.571,13.727,1000,1,1,0,0,0
UMTS,520,0,18,7318696,0,100.571,13.727,1000,1,1,0,0,0
UMTS,520,3,16025,41909670,0,100.572,13.727,1000,1,1,0,0,0
UMTS,520,0,18,7315808,0,100.572,13.727,1000,1,1,0,0,0
UMTS,520,3,16025,41910476,0,100.572,13.727,1000,1,1,0,0,0
UMTS,520,3,7025,42018949,0,100.574,13.727,1000,1,1,0,0,0
UMTS,520,18,14782,9117944,0,100.574,13.727,1000,1,1,0,0,0
UMTS,520,3,16025,41888332,0,100.574,13.727,1000,1,1,0,0,0
UMTS,520,3,16025,41889315,0,100.574,13.727,1000,1,1,0,0,0
UMTS,520,3,16025,41888569,0,100.574,13.727,1000,1,1,0,0,0
UMTS,520,3,16025,41910477,0,100.574,13.727,1000,1,1,0,0,0
UMTS,520,3,14025,41363458,0,100.574,13.727,1000,1,1,0,0,0
LTE,520,4,1004,499487,0,100.574,13.727,1000,1,1,0,0,0
UMTS,520,5,3052,23354675,0,100.574,13.727,1000,1,1,0,0,0
UMTS,520,5,3052,23354681,0,100.574,13.727,1000,1,1,0,0,0
UMTS,520,5,3052,23354677,0,100.574,13.727,1000,1,1,0,0,0
UMTS,520,5,3052,23354674,0,100.574,13.727,1000,1,1,0,0,0
UMTS,520,0,18,137732447,0,100.574,13.727,1000,1,1,0,0,0
UMTS,520,3,13015,41910615,0,100.574,13.727,1000,1,1,0,0,0
UMTS,520,3,16025,42618994,0,100.574,13.727,1000,1,1,0,0,0
UMTS,520,3,16025,41910466,0,100.574,13.727,1000,1,1,0,0,0
UMTS,520,3,16025,41910615,0,100.574,13.727,1000,1,1,0,0,0
GSM,520,1,24040,841,0,100.574,13.727,1000,1,1,0,0,0
UMTS,520,3,16025,41888328,0,100.574,13.727,1000,1,1,0,0,0
UMTS,520,4,18,7315809,0,100.574,13.727,1000,1,1,0,0,0
UMTS,520,3,7025,42023679,0,100.575,13.727,1000,1,1,0,0,0
UMTS,520,3,7025,42036797,0,100.575,13.727,1000,1,1,0,0,0
UMTS,520,18,14782,7352624,0,100.575,13.727,1000,1,1,0,0,0
UMTS,520,3,16025,41908666,0,100.575,13.727,1000,1,1,0,0,0
UMTS,520,3,16025,41910475,0,100.575,13.727,1000,1,1,0,0,0
UMTS,520,5,3051,23336021,0,100.575,13.727,1000,1,1,0,0,0
UMTS,520,18,14612,9121591,0,100.575,13.727,1000,1,1,0,0,0
UMTS,520,15,1101,6884442,0,100.575,13.727,1000,1,1,0,0,0
LTE,520,3,864,41910487,0,100.575,13.727,1000,1,1,0,0,0
UMTS,520,3,7025,42044649,0,100.575,13.727,1000,1,1,0,0,0
UMTS,520,3,7025,42044639,0,100.575,13.727,1000,1,1,0,0,0
UMTS,520,0,14210,664,0,100.575,13.727,1000,1,1,0,0,0
UMTS,520,18,14612,9123029,0,100.575,13.727,1000,1,1,0,0,0
UMTS,520,5,3101,23336019,0,100.575,13.727,1000,1,1,0,0,0
UMTS,520,3,16025,41893237,0,100.575,13.727,1000,1,1,0,0,0
UMTS,520,15,38206,41914277,0,100.575,13.727,1000,1,1,0,0,0
UMTS,520,1,55010,4327179,0,100.576,13.727,1000,1,1,0,0,0
UMTS,520,3,7025,42023670,0,100.576,13.727,1000,1,1,0,0,0
UMTS,520,3,16025,41910465,0,100.576,13.727,1000,1,1,0,0,0
UMTS,520,0,18,7315807,0,100.576,13.727,1000,1,1,0,0,0
GSM,520,99,1622,36008,0,100.578,13.727,1000,1,1,0,0,0
UMTS,520,3,7025,42035449,0,100.579,13.727,1000,1,1,0,0,0
UMTS,520,3,16025,41889721,0,100.579,13.727,1000,1,1,0,0,0
UMTS,520,3,16025,41892969,0,100.579,13.727,1000,1,1,0,0,0
UMTS,520,3,16025,41892972,0,100.579,13.727,1000,1,1,0,0,0
UMTS,520,3,7025,42023682,0,100.581,13.727,1000,1,1,0,0,0
UMTS,520,3,7025,41912826,0,100.581,13.727,1000,1,1,0,0,0
UMTS,520,3,7025,42021727,0,100.581,13.727,1000,1,1,0,0,0
UMTS,520,3,7025,42021717,0,100.581,13.727,1000,1,1,0,0,0
UMTS,520,3,7025,42023672,0,100.581,13.727,1000,1,1,0,0,0
UMTS,520,3,7025,42023677,0,100.581,13.727,1000,1,1,0,0,0
UMTS,520,3,7025,42021707,0,100.581,13.727,1000,1,1,0,0,0
UMTS,520,3,7025,42023662,0,100.581,13.727,1000,1,1,0,0,0
UMTS,520,3,6025,41564905,0,100.581,13.727,1000,1,1,0,0,0
UMTS,520,3,16025,41883026,0,100.581,13.727,1000,1,1,0,0,0
UMTS,520,3,16025,41883029,0,100.581,13.727,1000,1,1,0,0,0
UMTS,520,3,16025,41893670,0,100.581,13.727,1000,1,1,0,0,0
UMTS,520,3,16025,41893690,0,100.581,13.727,1000,1,1,0,0,0
UMTS,520,3,16025,41893680,0,100.581,13.727,1000,1,1,0,0,0
UMTS,520,3,16025,42023677,0,100.581,13.727,1000,1,1,0,0,0
UMTS,520,3,16025,41908825,0,100.581,13.727,1000,1,1,0,0,0
LTE,520,4,1004,2358047,0,100.581,13.727,1000,1,1,0,0,0
UMTS,520,18,14612,7352117,0,100.581,13.727,1000,1,1,0,0,0
UMTS,520,3,7025,42044637,0,100.581,13.727,1000,1,1,0,0,0
UMTS,520,5,3101,9121590,0,100.581,13.727,1000,1,1,0,0,0
UMTS,520,0,18,7332596,0,100.581,13.727,1000,1,1,0,0,0
UMTS,520,3,16025,41889724,0,100.581,13.727,1000,1,1,0,0,0
LTE,520,4,20004,26496256,0,100.581,13.727,1000,1,1,0,0,0
LTE,520,4,20004,26496286,0,100.581,13.727,1000,1,1,0,0,0
LTE,520,3,1622,33200,0,100.576,13.727,1438,1,1,0,0,0
LTE,520,18,3101,62426625,0,100.575,13.727,1000,1,1,0,0,0
GSM,520,1,4020,39060,0,100.575,13.727,1000,1,1,0,0,0
UMTS,520,3,7025,42019179,0,100.579,13.727,5877,1,1,0,0,0
UMTS,520,15,16021,41888194,0,100.579,13.727,1891,1,1,0,0,0
UMTS,520,3,16025,42226681,0,100.575,13.727,1000,1,1,0,0,0
LTE,520,4,2004,46353963,0,100.58,13.727,1000,1,1,0,0,0
UMTS,520,5,3052,64378626,0,100.575,13.727,1000,1,1,0,0,0
UMTS,520,15,16021,41910625,0,100.572,13.727,1000,1,1,0,0,0
UMTS,520,18,3101,23681129,0,100.575,13.727,1000,1,1,0,0,0
UMTS,520,15,13011,41910475,0,100.575,13.727,1000,1,1,0,0,0
UMTS,520,15,13011,41908436,0,100.575,13.727,1000,1,1,0,0,0
LTE,520,18,121,5302017,0,100.575,13.727,1000,1,1,0,0,0
LTE,520,3,864,157186149,0,100.579,13.727,1265,1,1,0,0,0
UMTS,520,15,16021,41897083,0,100.572,13.727,1000,1,1,0,0,0
LTE,520,3,864,157191526,0,100.574,13.727,5679,1,1,0,0,0
UMTS,520,15,16021,41892685,0,100.577,13.727,3529,1,1,0,0,0
UMTS,520,15,16021,41888192,0,100.581,13.727,1000,1,1,0,0,0
UMTS,520,5,1622,137752617,0,100.575,13.727,1000,1,1,0,0,0
LTE,520,5,113,11740440,0,100.575,13.727,1000,1,1,0,0,0
LTE,520,3,866,156938351,0,100.575,13.727,1000,1,1,0,0,0
LTE,520,4,3004,50562563,0,100.578,13.727,1000,1,1,0,0,0
LTE,520,3,864,157195882,0,100.58,13.727,1000,1,1,0,0,0
LTE,520,3,866,156938855,0,100.574,13.727,5609,1,1,0,0,0
UMTS,520,99,3051,64641537,0,100.568,13.727,1000,1,1,0,0,0
GSM,520,1,24040,586,0,100.575,13.727,1000,1,1,0,0,0
LTE,520,4,3004,1052450,0,100.568,13.727,1000,1,1,0,0,0
UMTS,520,3,16025,41897083,0,100.572,13.727,1000,1,1,0,0,0
LTE,520,18,3101,62554371,0,100.569,13.727,1199,1,1,0,0,0
UMTS,520,15,16025,41890423,0,100.575,13.727,1000,1,1,0,0,0
LTE,520,18,14210,944,0,100.572,13.727,1000,1,1,0,0,0
LTE,520,3,864,157390201,0,100.581,13.727,1000,1,1,0,0,0
UMTS,520,15,20021,42125340,0,100.567,13.727,1000,1,1,0,0,0
UMTS,520,18,14782,9111397,0,100.58,13.727,1000,1,1,0,0,0
UMTS,520,4,18,7331219,0,100.57,13.727,1000,1,1,0,0,0
UMTS,520,18,14612,7340964,0,100.572,13.727,1422,1,1,0,0,0
LTE,520,5,121,1752301,0,100.573,13.727,1000,1,1,0,0,0
LTE,520,3,866,157077610,0,100.578,13.727,1000,1,1,0,0,0
UMTS,520,4,1602,137724334,0,100.567,13.727,4152,1,1,0,0,0
UMTS,520,3,16025,41894530,0,100.567,13.727,4759,1,1,0,0,0
LTE,520,3,864,157390182,0,100.582,13.727,1378,1,1,0,0,0
UMTS,520,4,1622,137724241,0,100.573,13.727,4456,1,1,0,0,0
UMTS,520,3,16025,41890407,0,100.573,13.727,1000,1,1,0,0,0
LTE,520,5,53047,11740442,0,100.574,13.727,1000,1,1,0,0,0
LTE,520,5,121,11394818,0,100.58,13.727,6519,1,1,0,0,0
LTE,520,3,864,157186171,0,100.578,13.727,1000,1,1,0,0,0
LTE,520,4,20004,9999678,0,100.57,13.727,1000,1,1,0,0,0
UMTS,520,0,18,7320686,0,100.58,13.727,1000,1,1,0,0,0
LTE,520,18,3051,64641538,0,100.569,13.727,1224,1,1,0,0,0
UMTS,520,15,16021,41888149,0,100.569,13.727,1000,1,1,0,0,0
LTE,520,4,2002,5120289,0,100.568,13.727,1680,1,1,0,0,0
UMTS,520,15,20021,42125606,0,100.571,13.727,3117,1,1,0,0,0
UMTS,520,4,18,7320139,0,100.574,13.727,1000,1,1,0,0,0
LTE,520,18,3051,64641537,0,100.569,13.727,1000,1,1,0,0,0
UMTS,520,3,14025,41363447,0,100.575,13.727,1000,1,1,0,0,0
UMTS,520,5,1622,137752920,0,100.574,13.727,1000,1,1,0,0,0
LTE,520,3,864,157187943,0,100.577,13.727,1000,1,1,0,0,0
UMTS,520,4,1605,137730347,0,100.58,13.727,11015,1,1,0,0,0
UMTS,520,4,1622,137732448,0,100.572,13.727,1000,1,1,0,0,0
UMTS,520,4,18,7324687,0,100.57,13.727,1000,1,1,0,0,0
LTE,520,3,866,157072229,0,100.574,13.727,4135,1,1,0,0,0
LTE,520,3,864,157133433,0,100.575,13.727,1000,1,1,0,0,0
LTE,520,3,864,157186923,0,100.577,13.727,1000,1,1,0,0,0
LTE,520,3,912,156937859,0,100.568,13.727,1000,1,1,0,0,0
LTE,520,47,33101,79094539,0,100.574,13.727,1000,1,1,0,0,0
GSM,520,18,14210,7811,0,100.567,13.727,1000,1,1,0,0,0
UMTS,520,0,18,7332327,0,100.579,13.727,1000,1,1,0,0,0
UMTS,520,3,16025,41889139,0,100.58,13.727,1000,1,1,0,0,0
LTE,520,3,866,156938597,0,100.572,13.727,2744,1,1,0,0,0
LTE,520,5,113,14592260,0,100.575,13.727,1000,1,1,0,0,0
UMTS,520,5,1622,137716359,0,100.568,13.727,1000,1,1,0,0,0
UMTS,520,3,16025,42226683,0,100.574,13.727,1000,1,1,0,0,0
UMTS,520,15,20021,42128363,0,100.576,13.727,2990,1,1,0,0,0
LTE,520,3,864,157195884,0,100.579,13.727,1000,1,1,0,0,0
UMTS,520,15,16021,41890416,0,100.573,13.727,1000,1,1,0,0,0
UMTS,520,15,16021,41889968,0,100.573,13.727,2421,1,1,0,0,0
GSM,520,1,18,0,0,100.583,13.727,5335,1,1,0,0,0
UMTS,520,15,16021,41890407,0,100.572,13.727,1000,1,1,0,0,0
UMTS,520,15,16021,41904266,0,100.574,13.727,3174,1,1,0,0,0
UMTS,520,3,16025,41913836,0,100.571,13.727,1000,1,1,0,0,0
LTE,520,47,33052,78765323,0,100.568,13.727,1000,1,1,0,0,0
LTE,520,3,866,156938362,0,100.573,13.727,1000,1,1,0,0,0
LTE,520,3,866,156938117,0,100.574,13.727,1000,1,1,0,0,0
LTE,520,4,3004,1052449,0,100.568,13.727,1000,1,1,0,0,0
GSM,520,1,24040,770,0,100.568,13.727,1000,1,1,0,0,0
UMTS,520,99,16061,3878,0,100.572,13.727,1000,1,1,0,0,0
UMTS,520,0,18,7336238,0,100.581,13.727,1000,1,1,0,0,0
UMTS,520,3,16025,41911597,0,100.576,13.727,1339,1,1,0,0,0
UMTS,520,3,16025,41888329,0,100.573,13.727,1000,1,1,0,0,0
UMTS,520,5,3052,23354676,0,100.574,13.727,1000,1,1,0,0,0
LTE,520,4,3004,1157407,0,100.573,13.727,7644,1,1,0,0,0
UMTS,520,0,18,7329959,0,100.574,13.727,1000,1,1,0,0,0
UMTS,520,4,18,7313687,0,100.57,13.727,1000,1,1,0,0,0
UMTS,520,3,16025,41878857,0,100.569,13.727,1000,1,1,0,0,0
GSM,520,18,14210,664,0,100.574,13.727,1000,1,1,0,0,0
GSM,520,1,24040,918,0,100.577,13.727,1000,1,1,0,0,0
LTE,520,3,912,156937854,0,100.569,13.728,1000,1,1,0,0,0
LTE,520,5,53047,1244418,0,100.574,13.728,1000,1,1,0,0,0
LTE,520,5,3047,9236611,0,100.574,13.728,1000,1,1,0,0,0
LTE,520,4,2004,7759648,0,100.577,13.728,1000,1,1,0,0,0
GSM,520,99,16061,3921,0,100.58,13.728,1000,1,1,0,0,0
UMTS,520,3,20025,42112886,0,100.567,13.728,1000,1,1,0,0,0
UMTS,520,0,18,7331171,0,100.582,13.728,1000,1,1,0,0,0
LTE,520,4,20004,7759677,0,100.583,13.728,1000,1,1,0,0,0
UMTS,520,15,16021,41898994,0,100.574,13.728,1000,1,1,0,0,0
LTE,520,4,2004,46353962,0,100.581,13.728,1000,1,1,0,0,0
UMTS,520,15,16021,41890439,0,100.575,13.728,5485,1,1,0,0,0
UMTS,520,5,3101,23670031,0,100.581,13.728,1000,1,1,0,0,0
UMTS,520,15,16021,41913355,0,100.574,13.728,1585,1,1,0,0,0
UMTS,520,3,866,156938363,0,100.574,13.728,1000,1,1,0,0,0
UMTS,520,99,1622,33278,0,100.572,13.728,1000,1,1,0,0,0
UMTS,520,3,7025,42018969,0,100.574,13.728,1000,1,1,0,0,0
LTE,520,3,866,156938086,0,100.572,13.728,2451,1,1,0,0,0
LTE,520,5,113,1244488,0,100.574,13.728,1000,1,1,0,0,0
LTE,520,47,33101,76901141,0,100.579,13.728,1000,1,1,0,0,0
UMTS,520,3,866,157316730,0,100.574,13.728,1000,1,1,0,0,0
GSM,520,18,14210,4862,0,100.574,13.728,3140,1,1,0,0,0
LTE,520,3,50040,907,0,100.574,13.728,5320,1,1,0,0,0
UMTS,520,0,18,7310428,0,100.572,13.728,1000,1,1,0,0,0
UMTS,520,3,16025,41910635,0,100.568,13.728,3363,1,1,0,0,0
UMTS,520,3,16025,41897209,0,100.575,13.728,2343,1,1,0,0,0
UMTS,520,15,16021,41887766,0,100.57,13.728,1000,1,1,0,0,0
UMTS,520,18,14782,9111398,0,100.576,13.728,1000,1,1,0,0,0
GSM,520,18,14210,361,0,100.578,13.728,1000,1,1,0,0,0
UMTS,520,15,16021,41913747,0,100.57,13.728,1000,1,1,0,0,0
LTE,520,4,20004,27213116,0,100.57,13.728,1000,1,1,0,0,0
UMTS,520,5,1622,137712389,0,100.569,13.728,1000,1,1,0,0,0
LTE,520,3,864,157195877,0,100.58,13.728,500,1,1,0,0,0
UMTS,520,3,866,157316710,0,100.574,13.728,1000,1,1,0,0,0
GSM,520,18,14002,1210,0,100.567,13.728,1000,1,1,0,0,0
GSM,520,99,1622,37681,0,100.582,13.728,1000,1,1,0,0,0
LTE,520,4,1004,7759617,0,100.581,13.728,1000,1,1,0,0,0
LTE,520,4,2004,5102370,0,100.581,13.728,6668,1,1,0,0,0
UMTS,520,4,1622,137724242,0,100.569,13.728,1000,1,1,0,0,0
LTE,520,3,866,156934269,0,100.573,13.728,1544,1,1,0,0,0
UMTS,520,15,20021,42114983,0,100.567,13.728,1000,1,1,0,0,0
UMTS,520,15,16021,41914195,0,100.567,13.728,1000,1,1,0,0,0
LTE,520,5,3004,11740448,0,100.573,13.728,1000,1,1,0,0,0
LTE,520,5,53047,50562587,0,100.578,13.728,1000,1,1,0,0,0
GSM,520,1,24040,587,0,100.572,13.728,1000,1,1,0,0,0
UMTS,520,15,16021,41892362,0,100.572,13.728,7691,1,1,0,0,0
LTE,520,47,33052,76844053,0,100.573,13.728,1000,1,1,0,0,0
UMTS,520,15,16021,41890032,0,100.575,13.728,4118,1,1,0,0,0
LTE,520,3,864,157186928,0,100.575,13.728,1000,1,1,0,0,0
LTE,520,47,33101,79325757,0,100.579,13.728,1000,1,1,0,0,0
LTE,520,5,112,6236417,0,100.571,13.728,1000,1,1,0,0,0
UMTS,520,3,4015,42151869,0,100.574,13.728,1000,1,1,0,0,0
UMTS,520,15,16021,41891619,0,100.569,13.728,1000,1,1,0,0,0
LTE,520,3,866,154880105,0,100.573,13.728,3927,1,1,0,0,0
UMTS,520,18,14782,9123620,0,100.577,13.728,4697,1,1,0,0,0
UMTS,520,5,3052,7340203,0,100.573,13.728,1000,1,1,0,0,0
LTE,520,3,866,156938343,0,100.571,13.728,3275,1,1,0,0,0
LTE,520,3,866,156938105,0,100.573,13.728,1000,1,1,0,0,0
LTE,520,3,866,157135205,0,100.568,13.728,1000,1,1,0,0,0
LTE,520,3,866,156938096,0,100.573,13.728,1000,1,1,0,0,0
UMTS,520,3,16025,41913757,0,100.572,13.728,1000,1,1,0,0,0
UMTS,520,3,16025,41897137,0,100.569,13.728,1000,1,1,0,0,0
LTE,520,3,866,157058406,0,100.57,13.728,1000,1,1,0,0,0
LTE,520,5,121,1500419,0,100.576,13.728,1000,1,1,0,0,0
UMTS,520,15,16021,41887793,0,100.569,13.728,1000,1,1,0,0,0
GSM,520,99,1622,33940,0,100.57,13.728,1000,1,1,0,0,0
GSM,520,1,24040,585,0,100.574,13.728,1000,1,1,0,0,0
LTE,520,4,3004,1052447,0,100.571,13.728,3746,1,1,0,0,0
LTE,520,3,912,156932966,0,100.567,13.728,1000,1,1,0,0,0
LTE,520,3,864,156932721,0,100.571,13.728,1000,1,1,0,0,0
UMTS,520,3,866,156938090,0,100.574,13.728,1000,1,1,0,0,0
UMTS,520,0,18,7322058,0,100.581,13.728,1000,1,1,0,0,0
UMTS,520,15,20021,42138735,0,100.571,13.728,7797,1,1,0,0,0
LTE,520,3,866,157058405,0,100.568,13.728,3234,1,1,0,0,0
LTE,520,3,866,156938361,0,100.576,13.728,1000,1,1,0,0,0
UMTS,520,4,1622,137728608,0,100.581,13.728,1000,1,1,0,0,0
UMTS,520,3,16021,41888329,0,100.57,13.728,1000,1,1,0,0,0
LTE,520,4,3004,499457,0,100.567,13.728,1428,1,1,0,0,0
UMTS,520,3,16025,42220962,0,100.578,13.728,1000,1,1,0,0,0
UMTS,520,3,20025,42114983,0,100.567,13.728,1000,1,1,0,0,0
UMTS,520,3,20025,42114984,0,100.567,13.728,1000,1,1,0,0,0
GSM,520,18,14210,297,0,100.567,13.728,1000,1,1,0,0,0
UMTS,520,3,16025,42118373,0,100.568,13.728,1000,1,1,0,0,0
UMTS,520,3,7025,42045207,0,100.568,13.728,1000,1,1,0,0,0
UMTS,520,0,18,7308645,0,100.568,13.728,1000,1,1,0,0,0
UMTS,520,5,60427,23355276,0,100.568,13.728,1000,1,1,0,0,0
UMTS,520,3,39230,42137033,0,100.57,13.728,1000,1,1,0,0,0
UMTS,520,3,39230,41913925,0,100.57,13.728,1000,1,1,0,0,0
UMTS,520,3,15025,41717327,0,100.57,13.728,1000,1,1,0,0,0
UMTS,520,3,16025,41913915,0,100.57,13.728,1000,1,1,0,0,0
UMTS,520,3,16025,41913925,0,100.57,13.728,1000,1,1,0,0,0
UMTS,520,3,15025,41381459,0,100.57,13.728,1000,1,1,0,0,0
UMTS,520,0,18,7311176,0,100.57,13.728,1000,1,1,0,0,0
UMTS,520,0,18,7307602,0,100.57,13.728,1000,1,1,0,0,0
UMTS,520,0,18,7334196,0,100.57,13.728,1000,1,1,0,0,0
UMTS,520,3,7025,42044437,0,100.57,13.728,1000,1,1,0,0,0
UMTS,520,3,7025,42044427,0,100.57,13.728,1000,1,1,0,0,0
LTE,520,4,1004,1052477,0,100.57,13.728,1000,1,1,0,0,0
UMTS,520,5,60427,23355274,0,100.57,13.728,1000,1,1,0,0,0
UMTS,520,3,39230,41913747,0,100.571,13.728,1000,1,1,0,0,0
UMTS,520,3,39230,41913752,0,100.571,13.728,1000,1,1,0,0,0
UMTS,520,3,7025,42036809,0,100.571,13.728,1000,1,1,0,0,0
UMTS,520,3,7025,42036808,0,100.571,13.728,1000,1,1,0,0,0
UMTS,520,3,16025,41884202,0,100.571,13.728,1000,1,1,0,0,0
UMTS,520,3,14025,41363450,0,100.571,13.728,1000,1,1,0,0,0
UMTS,520,3,14025,41381439,0,100.571,13.728,1000,1,1,0,0,0
UMTS,520,3,14025,41381449,0,100.571,13.728,1000,1,1,0,0,0
UMTS,520,3,14025,41381440,0,100.571,13.728,1000,1,1,0,0,0
UMTS,520,3,14025,41381459,0,100.571,13.728,1000,1,1,0,0,0
UMTS,520,3,14025,41381450,0,100.571,13.728,1000,1,1,0,0,0
UMTS,520,3,15025,41381449,0,100.571,13.728,1000,1,1,0,0,0
UMTS,520,3,15025,41389057,0,100.571,13.728,1000,1,1,0,0,0
UMTS,520,5,3051,23357391,0,100.571,13.728,1000,1,1,0,0,0
UMTS,520,18,14612,23357390,0,100.571,13.728,1000,1,1,0,0,0
UMTS,520,0,18,7318686,0,100.571,13.728,1000,1,1,0,0,0
UMTS,520,0,18,7308775,0,100.571,13.728,1000,1,1,0,0,0
UMTS,520,0,18,7334226,0,100.571,13.728,1000,1,1,0,0,0
UMTS,520,99,15062,3995,0,100.571,13.728,1000,1,1,0,0,0
UMTS,520,99,1622,33306,0,100.571,13.728,1000,1,1,0,0,0
UMTS,520,3,39230,41913745,0,100.572,13.728,1000,1,1,0,0,0
UMTS,520,3,7025,42018959,0,100.572,13.728,1000,1,1,0,0,0
UMTS,520,3,7025,42036807,0,100.572,13.728,1000,1,1,0,0,0
UMTS,520,3,7025,42036804,0,100.572,13.728,1000,1,1,0,0,0
UMTS,520,3,16025,41884102,0,100.572,13.728,1000,1,1,0,0,0
UMTS,520,3,16025,41913752,0,100.572,13.728,1000,1,1,0,0,0
UMTS,520,3,16025,41913735,0,100.572,13.728,1000,1,1,0,0,0
UMTS,520,3,14025,41363449,0,100.572,13.728,1000,1,1,0,0,0
UMTS,520,3,14025,41381454,0,100.572,13.728,1000,1,1,0,0,0
UMTS,520,3,14025,41381444,0,100.572,13.728,1000,1,1,0,0,0
UMTS,520,3,14025,41381457,0,100.572,13.728,1000,1,1,0,0,0
UMTS,520,3,14025,41381448,0,100.572,13.728,1000,1,1,0,0,0
UMTS,520,3,14025,41381464,0,100.572,13.728,1000,1,1,0,0,0
UMTS,520,5,3051,23336020,0,100.572,13.728,1000,1,1,0,0,0
UMTS,520,0,18,137732449,0,100.572,13.728,1000,1,1,0,0,0
UMTS,520,3,16025,41897082,0,100.572,13.728,1000,1,1,0,0,0
UMTS,520,3,39230,41910477,0,100.574,13.728,1000,1,1,0,0,0
UMTS,520,3,6025,41363439,0,100.574,13.728,1000,1,1,0,0,0
UMTS,520,3,14025,41363457,0,100.574,13.728,1000,1,1,0,0,0
LTE,520,4,1004,499458,0,100.574,13.728,1000,1,1,0,0,0
UMTS,520,0,1012,7320139,0,100.574,13.728,1000,1,1,0,0,0
UMTS,520,3,7025,42031448,0,100.575,13.728,1000,1,1,0,0,0
UMTS,520,18,14782,9111401,0,100.575,13.728,1000,1,1,0,0,0
UMTS,520,5,3052,23336484,0,100.575,13.728,1000,1,1,0,0,0
UMTS,520,99,1622,33407,0,100.576,13.728,1000,1,1,0,0,0
LTE,520,4,1004,2358018,0,100.578,13.728,1000,1,1,0,0,0
UMTS,520,3,7025,42023657,0,100.579,13.728,1000,1,1,0,0,0
UMTS,520,3,7025,42023667,0,100.579,13.728,1000,1,1,0,0,0
GSM,520,5,3052,11535,0,100.581,13.728,1000,1,1,0,0,0
LTE,520,5,113,92417,0,100.581,13.728,1000,1,1,0,0,0
LTE,520,5,121,92417,0,100.581,13.728,1000,1,1,0,0,0
UMTS,520,3,7025,42022307,0,100.581,13.728,1000,1,1,0,0,0
UMTS,520,3,7025,42022327,0,100.581,13.728,1000,1,1,0,0,0
UMTS,520,3,16025,41908815,0,100.581,13.728,1000,1,1,0,0,0
UMTS,520,3,16025,41908755,0,100.581,13.728,1000,1,1,0,0,0
LTE,520,4,1004,2358017,0,100.581,13.728,1000,1,1,0,0,0
UMTS,520,18,14612,7341925,0,100.581,13.728,1000,1,1,0,0,0
GSM,520,18,14210,5861,0,100.581,13.728,1000,1,1,0,0,0
UMTS,520,0,18,7307790,0,100.581,13.728,1000,1,1,0,0,0
GSM,520,1,24040,745,0,100.581,13.728,1000,1,1,0,0,0
GSM,520,18,14717,1893,0,100.582,13.728,1000,1,1,0,0,0
GSM,520,18,14717,1895,0,100.582,13.728,1000,1,1,0,0,0
GSM,520,18,14717,1896,0,100.582,13.728,1000,1,1,0,0,0
UMTS,520,5,3052,23340180,0,100.582,13.728,1000,1,1,0,0,0
UMTS,520,5,3052,23336914,0,100.582,13.728,1000,1,1,0,0,0
UMTS,520,18,14612,7341928,0,100.582,13.728,1000,1,1,0,0,0
GSM,520,99,1622,33920,0,100.568,13.728,1000,1,1,0,0,0
GSM,520,1,24040,969,0,100.569,13.728,1000,1,1,0,0,0
UMTS,520,5,3051,23340295,0,100.57,13.728,1000,1,1,0,0,0
UMTS,520,0,18,7331084,0,100.57,13.728,1000,1,1,0,0,0
GSM,520,99,1622,33950,0,100.571,13.728,1000,1,1,0,0,0
UMTS,520,99,1622,33277,0,100.572,13.728,1000,1,1,0,0,0
UMTS,520,3,7025,42036817,0,100.572,13.728,1000,1,1,0,0,0
LTE,520,4,1004,499488,0,100.574,13.728,1000,1,1,0,0,0
UMTS,520,0,18,7320139,0,100.574,13.728,1000,1,1,0,0,0
GSM,520,99,1622,33770,0,100.58,13.728,1000,1,1,0,0,0
GSM,520,5,3052,5664,0,100.581,13.728,1000,1,1,0,0,0
GSM,520,5,3052,5667,0,100.581,13.728,1000,1,1,0,0,0
UMTS,520,3,16025,41913747,0,100.57,13.728,1000,1,1,0,0,0
UMTS,520,0,18,7311968,0,100.581,13.728,1000,1,1,0,0,0
LTE,520,18,3052,64476929,0,100.568,13.728,1000,1,1,0,0,0
UMTS,520,4,1622,137728371,0,100.581,13.728,1000,1,1,0,0,0
UMTS,520,15,16021,41888441,0,100.569,13.728,1000,1,1,0,0,0
UMTS,520,15,16021,41898987,0,100.569,13.728,1000,1,1,0,0,0
UMTS,520,5,3052,23336020,0,100.574,13.728,2527,1,1,0,0,0
UMTS,520,3,16025,41887975,0,100.581,13.728,1000,1,1,0,0,0
UMTS,520,5,3052,23355274,0,100.569,13.728,1000,1,1,0,0,0
UMTS,520,5,1622,23357295,0,100.573,13.728,1000,1,1,0,0,0
UMTS,520,3,16025,42226930,0,100.573,13.728,1000,1,1,0,0,0
LTE,520,3,866,157110118,0,100.573,13.728,2408,1,1,0,0,0
LTE,520,47,33101,79325758,0,100.578,13.728,1000,1,1,0,0,0
UMTS,520,3,16025,42220965,0,100.579,13.728,1000,1,1,0,0,0
LTE,520,47,33052,78765353,0,100.569,13.728,1000,1,1,0,0,0
UMTS,520,5,3051,23340298,0,100.569,13.728,1000,1,1,0,0,0
UMTS,520,15,16021,41888328,0,100.574,13.728,1000,1,1,0,0,0
UMTS,520,5,3052,23336018,0,100.574,13.728,1000,1,1,0,0,0
UMTS,520,5,3101,23664161,0,100.576,13.728,1000,1,1,0,0,0
LTE,520,3,912,156928357,0,100.571,13.728,1000,1,1,0,0,0
UMTS,520,3,16021,41898987,0,100.569,13.728,1000,1,1,0,0,0
UMTS,520,15,16021,41910477,0,100.572,13.728,5104,1,1,0,0,0
UMTS,520,15,16021,41889944,0,100.573,13.728,2914,1,1,0,0,0
UMTS,520,15,16021,41898206,0,100.576,13.728,3307,1,1,0,0,0
UMTS,520,3,16025,41913848,0,100.568,13.728,1000,1,1,0,0,0
LTE,520,3,866,157110138,0,100.573,13.728,1642,1,1,0,0,0
UMTS,520,3,16025,41913755,0,100.573,13.728,1608,1,1,0,0,0
GSM,520,5,3052,9364,0,100.581,13.728,1000,1,1,0,0,0
GSM,520,5,3052,11538,0,100.582,13.728,1000,1,1,0,0,0
LTE,520,18,3101,62495489,0,100.574,13.728,4885,1,1,0,0,0
UMTS,520,4,3004,1203488,0,100.572,13.728,1000,1,1,0,0,0
LTE,520,3,866,157061733,0,100.569,13.728,1000,1,1,0,0,0
LTE,520,4,3004,9236481,0,100.571,13.728,1000,1,1,0,0,0
LTE,520,5,113,2690819,0,100.567,13.728,1000,1,1,0,0,0
GSM,520,1,24040,537,0,100.575,13.728,1000,1,1,0,0,0
LTE,520,5,112,8865537,0,100.569,13.728,1000,1,1,0,0,0
GSM,520,99,1622,33064,0,100.567,13.728,1000,1,1,0,0,0
UMTS,520,5,3101,23664164,0,100.576,13.728,1000,1,1,0,0,0
LTE,520,3,912,156937959,0,100.569,13.728,1000,1,1,0,0,0
UMTS,520,5,1622,23336018,0,100.573,13.728,1000,1,1,0,0,0
LTE,520,4,3004,499487,0,100.567,13.728,7606,1,1,0,0,0
UMTS,520,18,14612,7352624,0,100.57,13.728,2056,1,1,0,0,0
UMTS,520,1,24040,661,0,100.58,13.728,2733,1,1,0,0,0
LTE,520,5,121,11394819,0,100.581,13.728,4304,1,1,0,0,0
GSM,520,18,14717,12085,0,100.582,13.728,1000,1,1,0,0,0
UMTS,520,15,7021,42620823,0,100.573,13.728,1593,1,1,0,0,0
UMTS,520,15,16021,41890136,0,100.571,13.728,1000,1,1,0,0,0
UMTS,520,3,20025,42114994,0,100.569,13.728,1000,1,1,0,0,0
UMTS,520,18,3052,23336019,0,100.573,13.728,1000,1,1,0,0,0
UMTS,520,3,20025,42114993,0,100.569,13.728,1000,1,1,0,0,0
LTE,520,3,866,156938087,0,100.571,13.729,500,1,1,0,0,0
LTE,520,47,53021,76844053,0,100.572,13.729,1000,1,1,0,0,0
LTE,520,5,113,11740442,0,100.573,13.729,1000,1,1,0,0,0
LTE,520,5,52047,18132762,0,100.58,13.729,1000,1,1,0,0,0
LTE,520,5,52047,18132764,0,100.58,13.729,1000,1,1,0,0,0
GSM,520,18,14003,1116,0,100.572,13.729,9636,1,1,0,0,0
LTE,520,3,866,156938095,0,100.573,13.729,1000,1,1,0,0,0
UMTS,520,3,16025,41890431,0,100.568,13.729,1000,1,1,0,0,0
LTE,520,4,1004,1052417,0,100.569,13.729,1000,1,1,0,0,0
UMTS,520,99,1622,33276,0,100.574,13.729,1000,1,1,0,0,0
LTE,520,4,2004,7759647,0,100.581,13.729,1000,1,1,0,0,0
UMTS,520,15,20021,42125600,0,100.574,13.729,8593,1,1,0,0,0
GSM,520,99,1622,33077,0,100.57,13.729,1000,1,1,0,0,0
LTE,520,3,912,156937899,0,100.569,13.729,1000,1,1,0,0,0
LTE,520,4,3004,9236511,0,100.57,13.729,1405,1,1,0,0,0
LTE,520,3,866,156938107,0,100.571,13.729,1000,1,1,0,0,0
LTE,520,5,3004,9236511,0,100.572,13.729,1000,1,1,0,0,0
UMTS,520,3,16025,42226539,0,100.579,13.729,1000,1,1,0,0,0
LTE,520,47,33101,76901306,0,100.58,13.729,1000,1,1,0,0,0
UMTS,520,18,14782,9123029,0,100.571,13.729,4390,1,1,0,0,0
LTE,520,3,915,154781801,0,100.568,13.729,1000,1,1,0,0,0
UMTS,520,15,16021,41913745,0,100.578,13.729,1000,1,1,0,0,0
LTE,520,3,912,156932965,0,100.567,13.729,1000,1,1,0,0,0
LTE,520,5,113,1244418,0,100.574,13.729,1000,1,1,0,0,0
LTE,520,3,865,157185904,0,100.572,13.729,4285,1,1,0,0,0
LTE,520,47,33101,76937493,0,100.578,13.729,1000,1,1,0,0,0
LTE,520,18,3051,65169410,0,100.568,13.729,1000,1,1,0,0,0
LTE,520,4,3004,1157406,0,100.572,13.729,8800,1,1,0,0,0
UMTS,520,0,18,1052447,0,100.57,13.729,1000,1,1,0,0,0
UMTS,520,5,3052,23336019,0,100.572,13.729,1848,1,1,0,0,0
LTE,520,18,3052,64289283,0,100.568,13.729,7017,1,1,0,0,0
LTE,520,3,866,157188710,0,100.572,13.729,5619,1,1,0,0,0
UMTS,520,18,3052,23336018,0,100.572,13.729,1000,1,1,0,0,0
LTE,520,3,912,156937834,0,100.569,13.729,1000,1,1,0,0,0
LTE,520,3,866,157110137,0,100.573,13.729,1000,1,1,0,0,0
LTE,520,3,864,157195947,0,100.581,13.729,1000,1,1,0,0,0
LTE,520,3,866,154884202,0,100.572,13.729,4056,1,1,0,0,0
UMTS,520,3,20025,42139607,0,100.569,13.729,1000,1,1,0,0,0
UMTS,520,3,16025,41905780,0,100.567,13.729,1000,1,1,0,0,0
UMTS,520,15,16021,41908765,0,100.581,13.729,1000,1,1,0,0,0
UMTS,520,3,16025,41913395,0,100.572,13.729,1704,1,1,0,0,0
UMTS,520,5,3052,23357390,0,100.571,13.729,1017,1,1,0,0,0
UMTS,520,15,16021,41914322,0,100.581,13.729,1000,1,1,0,0,0
LTE,520,3,864,157186938,0,100.577,13.729,1000,1,1,0,0,0
LTE,520,3,866,157110117,0,100.573,13.729,1000,1,1,0,0,0
UMTS,520,99,866,156938087,0,100.571,13.729,1000,1,1,0,0,0
UMTS,520,3,7025,42036824,0,100.572,13.729,1000,1,1,0,0,0
UMTS,520,5,3052,7352624,0,100.572,13.729,1000,1,1,0,0,0
UMTS,520,4,1622,137728388,0,100.578,13.729,1000,1,1,0,0,0
GSM,520,5,3052,9361,0,100.581,13.729,1000,1,1,0,0,0
UMTS,520,3,16025,41910127,0,100.581,13.729,1000,1,1,0,0,0
UMTS,520,0,18,7307791,0,100.583,13.729,1000,1,1,0,0,0
UMTS,520,3,20025,41878858,0,100.569,13.729,1000,1,1,0,0,0
UMTS,520,0,1008,10074520,0,100.571,13.729,1000,1,1,0,0,0
UMTS,520,5,3052,23336021,0,100.573,13.729,1000,1,1,0,0,0
UMTS,520,3,16025,41888323,0,100.574,13.729,3903,1,1,0,0,0
UMTS,520,15,10011,42217689,0,100.569,13.729,7089,1,1,0,0,0
LTE,520,4,20004,1052477,0,100.57,13.729,1000,1,1,0,0,0
UMTS,520,3,16025,41897726,0,100.576,13.729,3347,1,1,0,0,0
UMTS,520,0,18,7310427,0,100.571,13.729,1000,1,1,0,0,0
UMTS,520,3,16025,41897086,0,100.572,13.729,1000,1,1,0,0,0
UMTS,520,3,16025,41914895,0,100.572,13.729,7633,1,1,0,0,0
LTE,520,5,113,1244487,0,100.572,13.729,1000,1,1,0,0,0
LTE,520,5,3047,9236610,0,100.572,13.729,1000,1,1,0,0,0
LTE,520,4,2004,18132767,0,100.581,13.729,1000,1,1,0,0,0
LTE,520,18,3051,64440321,0,100.568,13.729,2252,1,1,0,0,0
LTE,520,3,867,155009893,0,100.572,13.729,5008,1,1,0,0,0
UMTS,520,3,16025,41898216,0,100.571,13.729,6572,1,1,0,0,0
UMTS,520,18,3052,23336021,0,100.573,13.729,1000,1,1,0,0,0
UMTS,520,99,16061,3886,0,100.573,13.729,1000,1,1,0,0,0
UMTS,520,3,16025,41890898,0,100.569,13.729,3320,1,1,0,0,0
LTE,520,47,33101,79094541,0,100.572,13.729,1000,1,1,0,0,0
UMTS,520,15,16021,41914320,0,100.569,13.729,1000,1,1,0,0,0
LTE,520,47,33052,78765333,0,100.569,13.729,1000,1,1,0,0,0
LTE,520,18,3101,62554369,0,100.576,13.729,1000,1,1,0,0,0
LTE,520,4,3004,1052417,0,100.57,13.729,1000,1,1,0,0,0
LTE,520,47,33052,78765343,0,100.569,13.729,1000,1,1,0,0,0
LTE,520,3,864,157317738,0,100.581,13.729,1000,1,1,0,0,0
LTE,520,47,33052,76844043,0,100.572,13.729,1000,1,1,0,0,0
UMTS,520,5,3101,23679103,0,100.581,13.729,1000,1,1,0,0,0
GSM,520,1,26040,1193,0,100.568,13.729,1000,1,1,0,0,0
UMTS,520,15,16021,41890161,0,100.571,13.729,1000,1,1,0,0,0
LTE,520,3,864,157186918,0,100.575,13.729,1740,1,1,0,0,0
LTE,520,3,864,157317757,0,100.581,13.729,1000,1,1,0,0,0
LTE,520,3,16025,41914325,0,100.581,13.729,1000,1,1,0,0,0
UMTS,520,15,16021,41892981,0,100.581,13.729,1073,1,1,0,0,0
LTE,520,5,121,6142215,0,100.582,13.729,1000,1,1,0,0,0
UMTS,520,15,16021,41892360,0,100.569,13.729,1000,1,1,0,0,0
UMTS,520,3,16025,41908446,0,100.578,13.729,1000,1,1,0,0,0
UMTS,520,3,16025,41896748,0,100.572,13.729,1778,1,1,0,0,0
LTE,520,5,113,2691595,0,100.567,13.729,1000,1,1,0,0,0
UMTS,520,15,13011,42622140,0,100.58,13.729,6559,1,1,0,0,0
UMTS,520,15,16021,41887794,0,100.569,13.729,1000,1,1,0,0,0
LTE,520,3,866,156938884,0,100.572,13.729,1000,1,1,0,0,0
LTE,520,3,912,156937849,0,100.569,13.729,8062,1,1,0,0,0
LTE,520,15,1250,156938206,0,100.572,13.729,1000,1,1,0,0,0
LTE,520,15,1250,157110238,0,100.572,13.729,1000,1,1,0,0,0
UMTS,520,3,16025,41888157,0,100.574,13.729,1000,1,1,0,0,0
UMTS,520,4,1622,137725543,0,100.57,13.729,6337,1,1,0,0,0
UMTS,520,15,16021,41904267,0,100.583,13.729,5513,1,1,0,0,0
UMTS,520,15,16021,41913398,0,100.572,13.729,1000,1,1,0,0,0
LTE,520,3,866,153748070,0,100.569,13.729,1000,1,1,0,0,0
UMTS,520,3,7025,42044638,0,100.572,13.729,1000,1,1,0,0,0
LTE,520,3,866,157059696,0,100.568,13.729,1000,1,1,0,0,0
UMTS,520,18,14612,7354047,0,100.572,13.729,1412,1,1,0,0,0
UMTS,520,18,14612,7353185,0,100.571,13.729,1000,1,1,0,0,0
UMTS,520,3,16021,41888337,0,100.571,13.729,1000,1,1,0,0,0
UMTS,520,4,1622,137724431,0,100.576,13.729,1830,1,1,0,0,0
LTE,520,1,843,164355195,0,100.571,13.729,1000,1,1,0,0,0
UMTS,520,15,16021,41888338,0,100.571,13.729,1000,1,1,0,0,0
UMTS,520,15,16025,41897080,0,100.572,13.729,1000,1,1,0,0,0
UMTS,520,5,3052,23347792,0,100.57,13.729,1000,1,1,0,0,0
UMTS,520,0,18,7336866,0,100.57,13.729,1000,1,1,0,0,0
LTE,520,3,866,156938854,0,100.571,13.729,4107,1,1,0,0,0
LTE,520,5,3004,4874537,0,100.571,13.729,1000,1,1,0,0,0
UMTS,520,3,16025,42226563,0,100.581,13.729,1000,1,1,0,0,0
LTE,520,3,866,157059488,0,100.568,13.729,1000,1,1,0,0,0
LTE,520,5,113,5898498,0,100.568,13.729,1304,1,1,0,0,0
LTE,520,3,866,157061734,0,100.57,13.729,1000,1,1,0,0,0
UMTS,520,15,20021,42114984,0,100.568,13.729,1000,1,1,0,0,0
UMTS,520,15,16021,41914327,0,100.582,13.729,1000,1,1,0,0,0
UMTS,520,3,16025,41912735,0,100.568,13.729,1000,1,1,0,0,0
UMTS,520,4,1622,137743036,0,100.568,13.729,1000,1,1,0,0,0
UMTS,520,15,16021,41897539,0,100.569,13.729,1000,1,1,0,0,0
GSM,520,18,14210,940,0,100.57,13.729,1000,1,1,0,0,0
UMTS,520,5,3101,23662782,0,100.579,13.729,2304,1,1,0,0,0
UMTS,520,5,3103,23686860,0,100.572,13.729,1000,1,1,0,0,0
LTE,520,4,3004,3968260,0,100.568,13.729,1000,1,1,0,0,0
LTE,520,4,3004,9236512,0,100.571,13.729,1000,1,1,0,0,0
GSM,520,18,14210,4863,0,100.571,13.729,1000,1,1,0,0,0
LTE,520,5,113,2690888,0,100.569,13.729,1000,1,1,0,0,0
LTE,520,5,113,2690887,0,100.569,13.729,1000,1,1,0,0,0
LTE,520,5,43021,22733116,0,100.569,13.729,1000,1,1,0,0,0
LTE,520,5,113,2691078,0,100.569,13.729,1000,1,1,0,0,0
LTE,520,5,113,2691079,0,100.569,13.729,1000,1,1,0,0,0
LTE,520,5,113,2691149,0,100.569,13.729,1000,1,1,0,0,0
UMTS,520,18,14612,7352625,0,100.571,13.729,1000,1,1,0,0,0
UMTS,520,15,16021,41907357,0,100.58,13.729,1637,1,1,0,0,0
LTE,520,18,3101,62426626,0,100.571,13.729,1193,1,1,0,0,0
UMTS,520,5,3101,23686721,0,100.582,13.729,1000,1,1,0,0,0
LTE,520,3,866,156938097,0,100.571,13.729,1000,1,1,0,0,0
UMTS,520,0,18,7308745,0,100.568,13.729,1000,1,1,0,0,0
UMTS,520,5,1622,137712388,0,100.569,13.729,1000,1,1,0,0,0
LTE,520,47,53021,76844043,0,100.571,13.729,1000,1,1,0,0,0
LTE,520,5,52047,18132761,0,100.581,13.729,1000,1,1,0,0,0
LTE,520,3,864,157195949,0,100.581,13.729,1000,1,1,0,0,0
LTE,520,3,866,156938875,0,100.572,13.729,1000,1,1,0,0,0
UMTS,520,18,14782,9123208,0,100.567,13.729,8098,1,1,0,0,0
UMTS,520,3,16025,41888338,0,100.571,13.729,1000,1,1,0,0,0
GSM,520,18,14239,855,0,100.578,13.729,1576,1,1,0,0,0
LTE,520,47,33101,77536801,0,100.581,13.729,1000,1,1,0,0,0
UMTS,520,0,18,7325266,0,100.567,13.729,1000,1,1,0,0,0
UMTS,520,0,18,7336266,0,100.567,13.729,1000,1,1,0,0,0
UMTS,520,0,18,7311148,0,100.567,13.729,1000,1,1,0,0,0
UMTS,520,0,18,7335768,0,100.567,13.729,1000,1,1,0,0,0
UMTS,520,5,60427,23339834,0,100.567,13.729,1000,1,1,0,0,0
UMTS,520,3,16025,41913825,0,100.568,13.729,1000,1,1,0,0,0
LTE,520,4,1004,3968259,0,100.568,13.729,1000,1,1,0,0,0
LTE,520,4,1004,3968260,0,100.568,13.729,1000,1,1,0,0,0
UMTS,520,18,14612,7342539,0,100.568,13.729,1000,1,1,0,0,0
UMTS,520,18,14612,7354048,0,100.568,13.729,1000,1,1,0,0,0
UMTS,520,0,18,7307706,0,100.568,13.729,1000,1,1,0,0,0
UMTS,520,0,18,7318643,0,100.568,13.729,1000,1,1,0,0,0
UMTS,520,0,18,7329643,0,100.568,13.729,1000,1,1,0,0,0
UMTS,520,0,18,7308735,0,100.568,13.729,1000,1,1,0,0,0
UMTS,520,0,18,7308655,0,100.568,13.729,1000,1,1,0,0,0
UMTS,520,0,18,7308665,0,100.568,13.729,1000,1,1,0,0,0
LTE,520,4,1004,1331459,0,100.568,13.729,1000,1,1,0,0,0
UMTS,520,3,16025,41878864,0,100.568,13.729,1000,1,1,0,0,0
UMTS,520,3,16025,41893383,0,100.568,13.729,1000,1,1,0,0,0
UMTS,520,3,16025,41898987,0,100.568,13.729,1000,1,1,0,0,0
UMTS,520,3,16025,41889370,0,100.568,13.729,1000,1,1,0,0,0
UMTS,520,3,16025,41889369,0,100.568,13.729,1000,1,1,0,0,0
UMTS,520,3,16025,41878894,0,100.568,13.729,1000,1,1,0,0,0
LTE,520,5,113,2691076,0,100.57,13.729,1000,1,1,0,0,0
UMTS,520,3,7025,41891336,0,100.57,13.729,1000,1,1,0,0,0
UMTS,520,3,7025,42024878,0,100.57,13.729,1000,1,1,0,0,0
UMTS,520,3,7025,42024868,0,100.57,13.729,1000,1,1,0,0,0
UMTS,520,3,7025,42036898,0,100.57,13.729,1000,1,1,0,0,0
UMTS,520,3,15025,41717317,0,100.57,13.729,1000,1,1,0,0,0
UMTS,520,3,16025,41884205,0,100.57,13.729,1000,1,1,0,0,0
UMTS,520,3,16025,41912786,0,100.57,13.729,1000,1,1,0,0,0
UMTS,520,3,16025,42036899,0,100.57,13.729,1000,1,1,0,0,0
UMTS,520,3,14025,41717327,0,100.57,13.729,1000,1,1,0,0,0
UMTS,520,5,3052,23353142,0,100.57,13.729,1000,1,1,0,0,0
UMTS,520,0,18,7307603,0,100.57,13.729,1000,1,1,0,0,0
UMTS,520,0,18,7308595,0,100.57,13.729,1000,1,1,0,0,0
UMTS,520,0,18,7314596,0,100.57,13.729,1000,1,1,0,0,0
LTE,520,4,1004,1203489,0,100.57,13.729,1000,1,1,0,0,0
LTE,520,4,1004,1052447,0,100.57,13.729,1000,1,1,0,0,0
LTE,520,4,1004,1203459,0,100.57,13.729,1000,1,1,0,0,0
UMTS,520,3,16025,41888149,0,100.57,13.729,1000,1,1,0,0,0
UMTS,520,0,18,7330045,0,100.57,13.729,1000,1,1,0,0,0
UMTS,520,5,3052,23358996,0,100.57,13.729,1000,1,1,0,0,0
UMTS,520,5,3052,23359000,0,100.57,13.729,1000,1,1,0,0,0
UMTS,520,5,60427,23355272,0,100.57,13.729,1000,1,1,0,0,0
UMTS,520,5,60427,23355279,0,100.57,13.729,1000,1,1,0,0,0
UMTS,520,3,16025,41889960,0,100.57,13.729,1000,1,1,0,0,0
UMTS,520,3,20025,41899039,0,100.57,13.729,1000,1,1,0,0,0
UMTS,520,3,20025,41889363,0,100.57,13.729,1000,1,1,0,0,0
UMTS,520,3,20025,41888441,0,100.57,13.729,1000,1,1,0,0,0
UMTS,520,3,20025,41913846,0,100.57,13.729,1000,1,1,0,0,0
UMTS,520,3,39230,41913836,0,100.571,13.729,1000,1,1,0,0,0
LTE,520,5,112,1244417,0,100.571,13.729,1000,1,1,0,0,0
UMTS,520,3,7025,42028147,0,100.571,13.729,1000,1,1,0,0,0
UMTS,520,3,7025,42036819,0,100.571,13.729,1000,1,1,0,0,0
UMTS,520,3,16025,41884204,0,100.571,13.729,1000,1,1,0,0,0
UMTS,520,3,16025,41913826,0,100.571,13.729,1000,1,1,0,0,0
UMTS,520,3,16025,41913762,0,100.571,13.729,1000,1,1,0,0,0
UMTS,520,3,14025,41381539,0,100.571,13.729,1000,1,1,0,0,0
UMTS,520,3,14025,41381528,0,100.571,13.729,1000,1,1,0,0,0
UMTS,520,3,14025,41381548,0,100.571,13.729,1000,1,1,0,0,0
UMTS,520,3,14025,42036888,0,100.571,13.729,1000,1,1,0,0,0
UMTS,520,3,14025,42036889,0,100.571,13.729,1000,1,1,0,0,0
LTE,520,4,1004,1052446,0,100.571,13.729,1000,1,1,0,0,0
UMTS,520,5,3051,23336018,0,100.571,13.729,1000,1,1,0,0,0
UMTS,520,5,3051,23344793,0,100.571,13.729,1000,1,1,0,0,0
UMTS,520,5,3051,23355276,0,100.571,13.729,1000,1,1,0,0,0
UMTS,520,5,3051,23355272,0,100.571,13.729,1000,1,1,0,0,0
UMTS,520,5,3052,23340295,0,100.571,13.729,1000,1,1,0,0,0
UMTS,520,5,3052,23340298,0,100.571,13.729,1000,1,1,0,0,0
UMTS,520,5,3051,23355274,0,100.571,13.729,1000,1,1,0,0,0
UMTS,520,0,18,7318613,0,100.571,13.729,1000,1,1,0,0,0
UMTS,520,0,18,7320917,0,100.571,13.729,1000,1,1,0,0,0
GSM,520,1,24040,1013,0,100.571,13.729,1000,1,1,0,0,0
UMTS,520,0,1012,7331083,0,100.571,13.729,1000,1,1,0,0,0
UMTS,520,5,14612,7352622,0,100.572,13.729,1000,1,1,0,0,0
UMTS,520,3,7025,42036814,0,100.572,13.729,1000,1,1,0,0,0
UMTS,520,3,7025,42036887,0,100.572,13.729,1000,1,1,0,0,0
UMTS,520,3,16025,41883862,0,100.572,13.729,1000,1,1,0,0,0
UMTS,520,3,16025,41908427,0,100.572,13.729,1000,1,1,0,0,0
UMTS,520,3,16025,41913375,0,100.572,13.729,1000,1,1,0,0,0
UMTS,520,3,16025,41913742,0,100.572,13.729,1000,1,1,0,0,0
UMTS,520,3,16025,41913745,0,100.572,13.729,1000,1,1,0,0,0
UMTS,520,3,14025,41381437,0,100.572,13.729,1000,1,1,0,0,0
UMTS,520,0,18,7330287,0,100.572,13.729,1000,1,1,0,0,0
UMTS,520,99,1622,33160,0,100.572,13.729,1000,1,1,0,0,0
UMTS,520,3,14025,41381447,0,100.574,13.729,1000,1,1,0,0,0
UMTS,520,3,13015,41913755,0,100.574,13.729,1000,1,1,0,0,0
UMTS,520,3,14025,41376068,0,100.576,13.729,1000,1,1,0,0,0
UMTS,520,4,1622,137724432,0,100.576,13.729,1000,1,1,0,0,0
UMTS,520,5,3101,23336021,0,100.576,13.729,1000,1,1,0,0,0
UMTS,520,3,7025,42031428,0,100.576,13.729,1000,1,1,0,0,0
UMTS,520,3,16025,41908436,0,100.576,13.729,1000,1,1,0,0,0
UMTS,520,3,14025,41376078,0,100.576,13.729,1000,1,1,0,0,0
LTE,520,4,1004,2358048,0,100.576,13.729,1000,1,1,0,0,0
UMTS,520,5,3052,23336481,0,100.576,13.729,1000,1,1,0,0,0
UMTS,520,5,3052,23664161,0,100.576,13.729,1000,1,1,0,0,0
UMTS,520,0,18,7318850,0,100.576,13.729,1000,1,1,0,0,0
UMTS,520,5,3101,23664162,0,100.576,13.729,1000,1,1,0,0,0
LTE,520,4,1004,192318,0,100.576,13.729,1000,1,1,0,0,0
LTE,520,4,1004,192317,0,100.576,13.729,1000,1,1,0,0,0
LTE,520,4,20004,499516,0,100.576,13.729,1000,1,1,0,0,0
UMTS,520,3,16025,41908426,0,100.578,13.729,1000,1,1,0,0,0
GSM,520,1,24040,609,0,100.578,13.729,1000,1,1,0,0,0
UMTS,520,5,3101,23679105,0,100.581,13.729,1000,1,1,0,0,0
LTE,520,5,121,11934978,0,100.581,13.729,1000,1,1,0,0,0
UMTS,520,3,6025,41579997,0,100.581,13.729,1000,1,1,0,0,0
UMTS,520,3,7025,42022317,0,100.581,13.729,1000,1,1,0,0,0
UMTS,520,3,7025,42038769,0,100.581,13.729,1000,1,1,0,0,0
UMTS,520,3,7025,42038749,0,100.581,13.729,1000,1,1,0,0,0
LTE,520,4,1004,2358016,0,100.581,13.729,1000,1,1,0,0,0
UMTS,520,18,14612,7349157,0,100.581,13.729,1000,1,1,0,0,0
UMTS,520,0,18,7318848,0,100.581,13.729,1000,1,1,0,0,0
LTE,520,4,1004,7759648,0,100.581,13.729,1000,1,1,0,0,0
UMTS,520,5,3101,9118629,0,100.581,13.729,1000,1,1,0,0,0
UMTS,520,18,14782,9118632,0,100.581,13.729,1000,1,1,0,0,0
UMTS,520,3,16025,41888577,0,100.582,13.729,1000,1,1,0,0,0
UMTS,520,18,14612,7349160,0,100.582,13.729,1000,1,1,0,0,0
GSM,520,99,1622,33910,0,100.582,13.729,1000,1,1,0,0,0
LTE,520,4,1004,3968289,0,100.569,13.729,1000,1,1,0,0,0
GSM,520,99,1622,33078,0,100.57,13.729,1000,1,1,0,0,0
UMTS,520,3,7025,42036908,0,100.571,13.729,1000,1,1,0,0,0
UMTS,520,4,1622,137728609,0,100.577,13.729,1000,1,1,0,0,0
GSM,520,99,16061,3919,0,100.578,13.729,1000,1,1,0,0,0
UMTS,520,3,16025,41895263,0,100.578,13.729,2568,1,1,0,0,0
UMTS,520,15,16025,41895504,0,100.572,13.729,1000,1,1,0,0,0
UMTS,520,5,3052,23337040,0,100.568,13.729,1000,1,1,0,0,0
UMTS,520,3,379,9919123,0,100.58,13.729,1117,1,1,0,0,0
UMTS,520,18,14782,9121589,0,100.58,13.729,1000,1,1,0,0,0
LTE,520,18,3052,64801025,0,100.57,13.729,1000,1,1,0,0,0
LTE,520,3,866,156934246,0,100.57,13.73,4232,1,1,0,0,0
LTE,520,3,866,156938874,0,100.571,13.73,2057,1,1,0,0,0
UMTS,520,5,3052,64801025,0,100.57,13.73,1000,1,1,0,0,0
LTE,520,4,24040,678,0,100.57,13.73,1000,1,1,0,0,0
UMTS,520,15,16021,41888603,0,100.57,13.73,1000,1,1,0,0,0
LTE,520,3,866,157069415,0,100.57,13.73,1000,1,1,0,0,0
LTE,520,5,121,11934977,0,100.581,13.73,1000,1,1,0,0,0
LTE,520,3,866,157069413,0,100.57,13.73,1000,1,1,0,0,0
LTE,520,3,866,157059176,0,100.569,13.73,1000,1,1,0,0,0
UMTS,520,5,3051,23336022,0,100.571,13.73,1000,1,1,0,0,0
UMTS,520,5,16025,41893534,0,100.572,13.73,1000,1,1,0,0,0
LTE,520,3,866,156938859,0,100.571,13.73,1000,1,1,0,0,0
UMTS,520,3,16025,41895514,0,100.572,13.73,1000,1,1,0,0,0
LTE,520,3,912,153779304,0,100.571,13.73,2098,1,1,0,0,0
GSM,520,99,1622,33930,0,100.569,13.73,1000,1,1,0,0,0
UMTS,520,5,3052,23352728,0,100.574,13.73,1129,1,1,0,0,0
LTE,520,3,866,157188719,0,100.573,13.73,5053,1,1,0,0,0
UMTS,520,15,16021,41890162,0,100.569,13.73,1000,1,1,0,0,0
UMTS,520,15,24040,585,0,100.569,13.73,1000,1,1,0,0,0
LTE,520,5,3004,14218527,0,100.571,13.73,1000,1,1,0,0,0
GSM,520,99,1622,34680,0,100.57,13.73,1000,1,1,0,0,0
LTE,520,3,866,157111141,0,100.569,13.73,1000,1,1,0,0,0
UMTS,520,3,16025,41887794,0,100.569,13.73,1000,1,1,0,0,0
LTE,520,5,113,1244417,0,100.572,13.73,1000,1,1,0,0,0
LTE,520,4,3004,2544928,0,100.585,13.724,9618,1,1,0,0,0
UMTS,520,3,16025,41887748,0,100.585,13.724,1000,1,1,0,0,0
LTE,520,3,843,164353381,0,100.595,13.724,1196,1,1,0,0,0
UMTS,520,3,7025,42035478,0,100.585,13.724,1000,1,1,0,0,0
UMTS,520,3,16025,41890601,0,100.586,13.724,1000,1,1,0,0,0
UMTS,520,99,3004,2544928,0,100.591,13.724,2077,1,1,0,0,0
UMTS,520,4,1622,137726182,0,100.584,13.724,6303,1,1,0,0,0
UMTS,520,4,1622,137726183,0,100.585,13.724,1000,1,1,0,0,0
LTE,520,4,2047,40770691,0,100.596,13.724,1000,1,1,0,0,0
LTE,520,4,20004,27750716,0,100.584,13.724,1000,1,1,0,0,0
UMTS,520,3,6025,41566617,0,100.596,13.724,1000,1,1,0,0,0
UMTS,520,5,3101,23662879,0,100.595,13.724,1000,1,1,0,0,0
LTE,520,4,2004,2575646,0,100.586,13.724,1000,1,1,0,0,0
GSM,520,1,2020,38105,0,100.595,13.724,1000,1,1,0,0,0
UMTS,520,15,16021,41890324,0,100.595,13.724,3113,1,1,0,0,0
UMTS,520,15,13011,42619507,0,100.597,13.724,1463,1,1,0,0,0
UMTS,520,15,16021,41914885,0,100.584,13.724,1000,1,1,0,0,0
LTE,520,4,20004,2575677,0,100.585,13.724,1000,1,1,0,0,0
LTE,520,3,864,157189487,0,100.584,13.724,1000,1,1,0,0,0
UMTS,520,3,16021,41888428,0,100.585,13.724,1000,1,1,0,0,0
LTE,520,3,864,157363321,0,100.583,13.724,1000,1,1,0,0,0
LTE,520,3,843,164359294,0,100.583,13.724,1000,1,1,0,0,0
LTE,520,3,846,164358015,0,100.583,13.724,1000,1,1,0,0,0
LTE,520,3,843,157449085,0,100.583,13.724,1000,1,1,0,0,0
LTE,520,3,843,157447550,0,100.583,13.724,1000,1,1,0,0,0
UMTS,520,15,16021,41889391,0,100.588,13.724,1000,1,1,0,0,0
LTE,520,4,20004,29593916,0,100.584,13.724,1000,1,1,0,0,0
UMTS,520,3,16025,41889684,0,100.588,13.724,1000,1,1,0,0,0
UMTS,520,5,3101,23664596,0,100.585,13.724,1000,1,1,0,0,0
LTE,520,4,2004,2575617,0,100.585,13.724,1000,1,1,0,0,0
LTE,520,4,3010,3164418,0,100.596,13.725,10582,1,1,0,0,0
UMTS,520,4,1004,2596097,0,100.585,13.725,1000,1,1,0,0,0
UMTS,520,99,396,9970101,0,100.585,13.725,1000,1,1,0,0,0
UMTS,520,18,14782,9115439,0,100.586,13.725,1000,1,1,0,0,0
UMTS,520,15,13011,42619132,0,100.599,13.725,1999,1,1,0,0,0
UMTS,520,5,18,7324547,0,100.589,13.725,1000,1,1,0,0,0
UMTS,520,4,1622,137728847,0,100.585,13.725,1000,1,1,0,0,0
UMTS,520,15,13015,42619946,0,100.6,13.725,6412,1,1,0,0,0
LTE,520,5,121,7736837,0,100.585,13.725,1000,1,1,0,0,0
GSM,520,99,1622,33405,0,100.59,13.725,1000,1,1,0,0,0
UMTS,520,0,18,7332428,0,100.596,13.725,1000,1,1,0,0,0
UMTS,520,15,5211,3276247,0,100.586,13.725,1000,1,1,0,0,0
UMTS,520,5,3101,23680086,0,100.596,13.725,1000,1,1,0,0,0
LTE,520,4,1293,1572930,0,100.586,13.725,7365,1,1,0,0,0
LTE,520,3,864,157318757,0,100.584,13.725,1000,1,1,0,0,0
UMTS,520,15,16021,41890555,0,100.59,13.725,1434,1,1,0,0,0
LTE,520,4,1010,10020096,0,100.592,13.725,4886,1,1,0,0,0
LTE,520,3,864,157189231,0,100.584,13.725,1000,1,1,0,0,0
UMTS,520,5,3101,23688576,0,100.596,13.725,1000,1,1,0,0,0
UMTS,520,4,18,7331259,0,100.585,13.725,1000,1,1,0,0,0
UMTS,520,5,3101,23673675,0,100.584,13.725,1000,1,1,0,0,0
UMTS,520,15,16021,41888284,0,100.591,13.725,1000,1,1,0,0,0
LTE,520,3,396,9955302,0,100.589,13.725,1408,1,1,0,0,0
GSM,520,1,4020,39082,0,100.583,13.725,1000,1,1,0,0,0
UMTS,520,5,3101,23664593,0,100.585,13.725,1000,1,1,0,0,0
LTE,520,4,3004,2544896,0,100.585,13.725,1026,1,1,0,0,0
UMTS,520,15,13011,42614781,0,100.597,13.725,1000,1,1,0,0,0
UMTS,520,3,16025,41888837,0,100.583,13.725,1000,1,1,0,0,0
LTE,520,18,3101,64440067,0,100.585,13.725,1079,1,1,0,0,0
UMTS,520,15,16021,41889434,0,100.587,13.725,1000,1,1,0,0,0
LTE,520,4,1010,548097,0,100.599,13.725,5659,1,1,0,0,0
LTE,520,5,121,8368899,0,100.585,13.725,1192,1,1,0,0,0
UMTS,520,18,18,7332428,0,100.594,13.725,1000,1,1,0,0,0
UMTS,520,18,14782,9115440,0,100.584,13.725,1000,1,1,0,0,0
GSM,520,18,14239,7802,0,100.585,13.725,1000,1,1,0,0,0
UMTS,520,18,18,7313528,0,100.593,13.725,1000,1,1,0,0,0
UMTS,520,18,18,7324528,0,100.593,13.725,1000,1,1,0,0,0
LTE,520,5,122,146691,0,100.585,13.725,6612,1,1,0,0,0
UMTS,520,3,13015,42614791,0,100.596,13.725,1000,1,1,0,0,0
UMTS,520,15,16021,41887603,0,100.586,13.725,1000,1,1,0,0,0
GSM,520,99,1605,36135,0,100.596,13.725,1276,1,1,0,0,0
LTE,520,18,3101,64311809,0,100.591,13.725,9009,1,1,0,0,0
GSM,520,18,14239,2932,0,100.596,13.725,1000,1,1,0,0,0
GSM,520,18,14239,7803,0,100.585,13.725,1000,1,1,0,0,0
LTE,520,4,1010,1538847,0,100.596,13.725,1000,1,1,0,0,0
LTE,520,3,396,9952802,0,100.585,13.725,1000,1,1,0,0,0
UMTS,520,3,16025,41890597,0,100.584,13.725,1000,1,1,0,0,0
UMTS,520,15,13011,42622699,0,100.596,13.725,1389,1,1,0,0,0
UMTS,520,3,7025,42035477,0,100.585,13.725,1000,1,1,0,0,0
UMTS,520,3,7025,42019548,0,100.587,13.725,1000,1,1,0,0,0
UMTS,520,0,18,7309542,0,100.585,13.725,1000,1,1,0,0,0
UMTS,520,3,6025,41566625,0,100.596,13.725,1000,1,1,0,0,0
UMTS,520,3,6025,41572195,0,100.596,13.725,1000,1,1,0,0,0
UMTS,520,3,6025,41586577,0,100.599,13.725,1000,1,1,0,0,0
UMTS,520,18,14717,7870259,0,100.585,13.725,1000,1,1,0,0,0
LTE,520,5,113,1997059,0,100.585,13.725,1000,1,1,0,0,0
UMTS,520,3,7025,42019569,0,100.585,13.725,1000,1,1,0,0,0
UMTS,520,3,6025,41560807,0,100.585,13.725,1000,1,1,0,0,0
UMTS,520,3,6025,41576725,0,100.585,13.725,1000,1,1,0,0,0
UMTS,520,3,16025,41890587,0,100.585,13.725,1000,1,1,0,0,0
UMTS,520,3,16025,41890577,0,100.585,13.725,1000,1,1,0,0,0
UMTS,520,0,18,7320966,0,100.585,13.725,1000,1,1,0,0,0
UMTS,520,0,18,7332399,0,100.585,13.725,1000,1,1,0,0,0
UMTS,520,18,14782,9115443,0,100.585,13.725,1000,1,1,0,0,0
UMTS,520,3,13015,41890587,0,100.585,13.725,1000,1,1,0,0,0
UMTS,520,4,1622,137725682,0,100.586,13.725,1000,1,1,0,0,0
UMTS,520,3,16025,41890576,0,100.586,13.725,1000,1,1,0,0,0
UMTS,520,0,18,7309541,0,100.586,13.725,1000,1,1,0,0,0
UMTS,520,3,16025,41887603,0,100.586,13.725,1000,1,1,0,0,0
UMTS,520,4,1622,137726181,0,100.587,13.725,1000,1,1,0,0,0
UMTS,520,5,3101,23664592,0,100.587,13.725,1000,1,1,0,0,0
UMTS,520,0,18,7313547,0,100.587,13.725,1000,1,1,0,0,0
UMTS,520,0,18,7324547,0,100.587,13.725,1000,1,1,0,0,0
UMTS,520,0,18,7331192,0,100.587,13.725,1000,1,1,0,0,0
LTE,520,4,1004,2575616,0,100.587,13.725,1000,1,1,0,0,0
UMTS,520,0,18,7329680,0,100.587,13.725,1000,1,1,0,0,0
UMTS,520,3,16025,41890596,0,100.589,13.725,1000,1,1,0,0,0
LTE,520,4,1004,9989407,0,100.589,13.725,1000,1,1,0,0,0
LTE,520,4,1004,9989377,0,100.589,13.725,1000,1,1,0,0,0
UMTS,520,3,13015,41892315,0,100.59,13.725,1000,1,1,0,0,0
UMTS,520,3,13015,42614852,0,100.59,13.725,1000,1,1,0,0,0
UMTS,520,3,6025,41572205,0,100.596,13.725,1000,1,1,0,0,0
UMTS,520,3,6025,41566615,0,100.596,13.725,1000,1,1,0,0,0
UMTS,520,3,7025,42030972,0,100.596,13.725,1000,1,1,0,0,0
UMTS,520,3,13015,42614872,0,100.596,13.725,1000,1,1,0,0,0
UMTS,520,18,14612,7353879,0,100.596,13.725,1000,1,1,0,0,0
UMTS,520,0,18,7318700,0,100.596,13.725,1000,1,1,0,0,0
UMTS,520,18,14612,7352452,0,100.597,13.725,1000,1,1,0,0,0
UMTS,520,3,7025,42045339,0,100.598,13.725,1000,1,1,0,0,0
UMTS,520,18,14717,7865321,0,100.6,13.725,1000,1,1,0,0,0
UMTS,520,3,7025,42045329,0,100.6,13.725,1000,1,1,0,0,0
LTE,520,3,843,164359271,0,100.588,13.725,7903,1,1,0,0,0
UMTS,520,3,6025,41586567,0,100.599,13.725,1000,1,1,0,0,0
UMTS,520,5,3101,23662876,0,100.595,13.725,1000,1,1,0,0,0
LTE,520,3,843,164353382,0,100.598,13.725,2200,1,1,0,0,0
GSM,520,1,24040,686,0,100.586,13.726,1000,1,1,0,0,0
UMTS,520,3,16025,41892336,0,100.586,13.726,6700,1,1,0,0,0
LTE,520,3,375,11052303,0,100.588,13.726,1000,1,1,0,0,0
LTE,520,3,864,157184122,0,100.587,13.726,1000,1,1,0,0,0
GSM,520,1,2020,38048,0,100.596,13.726,1000,1,1,0,0,0
LTE,520,5,121,750338,0,100.595,13.726,1000,1,1,0,0,0
LTE,520,4,1010,2870048,0,100.598,13.726,1000,1,1,0,0,0
LTE,520,5,121,10739457,0,100.596,13.726,1000,1,1,0,0,0
UMTS,520,15,13011,42619440,0,100.594,13.726,1763,1,1,0,0,0
UMTS,520,18,3101,23662876,0,100.595,13.726,1000,1,1,0,0,0
UMTS,520,3,7025,42019558,0,100.587,13.726,8655,1,1,0,0,0
LTE,520,18,3101,62507268,0,100.594,13.726,1734,1,1,0,0,0
UMTS,520,15,13011,42621225,0,100.599,13.726,4949,1,1,0,0,0
LTE,520,3,864,157318760,0,100.585,13.726,1000,1,1,0,0,0
UMTS,520,3,7025,42019568,0,100.587,13.726,1000,1,1,0,0,0
UMTS,520,15,16021,41890587,0,100.585,13.726,1000,1,1,0,0,0
GSM,520,18,14239,1016,0,100.589,13.726,1000,1,1,0,0,0
UMTS,520,3,13015,42613881,0,100.599,13.726,1078,1,1,0,0,0
LTE,520,5,121,1997059,0,100.585,13.726,1000,1,1,0,0,0
LTE,520,3,864,157184113,0,100.584,13.726,1000,1,1,0,0,0
UMTS,520,15,16021,41898990,0,100.588,13.726,1060,1,1,0,0,0
LTE,520,18,3101,64338434,0,100.596,13.726,1000,1,1,0,0,0
LTE,520,3,843,164353402,0,100.596,13.726,1000,1,1,0,0,0
LTE,520,3,843,164353391,0,100.598,13.726,1000,1,1,0,0,0
GSM,520,99,16061,18574,0,100.586,13.726,1497,1,1,0,0,0
UMTS,520,18,14782,9116521,0,100.598,13.726,1000,1,1,0,0,0
LTE,520,3,843,164353393,0,100.598,13.726,1000,1,1,0,0,0
GSM,520,99,1605,33088,0,100.597,13.726,1000,1,1,0,0,0
UMTS,520,5,3101,23678580,0,100.599,13.726,1000,1,1,0,0,0
UMTS,520,15,16021,41887602,0,100.585,13.726,1000,1,1,0,0,0
UMTS,520,5,3101,23688577,0,100.595,13.726,1000,1,1,0,0,0
LTE,520,3,843,164355963,0,100.599,13.726,1000,1,1,0,0,0
LTE,520,3,375,11052323,0,100.585,13.726,1000,1,1,0,0,0
LTE,520,4,1010,1538846,0,100.596,13.726,1948,1,1,0,0,0
LTE,520,4,2004,29593886,0,100.585,13.726,1000,1,1,0,0,0
LTE,520,5,121,750339,0,100.592,13.726,1000,1,1,0,0,0
UMTS,520,15,16021,41890541,0,100.583,13.726,1746,1,1,0,0,0
LTE,520,3,846,164365945,0,100.594,13.726,1153,1,1,0,0,0
UMTS,520,3,7025,42030779,0,100.595,13.726,3363,1,1,0,0,0
LTE,520,4,2047,40770690,0,100.596,13.726,1000,1,1,0,0,0
LTE,520,3,864,157363303,0,100.585,13.726,1000,1,1,0,0,0
UMTS,520,3,13015,42614103,0,100.598,13.726,1000,1,1,0,0,0
UMTS,520,3,13015,42619687,0,100.598,13.726,1000,1,1,0,0,0
GSM,520,1,2020,38108,0,100.598,13.726,1000,1,1,0,0,0
UMTS,520,1,16021,41889402,0,100.586,13.726,1000,1,1,0,0,0
LTE,520,18,3101,64796162,0,100.585,13.726,1333,1,1,0,0,0
UMTS,520,5,3101,23682491,0,100.594,13.726,2471,1,1,0,0,0
UMTS,520,3,7025,42030957,0,100.596,13.726,1000,1,1,0,0,0
LTE,520,3,843,164355685,0,100.594,13.726,1524,1,1,0,0,0
UMTS,520,18,14782,9122800,0,100.596,13.726,7656,1,1,0,0,0
UMTS,520,5,3101,23659739,0,100.586,13.726,9956,1,1,0,0,0
UMTS,520,15,16021,41888346,0,100.585,13.726,1000,1,1,0,0,0
UMTS,520,3,13015,42620986,0,100.596,13.726,1000,1,1,0,0,0
UMTS,520,0,18,7384233,0,100.588,13.726,1000,1,1,0,0,0
LTE,520,4,1010,1538816,0,100.597,13.726,1000,1,1,0,0,0
UMTS,520,15,16021,41889403,0,100.584,13.727,1083,1,1,0,0,0
UMTS,520,5,3101,23664594,0,100.587,13.727,1000,1,1,0,0,0
GSM,520,1,24040,559,0,100.584,13.727,2398,1,1,0,0,0
UMTS,520,5,1229,2052507,0,100.585,13.727,1000,1,1,0,0,0
UMTS,520,3,16025,41890592,0,100.585,13.727,1000,1,1,0,0,0
UMTS,520,18,14782,9117101,0,100.585,13.727,1000,1,1,0,0,0
LTE,520,3,843,164355695,0,100.596,13.727,1000,1,1,0,0,0
LTE,520,4,20010,2870078,0,100.598,13.727,1000,1,1,0,0,0
LTE,520,4,20010,26196796,0,100.598,13.727,1000,1,1,0,0,0
UMTS,520,5,3101,23666489,0,100.585,13.727,1000,1,1,0,0,0
UMTS,520,0,18,7326400,0,100.586,13.727,1000,1,1,0,0,0
GSM,520,18,14239,2933,0,100.589,13.727,1000,1,1,0,0,0
UMTS,520,18,14717,7870254,0,100.585,13.727,1000,1,1,0,0,0
LTE,520,4,1004,2596128,0,100.585,13.727,1000,1,1,0,0,0
UMTS,520,0,18,7317306,0,100.585,13.727,1000,1,1,0,0,0
UMTS,520,0,18,7328306,0,100.585,13.727,1000,1,1,0,0,0
UMTS,520,0,18,7339306,0,100.585,13.727,1000,1,1,0,0,0
UMTS,520,0,14239,10228,0,100.585,13.727,1000,1,1,0,0,0
GSM,520,18,14239,2540,0,100.585,13.727,1000,1,1,0,0,0
GSM,520,99,16061,18571,0,100.586,13.727,1000,1,1,0,0,0
LTE,520,5,121,1997057,0,100.586,13.727,1000,1,1,0,0,0
LTE,520,4,1004,2575618,0,100.586,13.727,1000,1,1,0,0,0
UMTS,520,18,14612,7343458,0,100.586,13.727,1000,1,1,0,0,0
GSM,520,99,1622,34320,0,100.586,13.727,1000,1,1,0,0,0
GSM,520,99,1622,33026,0,100.586,13.727,1000,1,1,0,0,0
UMTS,520,4,1622,137730197,0,100.587,13.727,1000,1,1,0,0,0
UMTS,520,3,16025,41890586,0,100.589,13.727,1000,1,1,0,0,0
UMTS,520,0,18,7313537,0,100.589,13.727,1000,1,1,0,0,0
UMTS,520,0,18,7324557,0,100.589,13.727,1000,1,1,0,0,0
UMTS,520,4,1622,137730187,0,100.59,13.727,1000,1,1,0,0,0
UMTS,520,3,13015,42614853,0,100.59,13.727,1000,1,1,0,0,0
LTE,520,4,1004,9989406,0,100.592,13.727,1000,1,1,0,0,0
LTE,520,4,1004,9989376,0,100.592,13.727,1000,1,1,0,0,0
LTE,520,4,1004,1444097,0,100.593,13.727,1000,1,1,0,0,0
UMTS,520,4,1622,137724319,0,100.593,13.727,1000,1,1,0,0,0
LTE,520,4,1010,1538818,0,100.594,13.727,1000,1,1,0,0,0
UMTS,520,3,16025,41908240,0,100.596,13.727,1000,1,1,0,0,0
UMTS,520,3,13015,42614836,0,100.596,13.727,1000,1,1,0,0,0
UMTS,520,5,3051,23335196,0,100.596,13.727,1000,1,1,0,0,0
UMTS,520,5,3052,23335196,0,100.596,13.727,1000,1,1,0,0,0
UMTS,520,0,18,7308501,0,100.596,13.727,1000,1,1,0,0,0
UMTS,520,18,14782,9116524,0,100.596,13.727,1000,1,1,0,0,0
UMTS,520,99,2004,9989406,0,100.591,13.727,1000,1,1,0,0,0
LTE,520,4,3004,860416,0,100.594,13.727,5061,1,1,0,0,0
UMTS,520,1,121,750338,0,100.596,13.727,1000,1,1,0,0,0
UMTS,520,3,13015,42614851,0,100.595,13.727,1000,1,1,0,0,0
UMTS,520,4,1605,137725908,0,100.593,13.727,1000,1,1,0,0,0
UMTS,520,15,16021,41889438,0,100.586,13.727,1000,1,1,0,0,0
LTE,520,3,396,9951623,0,100.588,13.727,1000,1,1,0,0,0
UMTS,520,3,13011,42620983,0,100.597,13.727,1000,1,1,0,0,0
UMTS,520,15,13011,42620983,0,100.596,13.727,1000,1,1,0,0,0
GSM,520,99,16061,4119,0,100.588,13.727,2439,1,1,0,0,0
UMTS,520,15,13011,42614063,0,100.596,13.727,1000,1,1,0,0,0
UMTS,520,5,3101,23677124,0,100.592,13.727,7751,1,1,0,0,0
UMTS,520,4,1004,2596098,0,100.585,13.727,1000,1,1,0,0,0
UMTS,520,0,18,7309543,0,100.585,13.727,1000,1,1,0,0,0
UMTS,520,3,13015,42613885,0,100.596,13.727,1000,1,1,0,0,0
UMTS,520,4,3010,7047966,0,100.599,13.727,9121,1,1,0,0,0
UMTS,520,15,13011,42613888,0,100.6,13.727,1000,1,1,0,0,0
UMTS,520,4,1605,137724314,0,100.597,13.727,1131,1,1,0,0,0
GSM,520,18,14239,1637,0,100.598,13.727,1000,1,1,0,0,0
UMTS,520,5,3101,62507265,0,100.598,13.727,1000,1,1,0,0,0
UMTS,520,1,3101,62507265,0,100.597,13.727,1000,1,1,0,0,0
GSM,520,99,1605,33283,0,100.597,13.727,1000,1,1,0,0,0
UMTS,520,4,18,7318701,0,100.596,13.727,1000,1,1,0,0,0
LTE,520,3,864,157189499,0,100.585,13.727,1646,1,1,0,0,0
UMTS,520,15,16021,41893429,0,100.59,13.727,1000,1,1,0,0,0
LTE,520,4,20010,10091837,0,100.598,13.727,1000,1,1,0,0,0
UMTS,520,5,3101,23694881,0,100.6,13.727,1147,1,1,0,0,0
UMTS,520,3,7025,42019549,0,100.585,13.727,1000,1,1,0,0,0
UMTS,520,4,1605,137725641,0,100.594,13.727,4005,1,1,0,0,0
LTE,520,4,20004,28211516,0,100.586,13.727,1000,1,1,0,0,0
LTE,520,3,864,157184102,0,100.587,13.727,3139,1,1,0,0,0
UMTS,520,15,16021,41889661,0,100.587,13.727,1544,1,1,0,0,0
GSM,520,18,14239,2931,0,100.594,13.727,1484,1,1,0,0,0
UMTS,520,3,13011,42614093,0,100.598,13.727,1000,1,1,0,0,0
UMTS,520,15,13015,42614103,0,100.598,13.727,1000,1,1,0,0,0
UMTS,520,3,13011,42614817,0,100.598,13.727,1000,1,1,0,0,0
UMTS,520,15,13011,42611140,0,100.597,13.727,1000,1,1,0,0,0
UMTS,520,5,3101,23664591,0,100.586,13.727,1046,1,1,0,0,0
UMTS,520,18,14782,9111732,0,100.598,13.727,1455,1,1,0,0,0
LTE,520,3,864,156929894,0,100.584,13.727,9268,1,1,0,0,0
UMTS,520,15,16021,41890586,0,100.587,13.727,1000,1,1,0,0,0
UMTS,520,0,18,7313557,0,100.588,13.727,1000,1,1,0,0,0
UMTS,520,18,14782,9123351,0,100.596,13.727,1000,1,1,0,0,0
LTE,520,18,3101,64447235,0,100.597,13.727,1221,1,1,0,0,0
UMTS,520,18,14782,9111735,0,100.599,13.727,1923,1,1,0,0,0
LTE,520,18,14108,9527,0,100.598,13.727,1000,1,1,0,0,0
LTE,520,4,1010,1538848,0,100.595,13.728,1000,1,1,0,0,0
UMTS,520,5,3101,23682930,0,100.588,13.728,9386,1,1,0,0,0
UMTS,520,3,13015,42620983,0,100.596,13.728,1000,1,1,0,0,0
UMTS,520,18,14782,9121923,0,100.587,13.728,1000,1,1,0,0,0
GSM,520,99,16061,4082,0,100.586,13.728,1000,1,1,0,0,0
UMTS,520,15,13011,42616556,0,100.595,13.728,1393,1,1,0,0,0
UMTS,520,3,13015,42614827,0,100.597,13.728,1000,1,1,0,0,0
UMTS,520,18,14782,9123350,0,100.595,13.728,1000,1,1,0,0,0
UMTS,520,5,3101,23669472,0,100.586,13.728,1000,1,1,0,0,0
LTE,520,3,843,164356198,0,100.596,13.728,1000,1,1,0,0,0
LTE,520,4,1004,2575648,0,100.586,13.728,1000,1,1,0,0,0
UMTS,520,15,13011,42614841,0,100.595,13.728,1000,1,1,0,0,0
GSM,520,99,16061,4139,0,100.591,13.728,1000,1,1,0,0,0
UMTS,520,15,16021,41890592,0,100.585,13.728,1000,1,1,0,0,0
UMTS,520,1,55010,4331607,0,100.586,13.728,1037,1,1,0,0,0
UMTS,520,3,10015,42241213,0,100.593,13.728,5522,1,1,0,0,0
LTE,520,3,827,156684153,0,100.59,13.728,5494,1,1,0,0,0
UMTS,520,15,13011,42609317,0,100.592,13.728,1940,1,1,0,0,0
LTE,520,3,843,164355941,0,100.599,13.728,2167,1,1,0,0,0
UMTS,520,3,13015,42614887,0,100.596,13.728,1000,1,1,0,0,0
LTE,520,4,3004,1500448,0,100.592,13.728,5488,1,1,0,0,0
UMTS,520,15,13011,42614817,0,100.597,13.728,1000,1,1,0,0,0
GSM,520,18,14239,7801,0,100.586,13.728,1000,1,1,0,0,0
LTE,520,3,843,164356203,0,100.596,13.728,1000,1,1,0,0,0
UMTS,520,3,7025,42030788,0,100.596,13.728,1257,1,1,0,0,0
LTE,520,3,864,157187941,0,100.585,13.728,6909,1,1,0,0,0
UMTS,520,18,13011,42611140,0,100.597,13.728,1000,1,1,0,0,0
UMTS,520,3,50040,547,0,100.595,13.728,1000,1,1,0,0,0
LTE,520,5,121,750337,0,100.594,13.728,1000,1,1,0,0,0
LTE,520,4,20010,1538878,0,100.591,13.728,1000,1,1,0,0,0
UMTS,520,0,1622,137724278,0,100.585,13.728,1000,1,1,0,0,0
LTE,520,5,113,1997057,0,100.585,13.728,1000,1,1,0,0,0
UMTS,520,3,7025,42035058,0,100.586,13.728,1000,1,1,0,0,0
UMTS,520,3,7025,42035078,0,100.586,13.728,1000,1,1,0,0,0
UMTS,520,3,6025,41576316,0,100.586,13.728,1000,1,1,0,0,0
UMTS,520,18,14612,7352312,0,100.589,13.728,1000,1,1,0,0,0
UMTS,520,0,18,7324537,0,100.589,13.728,1000,1,1,0,0,0
UMTS,520,3,13015,42614833,0,100.59,13.728,1000,1,1,0,0,0
UMTS,520,18,14782,9123352,0,100.59,13.728,1000,1,1,0,0,0
UMTS,520,18,14612,23662875,0,100.592,13.728,1000,1,1,0,0,0
UMTS,520,18,14612,7352451,0,100.593,13.728,1000,1,1,0,0,0
LTE,520,4,1004,1444127,0,100.594,13.728,1000,1,1,0,0,0
UMTS,520,3,16025,41908391,0,100.596,13.728,1000,1,1,0,0,0
UMTS,520,5,3051,23335198,0,100.596,13.728,1000,1,1,0,0,0
UMTS,520,18,14602,6828164,0,100.596,13.728,1000,1,1,0,0,0
UMTS,520,18,14602,23335196,0,100.596,13.728,1000,1,1,0,0,0
UMTS,520,0,18,7318699,0,100.596,13.728,1000,1,1,0,0,0
UMTS,520,5,7436,23666713,0,100.596,13.728,1000,1,1,0,0,0
GSM,520,1,50040,597,0,100.596,13.728,1000,1,1,0,0,0
UMTS,520,0,18,137724319,0,100.596,13.728,1000,1,1,0,0,0
GSM,520,99,1605,36174,0,100.598,13.728,1000,1,1,0,0,0
UMTS,520,3,13015,42614101,0,100.6,13.728,1000,1,1,0,0,0
UMTS,520,18,14782,9121928,0,100.589,13.728,1000,1,1,0,0,0
GSM,520,1,24040,729,0,100.591,13.728,1000,1,1,0,0,0
UMTS,520,15,16021,41889842,0,100.587,13.728,1379,1,1,0,0,0
UMTS,520,5,3101,64567810,0,100.599,13.728,2552,1,1,0,0,0
UMTS,520,15,13011,42614877,0,100.596,13.728,1000,1,1,0,0,0
UMTS,520,15,13011,42619686,0,100.599,13.728,1000,1,1,0,0,0
UMTS,520,3,13015,42614883,0,100.593,13.728,1000,1,1,0,0,0
LTE,520,3,843,164356209,0,100.594,13.728,1272,1,1,0,0,0
LTE,520,3,843,164354161,0,100.596,13.728,1000,1,1,0,0,0
LTE,520,3,2020,38069,0,100.598,13.728,1000,1,1,0,0,0
LTE,520,4,2004,9551617,0,100.586,13.728,1123,1,1,0,0,0
UMTS,520,1,843,164354151,0,100.597,13.728,1000,1,1,0,0,0
UMTS,520,5,3101,23662875,0,100.594,13.728,1000,1,1,0,0,0
UMTS,520,1,843,164354150,0,100.598,13.728,1000,1,1,0,0,0
UMTS,520,0,18,7318849,0,100.587,13.728,1000,1,1,0,0,0
UMTS,520,3,13015,42617859,0,100.596,13.728,1000,1,1,0,0,0
UMTS,520,15,13011,42622489,0,100.597,13.728,1000,1,1,0,0,0
UMTS,520,5,3101,64338433,0,100.594,13.728,1000,1,1,0,0,0
LTE,520,4,1010,7913218,0,100.595,13.728,2435,1,1,0,0,0
LTE,520,3,864,157187961,0,100.591,13.728,2498,1,1,0,0,0
UMTS,520,99,396,9951301,0,100.59,13.728,1000,1,1,0,0,0
UMTS,520,4,1605,137730177,0,100.591,13.728,1000,1,1,0,0,0
LTE,520,3,843,164355705,0,100.596,13.728,1416,1,1,0,0,0
GSM,520,1,24040,687,0,100.585,13.728,1000,1,1,0,0,0
LTE,520,3,847,156930661,0,100.591,13.728,3656,1,1,0,0,0
LTE,520,4,20010,1538846,0,100.597,13.728,1000,1,1,0,0,0
UMTS,520,3,13015,42614826,0,100.6,13.728,1000,1,1,0,0,0
UMTS,520,15,13011,42613371,0,100.598,13.728,1377,1,1,0,0,0
LTE,520,3,843,164359281,0,100.599,13.728,2203,1,1,0,0,0
UMTS,520,15,13011,42620979,0,100.595,13.729,1000,1,1,0,0,0
UMTS,520,1,843,164354170,0,100.598,13.729,1000,1,1,0,0,0
LTE,520,3,843,164355961,0,100.596,13.729,6809,1,1,0,0,0
UMTS,520,15,16021,41889401,0,100.586,13.729,1000,1,1,0,0,0
UMTS,520,15,13011,42610178,0,100.596,13.729,1000,1,1,0,0,0
LTE,520,4,20010,1538876,0,100.59,13.729,6741,1,1,0,0,0
UMTS,520,3,7025,42024247,0,100.596,13.729,1000,1,1,0,0,0
UMTS,520,3,13015,42619684,0,100.598,13.729,1000,1,1,0,0,0
GSM,520,18,19,0,0,100.59,13.729,5315,1,1,0,0,0
LTE,520,3,843,164355687,0,100.59,13.729,1000,1,1,0,0,0
UMTS,520,15,13011,42610177,0,100.598,13.729,1000,1,1,0,0,0
UMTS,520,0,18,7318701,0,100.591,13.729,1000,1,1,0,0,0
LTE,520,4,20004,8962876,0,100.591,13.729,1000,1,1,0,0,0
LTE,520,3,375,11052313,0,100.59,13.729,1000,1,1,0,0,0
LTE,520,3,843,164354170,0,100.597,13.729,1000,1,1,0,0,0
LTE,520,3,843,164354150,0,100.597,13.729,1000,1,1,0,0,0
UMTS,520,1,843,164354169,0,100.599,13.729,1000,1,1,0,0,0
UMTS,520,4,1004,8962817,0,100.586,13.729,1000,1,1,0,0,0
UMTS,520,4,1622,137731991,0,100.592,13.729,1000,1,1,0,0,0
LTE,520,4,1010,1538876,0,100.597,13.729,1000,1,1,0,0,0
UMTS,520,99,375,11052323,0,100.59,13.729,1000,1,1,0,0,0
UMTS,520,15,16021,41893426,0,100.588,13.729,1000,1,1,0,0,0
LTE,520,4,1032,21378947,0,100.596,13.729,1000,1,1,0,0,0
UMTS,520,4,18,7332402,0,100.598,13.729,1000,1,1,0,0,0
UMTS,520,99,375,11052303,0,100.591,13.729,1000,1,1,0,0,0
UMTS,520,5,3101,23664672,0,100.599,13.729,1000,1,1,0,0,0
LTE,520,3,843,164354171,0,100.596,13.729,1000,1,1,0,0,0
UMTS,520,5,3101,23662878,0,100.591,13.729,1069,1,1,0,0,0
UMTS,520,3,6353,3275941,0,100.59,13.729,1000,1,1,0,0,0
UMTS,520,3,6353,3275125,0,100.59,13.729,1000,1,1,0,0,0
GSM,520,1,50040,1143,0,100.589,13.729,1000,1,1,0,0,0
LTE,520,3,864,157184101,0,100.588,13.729,1000,1,1,0,0,0
LTE,520,4,1010,3850497,0,100.596,13.729,1000,1,1,0,0,0
UMTS,520,0,18,7331258,0,100.586,13.729,1000,1,1,0,0,0
UMTS,520,3,13015,42614823,0,100.596,13.729,1000,1,1,0,0,0
LTE,520,3,864,157184121,0,100.587,13.729,1000,1,1,0,0,0
LTE,520,3,864,157187440,0,100.586,13.729,3382,1,1,0,0,0
UMTS,520,3,13015,42619946,0,100.597,13.729,5842,1,1,0,0,0
UMTS,520,18,13015,42614827,0,100.597,13.729,1000,1,1,0,0,0
UMTS,520,4,65534,3850527,0,100.596,13.729,1000,1,1,0,0,0
UMTS,520,3,13015,42614881,0,100.592,13.729,1313,1,1,0,0,0
UMTS,520,3,16025,41887594,0,100.586,13.729,1000,1,1,0,0,0
GSM,520,18,14239,854,0,100.585,13.729,1247,1,1,0,0,0
LTE,520,4,1010,1444128,0,100.592,13.729,1000,1,1,0,0,0
UMTS,520,3,7025,42027779,0,100.596,13.729,1000,1,1,0,0,0
GSM,520,99,16061,4137,0,100.596,13.729,1000,1,1,0,0,0
UMTS,520,15,13011,42614816,0,100.599,13.729,1000,1,1,0,0,0
UMTS,520,15,16021,41899640,0,100.588,13.729,1000,1,1,0,0,0
UMTS,520,5,18,7311967,0,100.589,13.729,1000,1,1,0,0,0
LTE,520,4,2004,8962817,0,100.586,13.729,1000,1,1,0,0,0
LTE,520,3,843,164356218,0,100.59,13.729,3475,1,1,0,0,0
LTE,520,3,843,164354156,0,100.596,13.729,1000,1,1,0,0,0
UMTS,520,4,1622,137730177,0,100.589,13.729,1000,1,1,0,0,0
UMTS,520,4,1605,137729002,0,100.592,13.729,2802,1,1,0,0,0
LTE,520,3,864,157184357,0,100.59,13.729,1000,1,1,0,0,0
UMTS,520,3,16025,41915471,0,100.591,13.729,1000,1,1,0,0,0
UMTS,520,4,1605,137725907,0,100.595,13.729,1000,1,1,0,0,0
GSM,520,99,1605,33087,0,100.596,13.729,1000,1,1,0,0,0
UMTS,520,99,843,164363878,0,100.599,13.729,1000,1,1,0,0,0
UMTS,520,0,18,7319683,0,100.586,13.729,1000,1,1,0,0,0
UMTS,520,0,18,7309517,0,100.586,13.729,1000,1,1,0,0,0
UMTS,520,15,13011,42610179,0,100.598,13.729,1000,1,1,0,0,0
LTE,520,5,121,11737857,0,100.6,13.729,1000,1,1,0,0,0
GSM,520,1,50040,1142,0,100.588,13.729,1000,1,1,0,0,0
GSM,520,1,2020,38111,0,100.595,13.729,1000,1,1,0,0,0
UMTS,520,3,16025,41899085,0,100.585,13.729,1399,1,1,0,0,0
LTE,520,3,843,164355697,0,100.594,13.729,1000,1,1,0,0,0
LTE,520,4,2004,8962848,0,100.589,13.729,4757,1,1,0,0,0
LTE,520,3,843,164363898,0,100.599,13.729,1000,1,1,0,0,0
UMTS,520,5,3101,23682488,0,100.597,13.729,1000,1,1,0,0,0
UMTS,520,3,16025,41890595,0,100.586,13.729,1000,1,1,0,0,0
UMTS,520,0,18,7307679,0,100.592,13.729,1000,1,1,0,0,0
GSM,520,1,24040,685,0,100.587,13.729,1000,1,1,0,0,0
UMTS,520,15,16021,41893428,0,100.586,13.729,1000,1,1,0,0,0
UMTS,520,99,1607,36035,0,100.587,13.729,7860,1,1,0,0,0
UMTS,520,3,7025,42035068,0,100.586,13.729,1000,1,1,0,0,0
GSM,520,99,1622,33246,0,100.586,13.729,1000,1,1,0,0,0
UMTS,520,15,13011,42613892,0,100.595,13.729,1000,1,1,0,0,0
GSM,520,18,14239,2394,0,100.6,13.729,1000,1,1,0,0,0
UMTS,520,5,3101,23694884,0,100.599,13.729,1000,1,1,0,0,0
UMTS,520,15,16021,41890329,0,100.586,13.729,1000,1,1,0,0,0
UMTS,520,3,16025,41890328,0,100.586,13.729,1000,1,1,0,0,0
UMTS,520,0,4608,7309517,0,100.586,13.729,1000,1,1,0,0,0
UMTS,520,18,14782,9115441,0,100.586,13.729,1000,1,1,0,0,0
UMTS,520,3,6025,41576317,0,100.586,13.729,1000,1,1,0,0,0
UMTS,520,3,16025,41892005,0,100.586,13.729,1000,1,1,0,0,0
UMTS,520,3,16025,41910132,0,100.586,13.729,1000,1,1,0,0,0
UMTS,520,3,16025,41910106,0,100.586,13.729,1000,1,1,0,0,0
UMTS,520,3,13015,41910130,0,100.586,13.729,1000,1,1,0,0,0
UMTS,520,3,13015,41910116,0,100.586,13.729,1000,1,1,0,0,0
UMTS,520,3,13015,41910126,0,100.586,13.729,1000,1,1,0,0,0
LTE,520,4,1004,8962847,0,100.586,13.729,1000,1,1,0,0,0
UMTS,520,18,14612,7345966,0,100.586,13.729,1000,1,1,0,0,0
UMTS,520,3,7025,42019567,0,100.587,13.729,1000,1,1,0,0,0
UMTS,520,3,16025,41890575,0,100.587,13.729,1000,1,1,0,0,0
UMTS,520,3,13015,41890585,0,100.587,13.729,1000,1,1,0,0,0
UMTS,520,3,7025,42027789,0,100.589,13.729,1000,1,1,0,0,0
UMTS,520,3,16025,41890585,0,100.589,13.729,1000,1,1,0,0,0
UMTS,520,3,13015,41890595,0,100.589,13.729,1000,1,1,0,0,0
UMTS,520,3,13015,41890575,0,100.589,13.729,1000,1,1,0,0,0
UMTS,520,3,10015,41893072,0,100.589,13.729,1000,1,1,0,0,0
GSM,520,1,45010,1311,0,100.589,13.729,1000,1,1,0,0,0
UMTS,520,3,13015,42614873,0,100.59,13.729,1000,1,1,0,0,0
UMTS,520,0,18,7315361,0,100.59,13.729,1000,1,1,0,0,0
UMTS,520,4,1605,137726157,0,100.59,13.729,1000,1,1,0,0,0
LTE,520,4,1004,1444098,0,100.592,13.729,1000,1,1,0,0,0
LTE,520,4,1004,1444128,0,100.592,13.729,1000,1,1,0,0,0
UMTS,520,18,14612,7353878,0,100.592,13.729,1000,1,1,0,0,0
UMTS,520,4,1605,7315351,0,100.592,13.729,1000,1,1,0,0,0
LTE,520,4,1010,1444098,0,100.592,13.729,1000,1,1,0,0,0
LTE,520,4,1004,11397407,0,100.593,13.729,1000,1,1,0,0,0
UMTS,520,0,18,7326351,0,100.593,13.729,1000,1,1,0,0,0
LTE,520,4,1004,11397377,0,100.593,13.729,1000,1,1,0,0,0
UMTS,520,3,16025,41908387,0,100.594,13.729,1000,1,1,0,0,0
UMTS,520,3,13015,42614831,0,100.594,13.729,1000,1,1,0,0,0
UMTS,520,4,1605,7307679,0,100.594,13.729,1000,1,1,0,0,0
UMTS,520,5,3101,23335198,0,100.596,13.729,1000,1,1,0,0,0
UMTS,520,3,16025,41908376,0,100.596,13.729,1000,1,1,0,0,0
UMTS,520,3,16025,41908381,0,100.596,13.729,1000,1,1,0,0,0
UMTS,520,3,16025,41908386,0,100.596,13.729,1000,1,1,0,0,0
UMTS,520,3,13015,42603634,0,100.596,13.729,1000,1,1,0,0,0
LTE,520,4,1004,1444126,0,100.596,13.729,1000,1,1,0,0,0
LTE,520,4,1004,1444096,0,100.596,13.729,1000,1,1,0,0,0
UMTS,520,5,3052,23335199,0,100.596,13.729,1000,1,1,0,0,0
UMTS,520,3,13015,42613892,0,100.596,13.729,1000,1,1,0,0,0
UMTS,520,3,7025,42027777,0,100.597,13.729,1000,1,1,0,0,0
UMTS,520,18,14612,7342263,0,100.597,13.729,1000,1,1,0,0,0
UMTS,520,18,14612,7354469,0,100.597,13.729,1000,1,1,0,0,0
UMTS,520,0,18,7332401,0,100.6,13.729,1000,1,1,0,0,0
UMTS,520,0,18,7332400,0,100.6,13.729,1000,1,1,0,0,0
UMTS,520,4,1605,137725909,0,100.592,13.729,1000,1,1,0,0,0
UMTS,520,0,18,7332429,0,100.593,13.729,1000,1,1,0,0,0
UMTS,520,0,18,7315351,0,100.594,13.729,1000,1,1,0,0,0
UMTS,520,0,18,7332427,0,100.596,13.729,1000,1,1,0,0,0
LTE,520,4,1010,1444096,0,100.596,13.729,1000,1,1,0,0,0
UMTS,520,0,18,7308502,0,100.599,13.729,1000,1,1,0,0,0
LTE,520,3,6410,128600423,0,100.599,13.729,1000,1,1,0,0,0
UMTS,520,15,16021,41888282,0,100.586,13.729,1000,1,1,0,0,0
LTE,520,4,2004,2575648,0,100.586,13.73,5356,1,1,0,0,0
UMTS,520,3,16025,41910117,0,100.585,13.73,1000,1,1,0,0,0
UMTS,520,15,16021,41910116,0,100.586,13.73,1000,1,1,0,0,0
UMTS,520,4,19,7343103,0,100.598,13.73,1754,1,1,0,0,0
UMTS,520,4,1622,137725907,0,100.591,13.73,1000,1,1,0,0,0
LTE,520,4,1010,3850527,0,100.594,13.73,3140,1,1,0,0,0
UMTS,520,3,16025,41910126,0,100.587,13.73,1089,1,1,0,0,0
UMTS,520,5,3101,23682490,0,100.597,13.73,1000,1,1,0,0,0
LTE,520,3,864,157184377,0,100.588,13.73,1000,1,1,0,0,0
LTE,520,4,20010,7913278,0,100.598,13.73,1000,1,1,0,0,0
UMTS,520,15,16021,41893425,0,100.591,13.73,1000,1,1,0,0,0
UMTS,520,15,16021,41888283,0,100.586,13.73,1000,1,1,0,0,0
LTE,520,4,1032,42017411,0,100.596,13.73,1000,1,1,0,0,0
UMTS,520,3,16025,41888282,0,100.586,13.73,1000,1,1,0,0,0
UMTS,520,15,16021,41910117,0,100.586,13.73,1000,1,1,0,0,0
UMTS,520,3,13015,42623264,0,100.598,13.73,1000,1,1,0,0,0
UMTS,520,3,16025,41893422,0,100.592,13.73,1000,1,1,0,0,0
LTE,520,3,843,164356219,0,100.592,13.73,1000,1,1,0,0,0
LTE,520,3,843,164356207,0,100.596,13.73,1000,1,1,0,0,0
UMTS,520,5,3101,23686722,0,100.584,13.73,1000,1,1,0,0,0
GSM,520,1,24040,1250,0,100.587,13.73,1000,1,1,0,0,0
UMTS,520,5,3101,23677123,0,100.591,13.73,1000,1,1,0,0,0
LTE,520,4,1032,42017412,0,100.594,13.73,1000,1,1,0,0,0
LTE,520,18,3101,64311811,0,100.589,13.73,5910,1,1,0,0,0
LTE,520,4,2047,40760451,0,100.593,13.73,1000,1,1,0,0,0
UMTS,520,0,18,7307674,0,100.596,13.73,1000,1,1,0,0,0
UMTS,520,0,18,7331188,0,100.593,13.73,1000,1,1,0,0,0
UMTS,520,15,16021,41910120,0,100.591,13.73,1000,1,1,0,0,0
UMTS,520,3,13015,42615547,0,100.595,13.73,1698,1,1,0,0,0
UMTS,520,5,1023,19877565,0,100.593,13.73,5491,1,1,0,0,0
UMTS,520,15,13011,42620933,0,100.599,13.73,1000,1,1,0,0,0
GSM,520,18,14239,9243,0,100.599,13.73,1000,1,1,0,0,0
UMTS,520,18,14782,9123024,0,100.584,13.73,1000,1,1,0,0,0
UMTS,520,3,13015,42618814,0,100.6,13.73,1000,1,1,0,0,0
UMTS,520,15,13011,42614813,0,100.596,13.73,1000,1,1,0,0,0
UMTS,520,15,13011,42620989,0,100.596,13.73,1000,1,1,0,0,0
UMTS,520,15,13011,42614811,0,100.599,13.73,1000,1,1,0,0,0
UMTS,520,0,18,7309507,0,100.589,13.73,1000,1,1,0,0,0
GSM,520,99,1605,33022,0,100.598,13.73,1000,1,1,0,0,0
UMTS,520,3,16025,41910130,0,100.587,13.73,1000,1,1,0,0,0
UMTS,520,3,13015,42614821,0,100.597,13.73,1000,1,1,0,0,0
LTE,520,3,843,164354154,0,100.6,13.73,1000,1,1,0,0,0
GSM,520,1,4020,39000,0,100.587,13.73,1000,1,1,0,0,0
LTE,520,4,1010,7913248,0,100.596,13.73,2700,1,1,0,0,0
UMTS,520,15,13011,42614872,0,100.596,13.73,1000,1,1,0,0,0
LTE,520,4,41006,1538878,0,100.591,13.73,1000,1,1,0,0,0
UMTS,520,15,13011,42614873,0,100.586,13.73,1000,1,1,0,0,0
LTE,520,18,3101,64516099,0,100.598,13.73,1803,1,1,0,0,0
UMTS,520,3,16025,41890591,0,100.589,13.73,1000,1,1,0,0,0
UMTS,520,4,18,7308502,0,100.597,13.73,1000,1,1,0,0,0
LTE,520,4,2004,8962816,0,100.589,13.73,1000,1,1,0,0,0
UMTS,520,3,13015,42621229,0,100.599,13.73,1000,1,1,0,0,0
LTE,520,5,121,10027779,0,100.592,13.73,1000,1,1,0,0,0
LTE,520,18,3101,64799489,0,100.589,13.73,1000,1,1,0,0,0
UMTS,520,0,18,7319562,0,100.599,13.73,1000,1,1,0,0,0
UMTS,520,4,1605,137734349,0,100.596,13.73,1000,1,1,0,0,0
LTE,520,4,1010,3850496,0,100.597,13.73,1000,1,1,0,0,0
LTE,520,3,843,164354149,0,100.596,13.73,1506,1,1,0,0,0
LTE,520,4,1010,3850526,0,100.597,13.73,1200,1,1,0,0,0
UMTS,520,4,1605,137734350,0,100.595,13.73,1000,1,1,0,0,0
LTE,520,3,843,157443964,0,100.599,13.73,1000,1,1,0,0,0
UMTS,520,15,13011,42621228,0,100.599,13.73,1000,1,1,0,0,0
UMTS,520,15,13015,42620932,0,100.598,13.73,1000,1,1,0,0,0
UMTS,520,15,13011,42609326,0,100.599,13.73,1000,1,1,0,0,0
UMTS,520,3,13015,42620932,0,100.599,13.73,1000,1,1,0,0,0
UMTS,520,15,13011,42615413,0,100.599,13.73,1000,1,1,0,0,0
UMTS,520,0,18,7332402,0,100.599,13.73,1000,1,1,0,0,0
LTE,520,3,864,157194363,0,100.59,13.73,1000,1,1,0,0,0
GSM,520,18,14239,769,0,100.592,13.73,1000,1,1,0,0,0
LTE,520,4,1010,4825857,0,100.597,13.73,1000,1,1,0,0,0
UMTS,520,3,13015,42616566,0,100.596,13.73,1761,1,1,0,0,0
LTE,520,4,20010,7913276,0,100.599,13.73,1000,1,1,0,0,0
UMTS,520,15,13011,42620952,0,100.599,13.73,1000,1,1,0,0,0
LTE,520,3,843,164363883,0,100.599,13.73,1000,1,1,0,0,0
LTE,520,4,2004,8962846,0,100.588,13.73,1234,1,1,0,0,0
UMTS,520,15,16021,41899642,0,100.588,13.73,1470,1,1,0,0,0
UMTS,520,15,13011,42610176,0,100.598,13.73,1000,1,1,0,0,0
UMTS,520,5,3101,23677126,0,100.594,13.73,1000,1,1,0,0,0
LTE,520,4,20010,7913277,0,100.597,13.731,1000,1,1,0,0,0
UMTS,520,4,18,7324691,0,100.597,13.731,1000,1,1,0,0,0
LTE,520,18,3143,64399361,0,100.59,13.731,6478,1,1,0,0,0
UMTS,520,15,13011,42620953,0,100.598,13.731,1000,1,1,0,0,0
LTE,520,5,121,327427,0,100.588,13.731,1000,1,1,0,0,0
UMTS,520,4,1605,137725142,0,100.597,13.731,1000,1,1,0,0,0
UMTS,520,15,16021,41899646,0,100.587,13.731,1000,1,1,0,0,0
LTE,520,3,843,164363878,0,100.6,13.731,1000,1,1,0,0,0
LTE,520,4,2004,8962868,0,100.587,13.731,1000,1,1,0,0,0
LTE,520,5,121,10027778,0,100.594,13.731,1000,1,1,0,0,0
UMTS,520,18,14782,9123942,0,100.594,13.731,1000,1,1,0,0,0
UMTS,520,15,13011,42613891,0,100.597,13.731,1000,1,1,0,0,0
UMTS,520,15,13011,42614821,0,100.598,13.731,1000,1,1,0,0,0
LTE,520,18,121,10739457,0,100.597,13.731,1000,1,1,0,0,0
LTE,520,3,864,157188499,0,100.586,13.731,1000,1,1,0,0,0
LTE,520,3,864,157363557,0,100.587,13.731,1000,1,1,0,0,0
UMTS,520,5,3101,23667727,0,100.586,13.731,2093,1,1,0,0,0
LTE,520,4,1010,2870018,0,100.597,13.731,1000,1,1,0,0,0
LTE,520,4,2004,2194220,0,100.587,13.731,1000,1,1,0,0,0
LTE,520,4,1010,3850498,0,100.596,13.731,1000,1,1,0,0,0
UMTS,520,5,2029,14596803,0,100.595,13.731,1000,1,1,0,0,0
GSM,520,99,16061,4081,0,100.59,13.731,1000,1,1,0,0,0
UMTS,520,0,18,7319684,0,100.586,13.731,1000,1,1,0,0,0
UMTS,520,18,3101,23677124,0,100.588,13.731,1000,1,1,0,0,0
UMTS,520,4,1622,137726147,0,100.587,13.731,1000,1,1,0,0,0
GSM,520,18,14239,765,0,100.584,13.731,1000,1,1,0,0,0
GSM,520,1,24040,1249,0,100.586,13.731,1000,1,1,0,0,0
GSM,520,99,16061,4136,0,100.596,13.731,1000,1,1,0,0,0
LTE,520,3,843,157443963,0,100.596,13.731,1000,1,1,0,0,0
UMTS,520,0,18,7329731,0,100.585,13.731,1000,1,1,0,0,0
UMTS,520,4,1622,8962818,0,100.585,13.731,1000,1,1,0,0,0
UMTS,520,3,7025,42025344,0,100.585,13.731,1000,1,1,0,0,0
UMTS,520,3,7025,42025343,0,100.585,13.731,1000,1,1,0,0,0
UMTS,520,3,6025,41576357,0,100.585,13.731,1000,1,1,0,0,0
UMTS,520,3,16025,41910151,0,100.585,13.731,1000,1,1,0,0,0
GSM,520,1,17010,702,0,100.586,13.731,1000,1,1,0,0,0
GSM,520,18,14209,770,0,100.586,13.731,1000,1,1,0,0,0
GSM,520,18,14209,769,0,100.586,13.731,1000,1,1,0,0,0
GSM,520,18,14209,765,0,100.586,13.731,1000,1,1,0,0,0
UMTS,520,1,55010,4331078,0,100.586,13.731,1000,1,1,0,0,0
UMTS,520,1,55010,4327049,0,100.586,13.731,1000,1,1,0,0,0
UMTS,520,1,55010,4327037,0,100.586,13.731,1000,1,1,0,0,0
UMTS,520,3,7025,42035067,0,100.586,13.731,1000,1,1,0,0,0
UMTS,520,0,4608,7309527,0,100.586,13.731,1000,1,1,0,0,0
UMTS,520,0,4608,7319684,0,100.586,13.731,1000,1,1,0,0,0
LTE,520,5,113,6057218,0,100.586,13.731,1000,1,1,0,0,0
UMTS,520,3,7025,41911976,0,100.586,13.731,1000,1,1,0,0,0
UMTS,520,3,7025,42035077,0,100.586,13.731,1000,1,1,0,0,0
UMTS,520,3,16025,41910110,0,100.586,13.731,1000,1,1,0,0,0
UMTS,520,3,16025,41910115,0,100.586,13.731,1000,1,1,0,0,0
UMTS,520,3,16025,41910120,0,100.586,13.731,1000,1,1,0,0,0
UMTS,520,3,16025,41910141,0,100.586,13.731,1000,1,1,0,0,0
UMTS,520,3,13015,41910120,0,100.586,13.731,1000,1,1,0,0,0
UMTS,520,5,3052,23340044,0,100.586,13.731,1000,1,1,0,0,0
UMTS,520,0,18,137726147,0,100.586,13.731,1000,1,1,0,0,0
UMTS,520,4,1603,7319682,0,100.587,13.731,1000,1,1,0,0,0
UMTS,520,5,3101,23673492,0,100.587,13.731,1000,1,1,0,0,0
UMTS,520,3,16025,41891995,0,100.587,13.731,1000,1,1,0,0,0
UMTS,520,3,13015,41892005,0,100.587,13.731,1000,1,1,0,0,0
LTE,520,4,1004,8962816,0,100.587,13.731,1000,1,1,0,0,0
LTE,520,4,1004,8962846,0,100.587,13.731,1000,1,1,0,0,0
UMTS,520,0,18,7320164,0,100.587,13.731,1000,1,1,0,0,0
LTE,520,4,1001,2194176,0,100.587,13.731,1000,1,1,0,0,0
UMTS,520,4,1622,7309543,0,100.587,13.731,1000,1,1,0,0,0
UMTS,520,0,18,7373208,0,100.587,13.731,1000,1,1,0,0,0
LTE,520,4,1001,2194207,0,100.587,13.731,1000,1,1,0,0,0
UMTS,520,3,16025,41890330,0,100.587,13.731,1000,1,1,0,0,0
UMTS,520,3,16025,42614873,0,100.589,13.731,1000,1,1,0,0,0
UMTS,520,4,1622,137725909,0,100.59,13.731,1000,1,1,0,0,0
UMTS,520,4,1622,137732001,0,100.592,13.731,1000,1,1,0,0,0
UMTS,520,3,45025,42938312,0,100.592,13.731,1000,1,1,0,0,0
GSM,520,99,16061,3937,0,100.594,13.731,1000,1,1,0,0,0
UMTS,520,3,13015,42603647,0,100.597,13.731,1000,1,1,0,0,0
UMTS,520,3,13015,42620988,0,100.597,13.731,1000,1,1,0,0,0
UMTS,520,1,55010,4327009,0,100.598,13.731,1000,1,1,0,0,0
UMTS,520,18,14239,2983753,0,100.598,13.731,1000,1,1,0,0,0
UMTS,520,0,18,7308500,0,100.6,13.731,1000,1,1,0,0,0
UMTS,520,0,18,7319560,0,100.6,13.731,1000,1,1,0,0,0
UMTS,520,4,1605,137734348,0,100.596,13.731,3243,1,1,0,0,0
UMTS,520,15,16021,41887594,0,100.592,13.731,2393,1,1,0,0,0
UMTS,520,15,13011,42619683,0,100.597,13.731,1000,1,1,0,0,0
UMTS,520,3,13015,42620952,0,100.597,13.731,1000,1,1,0,0,0
UMTS,520,3,13015,42620953,0,100.597,13.731,1000,1,1,0,0,0
UMTS,520,3,13015,42619683,0,100.597,13.731,1000,1,1,0,0,0
LTE,520,4,1032,21378946,0,100.597,13.731,1000,1,1,0,0,0
UMTS,520,3,13015,42610176,0,100.597,13.731,1000,1,1,0,0,0
UMTS,520,3,13015,42616562,0,100.598,13.731,1000,1,1,0,0,0
UMTS,520,3,13015,42614811,0,100.597,13.731,1000,1,1,0,0,0
LTE,520,3,864,157187946,0,100.587,13.731,1000,1,1,0,0,0
UMTS,520,15,13011,42620932,0,100.599,13.731,1411,1,1,0,0,0
LTE,520,4,16025,41899445,0,100.595,13.731,1876,1,1,0,0,0
UMTS,520,3,16025,41910125,0,100.587,13.731,1000,1,1,0,0,0
LTE,520,3,843,164363897,0,100.587,13.731,7850,1,1,0,0,0
LTE,520,18,3101,64311810,0,100.589,13.731,2496,1,1,0,0,0
UMTS,520,15,16025,41888096,0,100.586,13.731,1000,1,1,0,0,0
UMTS,520,15,16025,41888284,0,100.586,13.731,1000,1,1,0,0,0
UMTS,520,18,14782,9113718,0,100.588,13.731,2838,1,1,0,0,0
LTE,520,3,888,41986713,0,100.599,13.731,3959,1,1,0,0,0
LTE,520,3,864,157188459,0,100.586,13.731,1000,1,1,0,0,0
LTE,520,3,864,157191276,0,100.586,13.731,1000,1,1,0,0,0
UMTS,520,4,1605,137726167,0,100.587,13.731,1000,1,1,0,0,0
LTE,520,4,2004,11397407,0,100.592,13.731,1000,1,1,0,0,0
GSM,520,1,24040,1251,0,100.585,13.731,1000,1,1,0,0,0
LTE,520,3,843,164356197,0,100.597,13.731,1389,1,1,0,0,0
UMTS,520,15,16021,41887857,0,100.584,13.731,1609,1,1,0,0,0
LTE,520,3,864,157322119,0,100.585,13.731,1000,1,1,0,0,0
UMTS,520,0,18,7319682,0,100.588,13.731,1000,1,1,0,0,0
UMTS,520,15,13011,42619673,0,100.6,13.731,1000,1,1,0,0,0
UMTS,520,15,16021,41890330,0,100.585,13.731,1000,1,1,0,0,0
LTE,520,4,1032,21353347,0,100.597,13.731,1000,1,1,0,0,0
LTE,520,3,843,164354159,0,100.594,13.731,1259,1,1,0,0,0
UMTS,520,3,13015,42620942,0,100.599,13.731,1000,1,1,0,0,0
UMTS,520,5,3101,23694882,0,100.598,13.731,1000,1,1,0,0,0
LTE,520,4,2004,11397408,0,100.592,13.731,1000,1,1,0,0,0
UMTS,520,4,1622,137726157,0,100.587,13.731,4592,1,1,0,0,0
UMTS,520,15,13011,42614881,0,100.597,13.731,1000,1,1,0,0,0
UMTS,520,3,7025,42035057,0,100.586,13.731,1000,1,1,0,0,0
UMTS,520,0,18,7331259,0,100.586,13.731,1000,1,1,0,0,0
LTE,520,4,1004,8962848,0,100.586,13.731,1000,1,1,0,0,0
LTE,520,5,121,7736836,0,100.586,13.731,1000,1,1,0,0,0
UMTS,520,5,3101,23669467,0,100.586,13.731,1000,1,1,0,0,0
LTE,520,3,864,157187971,0,100.586,13.731,1000,1,1,0,0,0
UMTS,520,1,864,157319269,0,100.584,13.731,1000,1,1,0,0,0
UMTS,520,15,16021,41888293,0,100.587,13.731,1000,1,1,0,0,0
UMTS,520,3,617,42027777,0,100.598,13.731,1000,1,1,0,0,0
UMTS,520,1,55010,4327007,0,100.599,13.731,1000,1,1,0,0,0
UMTS,520,15,16021,41890585,0,100.587,13.731,1065,1,1,0,0,0
UMTS,520,4,1004,8962818,0,100.587,13.731,1000,1,1,0,0,0
UMTS,520,15,16021,41890328,0,100.587,13.731,1000,1,1,0,0,0
UMTS,520,0,18,7309527,0,100.585,13.731,1000,1,1,0,0,0
UMTS,520,4,1605,137731981,0,100.595,13.731,1000,1,1,0,0,0
UMTS,520,15,13011,42614033,0,100.585,13.731,1000,1,1,0,0,0
GSM,520,99,1605,33091,0,100.594,13.731,1875,1,1,0,0,0
UMTS,520,4,1602,137732122,0,100.587,13.732,7768,1,1,0,0,0
GSM,520,1,24040,522,0,100.585,13.732,1000,1,1,0,0,0
UMTS,520,0,19,7332427,0,100.597,13.732,1000,1,1,0,0,0
UMTS,520,5,1618,2426,0,100.594,13.732,2176,1,1,0,0,0
LTE,520,18,3101,64567810,0,100.598,13.732,2531,1,1,0,0,0
GSM,520,99,1622,33247,0,100.584,13.732,1000,1,1,0,0,0
UMTS,520,15,16021,41910151,0,100.586,13.732,1000,1,1,0,0,0
LTE,520,3,864,157191401,0,100.584,13.732,1000,1,1,0,0,0
GSM,520,99,1605,36176,0,100.595,13.732,1000,1,1,0,0,0
UMTS,520,5,14782,9113718,0,100.589,13.732,1000,1,1,0,0,0
UMTS,520,18,14782,9115438,0,100.588,13.732,3377,1,1,0,0,0
LTE,520,18,3101,64567811,0,100.595,13.732,1000,1,1,0,0,0
UMTS,520,15,13011,42613890,0,100.597,13.732,1000,1,1,0,0,0
LTE,520,3,843,157443944,0,100.599,13.732,1835,1,1,0,0,0
UMTS,520,3,16025,41903846,0,100.597,13.732,1000,1,1,0,0,0
UMTS,520,3,16025,41914328,0,100.585,13.732,1000,1,1,0,0,0
LTE,520,4,1010,4825888,0,100.596,13.732,2481,1,1,0,0,0
UMTS,520,5,3101,23677128,0,100.592,13.732,1000,1,1,0,0,0
LTE,520,4,1010,4825887,0,100.598,13.732,2510,1,1,0,0,0
UMTS,520,4,18,7319562,0,100.597,13.732,1000,1,1,0,0,0
LTE,520,3,864,157191271,0,100.584,13.732,1000,1,1,0,0,0
UMTS,520,4,1605,137725161,0,100.587,13.732,1000,1,1,0,0,0
UMTS,520,5,3101,23667724,0,100.586,13.732,1000,1,1,0,0,0
UMTS,520,3,5215,3388813,0,100.598,13.732,1000,1,1,0,0,0
UMTS,520,18,14782,9123941,0,100.597,13.732,1000,1,1,0,0,0
LTE,520,3,864,157191018,0,100.583,13.732,1000,1,1,0,0,0
LTE,520,3,864,157188454,0,100.586,13.732,1000,1,1,0,0,0
UMTS,520,3,16025,41890602,0,100.587,13.732,1225,1,1,0,0,0
LTE,520,3,864,157184108,0,100.587,13.732,1000,1,1,0,0,0
LTE,520,3,864,157188498,0,100.587,13.732,1000,1,1,0,0,0
UMTS,520,3,16025,41903856,0,100.597,13.732,1000,1,1,0,0,0
LTE,520,3,843,157190001,0,100.594,13.732,1000,1,1,0,0,0
LTE,520,18,121,10027780,0,100.59,13.732,1000,1,1,0,0,0
UMTS,520,5,3101,23662428,0,100.591,13.732,1000,1,1,0,0,0
UMTS,520,5,3101,23664673,0,100.598,13.732,1000,1,1,0,0,0
UMTS,520,18,3101,64626178,0,100.585,13.732,1000,1,1,0,0,0
UMTS,520,4,1622,137726119,0,100.585,13.732,1000,1,1,0,0,0
LTE,520,18,3101,64440065,0,100.587,13.732,6231,1,1,0,0,0
UMTS,520,3,16025,41899478,0,100.591,13.732,1129,1,1,0,0,0
UMTS,520,15,13011,42622709,0,100.598,13.732,3178,1,1,0,0,0
LTE,520,5,121,10027780,0,100.589,13.732,2791,1,1,0,0,0
GSM,520,5,3052,14998,0,100.585,13.732,1000,1,1,0,0,0
GSM,520,5,3052,14997,0,100.585,13.732,1000,1,1,0,0,0
GSM,520,5,3052,15000,0,100.585,13.732,1000,1,1,0,0,0
UMTS,520,5,3101,23673491,0,100.585,13.732,1000,1,1,0,0,0
UMTS,520,3,7025,42023737,0,100.585,13.732,1000,1,1,0,0,0
UMTS,520,3,7025,42025354,0,100.585,13.732,1000,1,1,0,0,0
UMTS,520,3,6025,41564975,0,100.585,13.732,1000,1,1,0,0,0
UMTS,520,3,16025,41891865,0,100.585,13.732,1000,1,1,0,0,0
UMTS,520,3,16025,41910161,0,100.585,13.732,1000,1,1,0,0,0
UMTS,520,3,16025,41914787,0,100.585,13.732,1000,1,1,0,0,0
UMTS,520,3,16025,41910112,0,100.585,13.732,1000,1,1,0,0,0
UMTS,520,3,16025,41910122,0,100.585,13.732,1000,1,1,0,0,0
UMTS,520,3,16025,41910142,0,100.585,13.732,1000,1,1,0,0,0
UMTS,520,3,16025,41910137,0,100.585,13.732,1000,1,1,0,0,0
UMTS,520,3,16025,41911981,0,100.585,13.732,1000,1,1,0,0,0
LTE,520,4,1001,2194177,0,100.585,13.732,1000,1,1,0,0,0
UMTS,520,0,18,7307857,0,100.585,13.732,1000,1,1,0,0,0
UMTS,520,0,18,7319788,0,100.585,13.732,1000,1,1,0,0,0
LTE,520,5,113,422659,0,100.586,13.732,1000,1,1,0,0,0
UMTS,520,3,6025,41576346,0,100.586,13.732,1000,1,1,0,0,0
UMTS,520,3,16025,41910136,0,100.586,13.732,1000,1,1,0,0,0
UMTS,520,3,16025,41910146,0,100.586,13.732,1000,1,1,0,0,0
UMTS,520,0,18,7330810,0,100.586,13.732,1000,1,1,0,0,0
UMTS,520,3,7025,41896376,0,100.587,13.732,1000,1,1,0,0,0
UMTS,520,3,7025,42025348,0,100.587,13.732,1000,1,1,0,0,0
UMTS,520,3,7025,42025338,0,100.587,13.732,1000,1,1,0,0,0
UMTS,520,3,6025,41576305,0,100.587,13.732,1000,1,1,0,0,0
UMTS,520,3,6025,41576315,0,100.587,13.732,1000,1,1,0,0,0
UMTS,520,3,16025,41891985,0,100.587,13.732,1000,1,1,0,0,0
UMTS,520,3,16025,41910105,0,100.587,13.732,1000,1,1,0,0,0
UMTS,520,3,16025,41911986,0,100.587,13.732,1000,1,1,0,0,0
UMTS,520,3,13015,41910125,0,100.587,13.732,1000,1,1,0,0,0
UMTS,520,5,3052,23340047,0,100.587,13.732,1000,1,1,0,0,0
UMTS,520,0,19,7396764,0,100.587,13.732,1000,1,1,0,0,0
UMTS,520,0,18,7331189,0,100.592,13.732,1000,1,1,0,0,0
GSM,520,99,16061,4112,0,100.594,13.732,1000,1,1,0,0,0
UMTS,520,0,18,7331187,0,100.596,13.732,1000,1,1,0,0,0
UMTS,520,3,7025,42035973,0,100.597,13.732,1000,1,1,0,0,0
UMTS,520,3,16025,41908385,0,100.597,13.732,1000,1,1,0,0,0
UMTS,520,0,18,7315341,0,100.597,13.732,1000,1,1,0,0,0
UMTS,520,15,54066,42620992,0,100.597,13.732,1000,1,1,0,0,0
UMTS,520,1,55010,4326408,0,100.598,13.732,1000,1,1,0,0,0
UMTS,520,0,18,7330808,0,100.584,13.732,1000,1,1,0,0,0
GSM,520,5,3052,14995,0,100.585,13.732,1000,1,1,0,0,0
GSM,520,99,1622,33336,0,100.586,13.732,1000,1,1,0,0,0
GSM,520,1,24040,530,0,100.586,13.732,1000,1,1,0,0,0
GSM,520,1,24040,731,0,100.588,13.732,1000,1,1,0,0,0
GSM,520,99,1622,33657,0,100.59,13.732,1000,1,1,0,0,0
GSM,520,99,16061,4111,0,100.597,13.732,1000,1,1,0,0,0
UMTS,520,3,13015,42621132,0,100.599,13.732,1000,1,1,0,0,0
UMTS,520,15,13011,42620995,0,100.587,13.732,2278,1,1,0,0,0
LTE,520,3,843,157189990,0,100.597,13.732,1000,1,1,0,0,0
GSM,520,18,14239,1652,0,100.589,13.732,1000,1,1,0,0,0
LTE,520,3,843,157443946,0,100.599,13.732,1000,1,1,0,0,0
UMTS,520,4,18,7330810,0,100.586,13.732,1000,1,1,0,0,0
UMTS,520,3,13015,42616567,0,100.595,13.732,1000,1,1,0,0,0
LTE,520,3,864,157188497,0,100.587,13.732,1000,1,1,0,0,0
LTE,520,5,121,422658,0,100.591,13.732,1000,1,1,0,0,0
LTE,520,3,864,157194343,0,100.59,13.732,1000,1,1,0,0,0
UMTS,520,15,13015,42615632,0,100.594,13.732,1000,1,1,0,0,0
UMTS,520,5,3101,23682489,0,100.597,13.732,1717,1,1,0,0,0
GSM,520,99,1622,33417,0,100.585,13.732,1000,1,1,0,0,0
LTE,520,3,375,11055501,0,100.598,13.732,1000,1,1,0,0,0
LTE,520,4,2047,41886852,0,100.587,13.732,1000,1,1,0,0,0
UMTS,520,18,14782,9122476,0,100.598,13.732,1000,1,1,0,0,0
UMTS,520,0,18,7307907,0,100.586,13.732,1000,1,1,0,0,0
UMTS,520,15,16021,41890616,0,100.583,13.732,1000,1,1,0,0,0
UMTS,520,15,13011,42622365,0,100.596,13.732,7554,1,1,0,0,0
LTE,520,5,121,5314818,0,100.597,13.732,1000,1,1,0,0,0
UMTS,520,18,14782,9123204,0,100.592,13.732,1000,1,1,0,0,0
UMTS,520,4,1622,137724313,0,100.587,13.732,1097,1,1,0,0,0
UMTS,520,15,16021,41887604,0,100.588,13.733,3369,1,1,0,0,0
UMTS,520,15,13011,42615531,0,100.594,13.733,1000,1,1,0,0,0
LTE,520,3,843,164355706,0,100.594,13.733,1000,1,1,0,0,0
LTE,520,3,864,157185402,0,100.591,13.733,1000,1,1,0,0,0
UMTS,520,4,1622,137731981,0,100.594,13.733,1000,1,1,0,0,0
UMTS,520,15,13011,42621227,0,100.599,13.733,1000,1,1,0,0,0
LTE,520,3,843,157189991,0,100.593,13.733,1000,1,1,0,0,0
UMTS,520,15,13011,42619668,0,100.6,13.733,2123,1,1,0,0,0
GSM,520,99,1605,33023,0,100.597,13.733,1000,1,1,0,0,0
UMTS,520,15,13011,42622569,0,100.596,13.733,2032,1,1,0,0,0
UMTS,520,3,16025,41914277,0,100.591,13.733,1533,1,1,0,0,0
UMTS,520,15,13011,42618934,0,100.598,13.733,1000,1,1,0,0,0
UMTS,520,15,13015,42616552,0,100.598,13.733,1000,1,1,0,0,0
UMTS,520,15,13011,42618803,0,100.598,13.733,1000,1,1,0,0,0
UMTS,520,15,13011,42616977,0,100.592,13.733,6795,1,1,0,0,0
UMTS,520,5,3101,23677127,0,100.597,13.733,2758,1,1,0,0,0
UMTS,520,5,3101,23667728,0,100.584,13.733,1000,1,1,0,0,0
UMTS,520,3,13015,42620527,0,100.598,13.733,1000,1,1,0,0,0
UMTS,520,15,13011,42620931,0,100.598,13.733,1000,1,1,0,0,0
UMTS,520,3,13011,42618934,0,100.598,13.733,1000,1,1,0,0,0
GSM,520,1,24040,533,0,100.587,13.733,1000,1,1,0,0,0
UMTS,520,3,16025,41910162,0,100.585,13.733,1000,1,1,0,0,0
GSM,520,18,14239,324,0,100.596,13.733,1000,1,1,0,0,0
LTE,520,3,864,157188464,0,100.585,13.733,2500,1,1,0,0,0
UMTS,520,15,13011,42620988,0,100.597,13.733,1000,1,1,0,0,0
UMTS,520,15,16025,41899085,0,100.584,13.733,1000,1,1,0,0,0
LTE,520,3,824,157320293,0,100.591,13.733,4541,1,1,0,0,0
UMTS,520,15,16021,41888289,0,100.584,13.733,1000,1,1,0,0,0
LTE,520,3,864,157185382,0,100.59,13.733,1000,1,1,0,0,0
LTE,520,3,843,164363879,0,100.594,13.733,1159,1,1,0,0,0
UMTS,520,4,1617,131222386,0,100.597,13.733,1000,1,1,0,0,0
GSM,520,1,2020,38240,0,100.597,13.733,1000,1,1,0,0,0
UMTS,520,3,13015,42618813,0,100.599,13.733,1805,1,1,0,0,0
LTE,520,3,843,157190011,0,100.592,13.733,1000,1,1,0,0,0
LTE,520,3,864,157191013,0,100.593,13.733,7750,1,1,0,0,0
LTE,520,3,864,157188227,0,100.587,13.733,1000,1,1,0,0,0
UMTS,520,0,18,7396768,0,100.597,13.733,1000,1,1,0,0,0
UMTS,520,5,3101,23664676,0,100.598,13.733,1000,1,1,0,0,0
LTE,520,5,184,5552899,0,100.596,13.733,7730,1,1,0,0,0
LTE,520,5,122,11402502,0,100.591,13.733,1000,1,1,0,0,0
UMTS,520,5,3101,23662429,0,100.587,13.733,1000,1,1,0,0,0
UMTS,520,5,3101,23666490,0,100.587,13.733,1000,1,1,0,0,0
LTE,520,3,843,157190010,0,100.597,13.733,3841,1,1,0,0,0
GSM,520,99,16061,3948,0,100.586,13.733,1000,1,1,0,0,0
LTE,520,4,2004,26496286,0,100.584,13.733,1864,1,1,0,0,0
LTE,520,3,843,157443947,0,100.598,13.733,1000,1,1,0,0,0
UMTS,520,18,14782,9121787,0,100.587,13.733,1149,1,1,0,0,0
LTE,520,18,3143,64759298,0,100.595,13.733,3850,1,1,0,0,0
LTE,520,4,2004,11397376,0,100.593,13.733,1000,1,1,0,0,0
UMTS,520,5,3101,23678916,0,100.587,13.733,1000,1,1,0,0,0
GSM,520,99,1605,36133,0,100.597,13.733,1000,1,1,0,0,0
LTE,520,3,375,11052121,0,100.599,13.733,1000,1,1,0,0,0
LTE,520,4,2004,1513247,0,100.586,13.733,2139,1,1,0,0,0
UMTS,520,15,13011,42618804,0,100.599,13.733,1000,1,1,0,0,0
LTE,520,3,843,164356217,0,100.597,13.733,1000,1,1,0,0,0
UMTS,520,3,13015,42615653,0,100.598,13.733,1000,1,1,0,0,0
LTE,520,3,375,9990323,0,100.592,13.733,1000,1,1,0,0,0
LTE,520,4,2004,9989406,0,100.597,13.733,1000,1,1,0,0,0
UMTS,520,3,13015,42616553,0,100.596,13.733,1000,1,1,0,0,0
LTE,520,4,2004,2194178,0,100.585,13.733,1000,1,1,0,0,0
LTE,520,4,20010,5880638,0,100.592,13.733,3410,1,1,0,0,0
LTE,520,3,864,157188197,0,100.587,13.733,1000,1,1,0,0,0
LTE,520,3,5146,128222309,0,100.599,13.733,1000,1,1,0,0,0
UMTS,520,3,16025,41910158,0,100.585,13.733,1000,1,1,0,0,0
UMTS,520,1,3101,64338433,0,100.597,13.733,1000,1,1,0,0,0
UMTS,520,15,13011,42620951,0,100.599,13.733,1000,1,1,0,0,0
UMTS,520,5,3101,23666713,0,100.597,13.733,1000,1,1,0,0,0
UMTS,520,99,375,9990403,0,100.599,13.733,1000,1,1,0,0,0
UMTS,520,15,13011,42620618,0,100.598,13.733,1000,1,1,0,0,0
UMTS,520,4,1622,137724268,0,100.584,13.733,3473,1,1,0,0,0
UMTS,520,15,16021,41890333,0,100.585,13.733,1000,1,1,0,0,0
UMTS,520,3,16025,41910157,0,100.585,13.733,1000,1,1,0,0,0
LTE,520,3,843,157189754,0,100.596,13.733,3837,1,1,0,0,0
UMTS,520,0,19,7373208,0,100.587,13.733,1000,1,1,0,0,0
UMTS,520,18,843,157189733,0,100.596,13.734,1000,1,1,0,0,0
UMTS,520,3,16025,41888284,0,100.586,13.734,1000,1,1,0,0,0
UMTS,520,4,1605,137724448,0,100.6,13.734,1000,1,1,0,0,0
LTE,520,5,121,2365697,0,100.599,13.734,1000,1,1,0,0,0
UMTS,520,3,13015,42615632,0,100.598,13.734,1000,1,1,0,0,0
UMTS,520,15,1012,6754130,0,100.585,13.734,1000,1,1,0,0,0
UMTS,520,3,7025,42025347,0,100.587,13.734,1000,1,1,0,0,0
UMTS,520,3,7025,42025547,0,100.587,13.734,1000,1,1,0,0,0
UMTS,520,3,7025,42025337,0,100.587,13.734,1000,1,1,0,0,0
UMTS,520,3,6025,41576336,0,100.587,13.734,1000,1,1,0,0,0
UMTS,520,3,16025,41910135,0,100.587,13.734,1000,1,1,0,0,0
UMTS,520,3,16025,41911985,0,100.587,13.734,1000,1,1,0,0,0
UMTS,520,3,16025,41910145,0,100.587,13.734,1000,1,1,0,0,0
UMTS,520,3,16025,42224055,0,100.587,13.734,1000,1,1,0,0,0
LTE,520,4,1004,1513247,0,100.587,13.734,1000,1,1,0,0,0
UMTS,520,5,3052,23334752,0,100.587,13.734,1000,1,1,0,0,0
LTE,520,4,1004,11397408,0,100.592,13.734,1000,1,1,0,0,0
UMTS,520,5,3101,23677125,0,100.593,13.734,1000,1,1,0,0,0
UMTS,520,3,13015,42616556,0,100.594,13.734,1000,1,1,0,0,0
UMTS,520,15,13011,42622370,0,100.594,13.734,1000,1,1,0,0,0
GSM,520,18,10201,20763,0,100.596,13.734,1000,1,1,0,0,0
GSM,520,1,29040,926,0,100.596,13.734,1000,1,1,0,0,0
GSM,520,1,29040,925,0,100.596,13.734,1000,1,1,0,0,0
LTE,520,4,1004,11397406,0,100.596,13.734,1000,1,1,0,0,0
UMTS,520,3,13015,42616547,0,100.596,13.734,1000,1,1,0,0,0
UMTS,520,3,3025,42003682,0,100.597,13.734,1000,1,1,0,0,0
UMTS,520,3,3025,42006122,0,100.597,13.734,1000,1,1,0,0,0
UMTS,520,3,7025,42035638,0,100.597,13.734,1000,1,1,0,0,0
UMTS,520,3,13015,42603786,0,100.597,13.734,1000,1,1,0,0,0
UMTS,520,0,19,7388562,0,100.597,13.734,1000,1,1,0,0,0
UMTS,520,0,19,7378012,0,100.597,13.734,1000,1,1,0,0,0
UMTS,520,3,13015,42616542,0,100.597,13.734,1000,1,1,0,0,0
LTE,520,5,105,3113217,0,100.592,13.734,1000,1,1,0,0,0
UMTS,520,3,13015,42616546,0,100.595,13.734,1000,1,1,0,0,0
UMTS,520,3,13015,42616551,0,100.595,13.734,1000,1,1,0,0,0
UMTS,520,3,13015,42616561,0,100.595,13.734,1000,1,1,0,0,0
UMTS,520,5,3101,23662432,0,100.587,13.734,1000,1,1,0,0,0
UMTS,520,0,18,7396764,0,100.588,13.734,1000,1,1,0,0,0
UMTS,520,15,13011,42616552,0,100.596,13.734,1605,1,1,0,0,0
LTE,520,3,843,157443943,0,100.599,13.734,1000,1,1,0,0,0
UMTS,520,15,16021,41893075,0,100.587,13.734,1000,1,1,0,0,0
GSM,520,1,4020,38368,0,100.587,13.734,1000,1,1,0,0,0
UMTS,520,3,13015,42616541,0,100.595,13.734,1000,1,1,0,0,0
LTE,520,4,1010,4825856,0,100.598,13.734,1000,1,1,0,0,0
UMTS,520,5,3101,23683439,0,100.586,13.734,1000,1,1,0,0,0
LTE,520,4,20010,27161916,0,100.597,13.734,1000,1,1,0,0,0
UMTS,520,4,1622,137728447,0,100.588,13.734,1521,1,1,0,0,0
LTE,520,3,375,9953603,0,100.594,13.734,1000,1,1,0,0,0
LTE,520,4,5010,1523486,0,100.598,13.734,8866,1,1,0,0,0
LTE,520,3,864,157187962,0,100.584,13.734,8836,1,1,0,0,0
UMTS,520,15,13011,42618936,0,100.597,13.734,1000,1,1,0,0,0
UMTS,520,0,18,7319778,0,100.587,13.734,1064,1,1,0,0,0
LTE,520,5,3143,64596227,0,100.592,13.734,2637,1,1,0,0,0
UMTS,520,3,16025,41910155,0,100.589,13.734,1000,1,1,0,0,0
GSM,520,99,1622,33714,0,100.588,13.734,1000,1,1,0,0,0
UMTS,520,3,13015,42616987,0,100.599,13.734,7131,1,1,0,0,0
UMTS,520,15,13011,42614871,0,100.598,13.734,1000,1,1,0,0,0
LTE,520,3,864,157194341,0,100.585,13.734,3452,1,1,0,0,0
UMTS,520,0,18,7331257,0,100.587,13.734,1489,1,1,0,0,0
GSM,520,18,14239,320,0,100.596,13.734,1000,1,1,0,0,0
LTE,520,3,843,157190009,0,100.597,13.734,1000,1,1,0,0,0
UMTS,520,15,13011,42620633,0,100.6,13.734,1000,1,1,0,0,0
GSM,520,1,17010,703,0,100.584,13.734,1000,1,1,0,0,0
UMTS,520,0,19,7373345,0,100.598,13.734,1000,1,1,0,0,0
LTE,520,4,1032,21353346,0,100.598,13.734,1000,1,1,0,0,0
LTE,520,3,843,164356199,0,100.588,13.734,5506,1,1,0,0,0
UMTS,520,4,1605,137729003,0,100.595,13.734,1000,1,1,0,0,0
UMTS,520,3,16025,41903845,0,100.597,13.734,1000,1,1,0,0,0
UMTS,520,15,16021,41889666,0,100.588,13.734,1000,1,1,0,0,0
UMTS,520,15,13011,42623264,0,100.598,13.734,1000,1,1,0,0,0
LTE,520,3,843,157494378,0,100.598,13.734,1000,1,1,0,0,0
GSM,520,99,1622,33656,0,100.59,13.734,1000,1,1,0,0,0
UMTS,520,4,1004,1513217,0,100.587,13.734,1000,1,1,0,0,0
LTE,520,18,3101,64626177,0,100.585,13.734,1000,1,1,0,0,0
UMTS,520,4,1622,137724312,0,100.59,13.734,5903,1,1,0,0,0
LTE,520,3,843,157443696,0,100.6,13.734,1000,1,1,0,0,0
UMTS,520,15,13011,42615868,0,100.599,13.734,1000,1,1,0,0,0
UMTS,520,0,18,7326341,0,100.597,13.734,1000,1,1,0,0,0
UMTS,520,0,19,7384407,0,100.597,13.734,1000,1,1,0,0,0
GSM,520,1,24040,1362,0,100.599,13.734,1000,1,1,0,0,0
UMTS,520,3,13015,42615652,0,100.599,13.734,1000,1,1,0,0,0
LTE,520,3,824,157440614,0,100.589,13.734,1759,1,1,0,0,0
LTE,520,4,20004,27929916,0,100.586,13.734,1374,1,1,0,0,0
UMTS,520,15,16021,41890408,0,100.589,13.734,3858,1,1,0,0,0
UMTS,520,15,13011,42620527,0,100.596,13.734,1000,1,1,0,0,0
UMTS,520,15,13015,42620941,0,100.591,13.734,1000,1,1,0,0,0
UMTS,520,3,13011,42622569,0,100.598,13.734,1000,1,1,0,0,0
LTE,520,18,1023,64789251,0,100.59,13.734,8813,1,1,0,0,0
LTE,520,5,121,422659,0,100.585,13.734,1000,1,1,0,0,0
UMTS,520,3,7025,42025559,0,100.588,13.734,1000,1,1,0,0,0
UMTS,520,18,3101,23664676,0,100.597,13.734,1000,1,1,0,0,0
LTE,520,3,802,165390693,0,100.597,13.734,1000,1,1,0,0,0
UMTS,520,3,13015,42616533,0,100.591,13.735,1000,1,1,0,0,0
UMTS,520,4,1603,131207326,0,100.592,13.735,11378,1,1,0,0,0
GSM,520,99,1605,37472,0,100.597,13.735,1000,1,1,0,0,0
LTE,520,3,843,157189734,0,100.597,13.735,1000,1,1,0,0,0
UMTS,520,5,3101,23664674,0,100.6,13.735,1000,1,1,0,0,0
LTE,520,4,20004,1513277,0,100.588,13.735,1000,1,1,0,0,0
LTE,520,4,6005,412190,0,100.585,13.735,2653,1,1,0,0,0
UMTS,520,15,13011,42621132,0,100.599,13.735,1000,1,1,0,0,0
GSM,520,99,2010,7710,0,100.596,13.735,8324,1,1,0,0,0
GSM,520,18,14239,9241,0,100.599,13.735,1748,1,1,0,0,0
UMTS,520,3,3025,42003692,0,100.598,13.735,1000,1,1,0,0,0
UMTS,520,4,1605,137724449,0,100.599,13.735,1000,1,1,0,0,0
UMTS,520,18,3101,23662428,0,100.589,13.735,1000,1,1,0,0,0
LTE,520,3,864,157185413,0,100.588,13.735,1000,1,1,0,0,0
UMTS,520,5,3101,23666712,0,100.597,13.735,1000,1,1,0,0,0
UMTS,520,15,13011,42618802,0,100.599,13.735,1000,1,1,0,0,0
UMTS,520,5,14782,9113721,0,100.588,13.735,1000,1,1,0,0,0
UMTS,520,3,13015,42616522,0,100.598,13.735,1000,1,1,0,0,0
UMTS,520,15,13011,42619739,0,100.6,13.735,1649,1,1,0,0,0
UMTS,520,0,19,7392084,0,100.596,13.735,3292,1,1,0,0,0
UMTS,520,5,3101,23662431,0,100.592,13.735,1000,1,1,0,0,0
UMTS,520,4,19,7395046,0,100.597,13.735,1000,1,1,0,0,0
UMTS,520,18,3101,23666712,0,100.597,13.735,1000,1,1,0,0,0
UMTS,520,18,3101,23666709,0,100.597,13.735,1000,1,1,0,0,0
LTE,520,5,121,5314817,0,100.598,13.735,1000,1,1,0,0,0
UMTS,520,5,19,7384407,0,100.599,13.735,1000,1,1,0,0,0
UMTS,520,3,13015,42313522,0,100.597,13.735,1000,1,1,0,0,0
UMTS,520,4,1622,137725988,0,100.588,13.735,1000,1,1,0,0,0
UMTS,520,3,13015,42622569,0,100.598,13.735,1000,1,1,0,0,0
LTE,520,3,864,157191272,0,100.583,13.735,1588,1,1,0,0,0
LTE,520,3,864,157185388,0,100.588,13.735,2235,1,1,0,0,0
UMTS,520,15,13011,42609328,0,100.598,13.735,1000,1,1,0,0,0
UMTS,520,3,13015,42616563,0,100.591,13.735,1000,1,1,0,0,0
UMTS,520,18,14782,9121784,0,100.593,13.735,1000,1,1,0,0,0
GSM,520,1,50040,601,0,100.589,13.735,2467,1,1,0,0,0
LTE,520,3,864,157315941,0,100.584,13.735,1000,1,1,0,0,0
UMTS,520,0,18,7307757,0,100.584,13.735,1000,1,1,0,0,0
UMTS,520,15,1102,6884453,0,100.585,13.735,1000,1,1,0,0,0
UMTS,520,1,1004,11435777,0,100.585,13.735,1000,1,1,0,0,0
UMTS,520,0,18,7319787,0,100.585,13.735,1000,1,1,0,0,0
UMTS,520,0,18,7330807,0,100.585,13.735,1000,1,1,0,0,0
UMTS,520,3,6025,41576345,0,100.587,13.735,1000,1,1,0,0,0
UMTS,520,3,6025,41564307,0,100.587,13.735,1000,1,1,0,0,0
UMTS,520,3,16025,41896787,0,100.587,13.735,1000,1,1,0,0,0
UMTS,520,3,16025,41896797,0,100.587,13.735,1000,1,1,0,0,0
UMTS,520,5,3052,23334749,0,100.587,13.735,1000,1,1,0,0,0
UMTS,520,18,14602,6828027,0,100.587,13.735,1000,1,1,0,0,0
UMTS,520,4,18,137724312,0,100.587,13.735,1000,1,1,0,0,0
LTE,520,5,1021,23666712,0,100.596,13.735,1000,1,1,0,0,0
LTE,520,5,104,8092418,0,100.596,13.735,1000,1,1,0,0,0
UMTS,520,18,14612,7354468,0,100.596,13.735,1000,1,1,0,0,0
UMTS,520,1,55010,4326407,0,100.597,13.735,1000,1,1,0,0,0
UMTS,520,3,16025,42024247,0,100.597,13.735,1000,1,1,0,0,0
LTE,520,5,14717,7865998,0,100.597,13.735,1000,1,1,0,0,0
UMTS,520,18,14612,7353003,0,100.597,13.735,1000,1,1,0,0,0
UMTS,520,3,5025,41498606,0,100.598,13.735,1000,1,1,0,0,0
UMTS,520,3,13015,42603682,0,100.598,13.735,1000,1,1,0,0,0
UMTS,520,3,13015,42615662,0,100.598,13.735,1000,1,1,0,0,0
UMTS,520,0,19,7396768,0,100.598,13.735,1000,1,1,0,0,0
UMTS,520,18,14782,9122475,0,100.598,13.735,1000,1,1,0,0,0
GSM,520,18,10201,9241,0,100.6,13.735,1000,1,1,0,0,0
GSM,520,18,10201,20761,0,100.6,13.735,1000,1,1,0,0,0
GSM,520,18,10201,20762,0,100.6,13.735,1000,1,1,0,0,0
UMTS,520,3,13015,42616512,0,100.6,13.735,1000,1,1,0,0,0
UMTS,520,5,3101,23666709,0,100.598,13.735,1000,1,1,0,0,0
GSM,520,1,50040,603,0,100.585,13.735,1000,1,1,0,0,0
UMTS,520,15,13011,42613896,0,100.598,13.735,1000,1,1,0,0,0
LTE,520,3,864,157185403,0,100.588,13.735,1000,1,1,0,0,0
UMTS,520,15,13011,42621131,0,100.599,13.735,1000,1,1,0,0,0
UMTS,520,3,13015,42624344,0,100.598,13.735,1000,1,1,0,0,0
UMTS,520,15,13011,42616582,0,100.597,13.735,1000,1,1,0,0,0
LTE,520,3,843,157450618,0,100.596,13.735,2139,1,1,0,0,0
UMTS,520,4,18,7330807,0,100.584,13.735,1000,1,1,0,0,0
GSM,520,1,24040,529,0,100.585,13.735,1000,1,1,0,0,0
UMTS,520,3,13015,42619741,0,100.599,13.735,1000,1,1,0,0,0
UMTS,520,1,1605,137729003,0,100.596,13.735,1000,1,1,0,0,0
LTE,520,3,843,157446267,0,100.597,13.735,2109,1,1,0,0,0
UMTS,520,15,13011,42619741,0,100.6,13.735,1000,1,1,0,0,0
UMTS,520,15,13011,42620997,0,100.598,13.735,1000,1,1,0,0,0
UMTS,520,3,13015,42619740,0,100.599,13.735,1003,1,1,0,0,0
GSM,520,1,24040,1368,0,100.599,13.735,1000,1,1,0,0,0
UMTS,520,1,3101,64401410,0,100.596,13.735,2349,1,1,0,0,0
UMTS,520,15,13011,42616522,0,100.597,13.735,1000,1,1,0,0,0
UMTS,520,15,13011,42615653,0,100.598,13.735,1000,1,1,0,0,0
UMTS,520,15,16021,41888292,0,100.586,13.735,1000,1,1,0,0,0
UMTS,520,15,16021,41910148,0,100.586,13.735,1000,1,1,0,0,0
UMTS,520,3,16025,41888288,0,100.586,13.735,1000,1,1,0,0,0
UMTS,520,15,16021,41890332,0,100.586,13.735,1000,1,1,0,0,0
UMTS,520,15,16021,41890364,0,100.586,13.735,1000,1,1,0,0,0
LTE,520,3,843,157443962,0,100.599,13.735,1000,1,1,0,0,0
LTE,520,3,843,157443942,0,100.599,13.735,2353,1,1,0,0,0
UMTS,520,4,50040,601,0,100.6,13.735,1000,1,1,0,0,0
UMTS,520,15,13011,42618898,0,100.597,13.735,1000,1,1,0,0,0
LTE,520,5,121,6141697,0,100.583,13.735,1000,1,1,0,0,0
UMTS,520,3,16025,41910185,0,100.584,13.735,1000,1,1,0,0,0
UMTS,520,15,13011,42618949,0,100.597,13.735,1000,1,1,0,0,0
UMTS,520,3,19,7395188,0,100.596,13.735,1000,1,1,0,0,0
LTE,520,5,121,5314820,0,100.599,13.735,1000,1,1,0,0,0
LTE,520,3,843,157443706,0,100.6,13.735,984,1,1,0,0,0
GSM,520,1,24040,645,0,100.588,13.735,1622,1,1,0,0,0
LTE,520,5,121,11397378,0,100.588,13.735,4922,1,1,0,0,0
UMTS,520,4,19,137724449,0,100.598,13.735,1000,1,1,0,0,0
UMTS,520,15,13011,42615663,0,100.598,13.736,1000,1,1,0,0,0
LTE,520,4,2004,2194208,0,100.584,13.736,5362,1,1,0,0,0
LTE,520,4,1010,2486048,0,100.599,13.736,1000,1,1,0,0,0
UMTS,520,3,16025,41899647,0,100.598,13.736,1000,1,1,0,0,0
LTE,520,3,864,157318524,0,100.584,13.736,1000,1,1,0,0,0
LTE,520,3,843,164354151,0,100.598,13.736,7713,1,1,0,0,0
LTE,520,3,843,157443687,0,100.596,13.736,7051,1,1,0,0,0
UMTS,520,15,16021,41887789,0,100.587,13.736,1000,1,1,0,0,0
LTE,520,4,1032,37020292,0,100.598,13.736,1000,1,1,0,0,0
UMTS,520,3,10015,42215396,0,100.598,13.736,1000,1,1,0,0,0
UMTS,520,15,16021,41887784,0,100.584,13.736,4131,1,1,0,0,0
LTE,520,3,864,157185381,0,100.587,13.736,5342,1,1,0,0,0
LTE,520,4,2004,1513217,0,100.587,13.736,1000,1,1,0,0,0
GSM,520,18,14239,1653,0,100.588,13.736,1925,1,1,0,0,0
UMTS,520,99,375,9990323,0,100.598,13.736,1000,1,1,0,0,0
LTE,520,4,1010,4825858,0,100.595,13.736,1000,1,1,0,0,0
UMTS,520,3,16025,41893092,0,100.588,13.736,1000,1,1,0,0,0
LTE,520,4,1004,1513246,0,100.59,13.736,1000,1,1,0,0,0
GSM,520,1,24040,547,0,100.585,13.736,1000,1,1,0,0,0
UMTS,520,3,13015,42615543,0,100.6,13.736,1000,1,1,0,0,0
UMTS,520,15,13011,42616532,0,100.597,13.736,1000,1,1,0,0,0
UMTS,520,15,16021,41914321,0,100.585,13.736,2076,1,1,0,0,0
LTE,520,3,867,154881403,0,100.559,13.738,3517,1,1,0,0,0
LTE,520,3,867,155026553,0,100.559,13.738,1000,1,1,0,0,0
UMTS,520,15,16021,41895595,0,100.561,13.738,1000,1,1,0,0,0
UMTS,520,15,16021,41887926,0,100.551,13.738,1000,1,1,0,0,0
LTE,520,3,865,155020902,0,100.562,13.738,1000,1,1,0,0,0
LTE,520,5,113,7731457,0,100.563,13.738,1000,1,1,0,0,0
UMTS,520,15,16021,41898167,0,100.564,13.738,1000,1,1,0,0,0
UMTS,520,15,16021,41893361,0,100.562,13.738,1365,1,1,0,0,0
LTE,520,47,33053,78476045,0,100.559,13.738,1000,1,1,0,0,0
LTE,520,3,866,156938873,0,100.566,13.738,5971,1,1,0,0,0
GSM,520,1,10010,529,0,100.563,13.738,1000,1,1,0,0,0
GSM,520,99,1602,33047,0,100.56,13.738,1000,1,1,0,0,0
UMTS,520,4,1609,131203127,0,100.551,13.738,2605,1,1,0,0,0
LTE,520,4,2002,5785861,0,100.561,13.738,1000,1,1,0,0,0
UMTS,520,4,1602,137730306,0,100.556,13.738,1000,1,1,0,0,0
LTE,520,3,866,154880106,0,100.563,13.738,8709,1,1,0,0,0
LTE,520,15,1251,154884831,0,100.559,13.738,1000,1,1,0,0,0
LTE,520,4,20002,26598716,0,100.563,13.738,1000,1,1,0,0,0
GSM,520,18,14210,2878,0,100.56,13.738,1000,1,1,0,0,0
UMTS,520,15,16021,41891845,0,100.564,13.738,2300,1,1,0,0,0
UMTS,520,15,16021,41887839,0,100.559,13.738,1000,1,1,0,0,0
UMTS,520,5,3052,23341886,0,100.56,13.738,1000,1,1,0,0,0
LTE,520,18,3053,64479489,0,100.56,13.738,1000,1,1,0,0,0
UMTS,520,5,3113,23735152,0,100.552,13.738,5260,1,1,0,0,0
UMTS,520,5,3053,23344703,0,100.566,13.738,1172,1,1,0,0,0
LTE,520,5,43027,11312968,0,100.551,13.738,1000,1,1,0,0,0
LTE,520,4,3002,16824576,0,100.552,13.738,1000,1,1,0,0,0
LTE,520,3,867,154881393,0,100.559,13.738,1000,1,1,0,0,0
UMTS,520,3,16025,42222138,0,100.559,13.738,1432,1,1,0,0,0
UMTS,520,3,16025,42226718,0,100.559,13.738,1000,1,1,0,0,0
UMTS,520,15,16021,41892220,0,100.56,13.738,1000,1,1,0,0,0
UMTS,520,5,3052,23336507,0,100.562,13.738,2168,1,1,0,0,0
UMTS,520,3,16021,41899172,0,100.554,13.738,1000,1,1,0,0,0
LTE,520,5,113,7731459,0,100.561,13.738,1000,1,1,0,0,0
LTE,520,1,10010,538,0,100.56,13.738,1000,1,1,0,0,0
LTE,520,3,867,154881392,0,100.557,13.738,1000,1,1,0,0,0
LTE,520,3,867,154884721,0,100.559,13.738,1000,1,1,0,0,0
UMTS,520,3,16025,41908445,0,100.565,13.738,2561,1,1,0,0,0
UMTS,520,18,14612,7354709,0,100.559,13.738,1000,1,1,0,0,0
LTE,520,3,867,154891130,0,100.556,13.738,1000,1,1,0,0,0
UMTS,520,0,18,7313100,0,100.56,13.738,1000,1,1,0,0,0
UMTS,520,3,12011,42546615,0,100.558,13.738,1000,1,1,0,0,0
LTE,520,47,33053,78927893,0,100.559,13.738,1000,1,1,0,0,0
UMTS,520,3,16025,41906256,0,100.555,13.738,1000,1,1,0,0,0
UMTS,520,3,16025,41904157,0,100.565,13.738,6976,1,1,0,0,0
UMTS,520,5,3053,23337465,0,100.559,13.738,1000,1,1,0,0,0
LTE,520,4,10010,683,0,100.559,13.738,1000,1,1,0,0,0
UMTS,520,5,3053,23344704,0,100.559,13.738,1000,1,1,0,0,0
UMTS,520,4,1602,137724443,0,100.559,13.738,3574,1,1,0,0,0
UMTS,520,3,16025,41892815,0,100.554,13.738,3146,1,1,0,0,0
GSM,520,18,14003,768,0,100.55,13.738,1000,1,1,0,0,0
LTE,520,4,1002,11399966,0,100.551,13.738,1000,1,1,0,0,0
UMTS,520,3,16021,41892089,0,100.559,13.738,1000,1,1,0,0,0
LTE,520,4,20002,2460478,0,100.559,13.738,1000,1,1,0,0,0
LTE,520,3,16021,41887532,0,100.56,13.738,1000,1,1,0,0,0
UMTS,520,3,866,154884711,0,100.559,13.738,1000,1,1,0,0,0
UMTS,520,3,16025,41905716,0,100.563,13.738,1000,1,1,0,0,0
LTE,520,47,33053,78927894,0,100.559,13.738,1000,1,1,0,0,0
UMTS,520,3,16025,41889905,0,100.554,13.738,2770,1,1,0,0,0
LTE,520,3,868,154887270,0,100.551,13.738,2096,1,1,0,0,0
GSM,520,18,14210,10208,0,100.564,13.738,1000,1,1,0,0,0
LTE,520,3,867,154881381,0,100.561,13.738,9114,1,1,0,0,0
LTE,520,4,2002,5785860,0,100.56,13.738,1494,1,1,0,0,0
UMTS,520,5,14612,7354709,0,100.559,13.738,1000,1,1,0,0,0
UMTS,520,0,18,7330782,0,100.558,13.738,1496,1,1,0,0,0
UMTS,520,5,867,154884710,0,100.56,13.738,1000,1,1,0,0,0
GSM,520,99,1602,33451,0,100.562,13.738,1000,1,1,0,0,0
LTE,520,3,867,154890598,0,100.555,13.738,1501,1,1,0,0,0
LTE,520,5,114,3174658,0,100.559,13.738,1000,1,1,0,0,0
LTE,520,18,3053,64655363,0,100.557,13.738,5973,1,1,0,0,0
GSM,520,99,16061,7750,0,100.555,13.738,1397,1,1,0,0,0
LTE,520,3,867,155033705,0,100.56,13.738,2008,1,1,0,0,0
UMTS,520,3,16025,41893872,0,100.566,13.738,1000,1,1,0,0,0
LTE,520,4,2002,2027777,0,100.558,13.738,1000,1,1,0,0,0
LTE,520,4,20002,2460476,0,100.562,13.738,6105,1,1,0,0,0
LTE,520,47,33053,15301296,0,100.553,13.738,1000,1,1,0,0,0
LTE,520,3,867,154881511,0,100.559,13.738,1000,1,1,0,0,0
LTE,520,3,867,155026533,0,100.56,13.738,1533,1,1,0,0,0
LTE,520,3,865,154890087,0,100.561,13.738,9520,1,1,0,0,0
UMTS,520,15,16021,41909939,0,100.565,13.738,3093,1,1,0,0,0
UMTS,520,5,3053,23344700,0,100.559,13.738,2791,1,1,0,0,0
GSM,520,1,10010,869,0,100.555,13.738,1000,1,1,0,0,0
LTE,520,3,867,154891129,0,100.559,13.738,1000,1,1,0,0,0
LTE,520,18,3052,64769025,0,100.558,13.738,2154,1,1,0,0,0
UMTS,520,15,16021,41887630,0,100.558,13.738,1000,1,1,0,0,0
UMTS,520,3,16025,41895635,0,100.558,13.738,1000,1,1,0,0,0
LTE,520,18,3053,62377986,0,100.56,13.738,1000,1,1,0,0,0
LTE,520,4,2002,5785891,0,100.561,13.738,1000,1,1,0,0,0
LTE,520,18,114,11310338,0,100.561,13.738,1000,1,1,0,0,0
UMTS,520,15,16021,41892344,0,100.563,13.738,1000,1,1,0,0,0
LTE,520,4,2002,5785856,0,100.562,13.738,1152,1,1,0,0,0
GSM,520,99,1602,33046,0,100.562,13.738,4204,1,1,0,0,0
LTE,520,47,33053,78927895,0,100.558,13.738,1000,1,1,0,0,0
LTE,520,3,867,154891110,0,100.556,13.738,1000,1,1,0,0,0
UMTS,520,3,20025,42114985,0,100.556,13.738,1669,1,1,0,0,0
UMTS,520,3,20025,42118420,0,100.551,13.738,2049,1,1,0,0,0
UMTS,520,18,3052,23341781,0,100.562,13.738,1000,1,1,0,0,0
LTE,520,4,3027,12395672,0,100.55,13.738,1000,1,1,0,0,0
LTE,520,3,866,154880122,0,100.558,13.738,2560,1,1,0,0,0
LTE,520,5,2002,8888350,0,100.559,13.738,1000,1,1,0,0,0
LTE,520,4,2002,1346846,0,100.564,13.738,3587,1,1,0,0,0
GSM,520,99,1602,34950,0,100.556,13.738,1000,1,1,0,0,0
UMTS,520,0,18,137724443,0,100.559,13.738,1000,1,1,0,0,0
UMTS,520,3,16025,41887630,0,100.559,13.738,1000,1,1,0,0,0
GSM,520,99,15062,18487,0,100.561,13.738,1000,1,1,0,0,0
LTE,520,4,1002,10173700,0,100.563,13.738,1000,1,1,0,0,0
UMTS,520,0,18,7309927,0,100.564,13.738,1000,1,1,0,0,0
UMTS,520,3,16025,41895055,0,100.565,13.738,1000,1,1,0,0,0
LTE,520,3,912,156934763,0,100.554,13.738,5707,1,1,0,0,0
UMTS,520,3,16025,41890387,0,100.558,13.738,1000,1,1,0,0,0
UMTS,520,4,1622,137727928,0,100.56,13.738,1886,1,1,0,0,0
LTE,520,4,2002,2460418,0,100.558,13.738,1000,1,1,0,0,0
LTE,520,18,3052,62465027,0,100.563,13.738,2089,1,1,0,0,0
LTE,520,3,867,154881391,0,100.559,13.738,1000,1,1,0,0,0
LTE,520,15,1251,154881501,0,100.559,13.738,1000,1,1,0,0,0
LTE,520,3,397,9601203,0,100.561,13.738,1000,1,1,0,0,0
LTE,520,18,3053,62386177,0,100.557,13.738,1000,1,1,0,0,0
LTE,520,18,3053,62386179,0,100.557,13.738,1000,1,1,0,0,0
UMTS,520,5,3052,23341884,0,100.561,13.738,1000,1,1,0,0,0
LTE,520,5,113,7977218,0,100.561,13.738,1000,1,1,0,0,0
LTE,520,18,3052,64822020,0,100.562,13.738,4137,1,1,0,0,0
UMTS,520,4,1602,137756136,0,100.562,13.738,1000,1,1,0,0,0
LTE,520,3,868,154887280,0,100.553,13.739,1000,1,1,0,0,0
LTE,520,3,867,154892153,0,100.558,13.739,1000,1,1,0,0,0
LTE,520,5,2002,2460468,0,100.558,13.739,1000,1,1,0,0,0
LTE,520,3,867,154881401,0,100.558,13.739,1000,1,1,0,0,0
UMTS,520,15,4011,42150242,0,100.56,13.739,1000,1,1,0,0,0
UMTS,520,5,3053,23338688,0,100.56,13.739,1000,1,1,0,0,0
UMTS,520,5,14612,7343313,0,100.56,13.739,1000,1,1,0,0,0
UMTS,520,3,16025,41888492,0,100.561,13.739,1000,1,1,0,0,0
LTE,520,47,33053,76821025,0,100.556,13.739,1000,1,1,0,0,0
LTE,520,47,33053,79079271,0,100.556,13.739,1000,1,1,0,0,0
UMTS,520,3,866,154881381,0,100.558,13.739,1000,1,1,0,0,0
UMTS,520,5,114,361213,0,100.551,13.739,1000,1,1,0,0,0
UMTS,520,0,18,7320402,0,100.558,13.739,1000,1,1,0,0,0
LTE,520,4,2002,1206016,0,100.556,13.739,2281,1,1,0,0,0
LTE,520,4,2027,12078212,0,100.559,13.739,1000,1,1,0,0,0
LTE,520,5,3053,64655363,0,100.556,13.739,1000,1,1,0,0,0
UMTS,520,18,14612,7344089,0,100.551,13.739,1000,1,1,0,0,0
LTE,520,5,3053,64614401,0,100.556,13.739,1000,1,1,0,0,0
LTE,520,5,3053,64814082,0,100.556,13.739,1000,1,1,0,0,0
LTE,520,47,33053,76821024,0,100.556,13.739,1000,1,1,0,0,0
LTE,520,4,2002,8888350,0,100.558,13.739,1000,1,1,0,0,0
LTE,520,18,113,7731459,0,100.562,13.739,1000,1,1,0,0,0
LTE,520,5,114,725514,0,100.556,13.739,1000,1,1,0,0,0
UMTS,520,18,3053,23347252,0,100.556,13.739,1000,1,1,0,0,0
UMTS,520,5,3053,23353564,0,100.56,13.739,1000,1,1,0,0,0
UMTS,520,15,16021,41888369,0,100.553,13.739,1000,1,1,0,0,0
LTE,520,5,114,11312928,0,100.551,13.739,1000,1,1,0,0,0
UMTS,520,3,16025,41904365,0,100.563,13.739,3989,1,1,0,0,0
UMTS,520,3,16025,41890506,0,100.552,13.739,6690,1,1,0,0,0
UMTS,520,3,16025,42224334,0,100.558,13.739,1000,1,1,0,0,0
LTE,520,5,42001,14500157,0,100.558,13.739,1000,1,1,0,0,0
UMTS,520,3,16021,41890244,0,100.551,13.739,1000,1,1,0,0,0
LTE,520,18,3053,64655361,0,100.56,13.739,2586,1,1,0,0,0
LTE,520,18,113,7731458,0,100.563,13.739,1000,1,1,0,0,0
UMTS,520,5,3053,23332786,0,100.561,13.739,1000,1,1,0,0,0
UMTS,520,5,3053,23338728,0,100.556,13.739,1000,1,1,0,0,0
LTE,520,5,113,7670018,0,100.562,13.739,1000,1,1,0,0,0
UMTS,520,3,16025,41911987,0,100.56,13.739,2463,1,1,0,0,0
LTE,520,3,867,154890617,0,100.555,13.739,2263,1,1,0,0,0
UMTS,520,15,16021,41890402,0,100.563,13.739,1000,1,1,0,0,0
UMTS,520,5,3101,23690260,0,100.566,13.739,5361,1,1,0,0,0
UMTS,520,4,1602,137695344,0,100.558,13.739,1000,1,1,0,0,0
UMTS,520,0,18,7331040,0,100.558,13.739,1000,1,1,0,0,0
LTE,520,4,20002,28339516,0,100.558,13.739,1000,1,1,0,0,0
LTE,520,3,865,154890097,0,100.561,13.739,1197,1,1,0,0,0
UMTS,520,5,3053,23332789,0,100.56,13.739,1000,1,1,0,0,0
UMTS,520,5,3052,23337532,0,100.563,13.739,1147,1,1,0,0,0
UMTS,520,4,865,154890137,0,100.561,13.739,1000,1,1,0,0,0
UMTS,520,3,16025,41893536,0,100.565,13.739,2158,1,1,0,0,0
LTE,520,4,2002,5785857,0,100.562,13.739,1677,1,1,0,0,0
UMTS,520,5,3113,23725053,0,100.553,13.739,6798,1,1,0,0,0
LTE,520,47,33053,76821003,0,100.556,13.739,1000,1,1,0,0,0
LTE,520,47,33053,76821023,0,100.556,13.739,1000,1,1,0,0,0
LTE,520,4,1002,2460416,0,100.561,13.739,1000,1,1,0,0,0
UMTS,520,3,16025,41896657,0,100.566,13.739,1000,1,1,0,0,0
LTE,520,18,3053,65165827,0,100.555,13.739,1000,1,1,0,0,0
LTE,520,18,3053,62308866,0,100.558,13.739,2079,1,1,0,0,0
UMTS,520,18,3052,23349595,0,100.564,13.739,1000,1,1,0,0,0
LTE,520,3,867,154884741,0,100.559,13.739,1000,1,1,0,0,0
LTE,520,4,1002,2409247,0,100.562,13.739,5274,1,1,0,0,0
LTE,520,4,2002,9167647,0,100.558,13.739,1638,1,1,0,0,0
LTE,520,3,397,9600702,0,100.562,13.739,1000,1,1,0,0,0
UMTS,520,5,3053,23332787,0,100.555,13.739,1000,1,1,0,0,0
UMTS,520,5,3053,23344699,0,100.557,13.739,1000,1,1,0,0,0
GSM,520,18,14240,2010,0,100.562,13.739,1000,1,1,0,0,0
UMTS,520,5,3053,23332790,0,100.559,13.739,1000,1,1,0,0,0
LTE,520,4,867,154892133,0,100.559,13.739,1000,1,1,0,0,0
UMTS,520,15,16021,41888324,0,100.563,13.739,1000,1,1,0,0,0
UMTS,520,5,3052,23341775,0,100.564,13.739,1000,1,1,0,0,0
UMTS,520,1,18,5785889,0,100.56,13.739,1000,1,1,0,0,0
LTE,520,5,113,9492737,0,100.556,13.739,2673,1,1,0,0,0
LTE,520,3,867,154881513,0,100.558,13.739,1000,1,1,0,0,0
LTE,520,4,2002,2027807,0,100.558,13.739,1000,1,1,0,0,0
UMTS,520,15,10011,42216335,0,100.563,13.739,2157,1,1,0,0,0
LTE,520,5,114,7713539,0,100.554,13.739,1000,1,1,0,0,0
GSM,520,1,10010,533,0,100.558,13.739,1000,1,1,0,0,0
UMTS,520,0,17,7324691,0,100.566,13.739,1000,1,1,0,0,0
GSM,520,1,10010,1217,0,100.562,13.739,1000,1,1,0,0,0
LTE,520,3,867,154892133,0,100.559,13.739,8916,1,1,0,0,0
LTE,520,4,20002,1479998,0,100.563,13.739,1000,1,1,0,0,0
LTE,520,3,867,155016569,0,100.559,13.739,1000,1,1,0,0,0
LTE,520,4,2002,2460438,0,100.559,13.739,1000,1,1,0,0,0
UMTS,520,3,16025,41896205,0,100.561,13.739,2759,1,1,0,0,0
LTE,520,4,1002,2460418,0,100.559,13.739,1000,1,1,0,0,0
UMTS,520,15,16021,41892967,0,100.566,13.739,1000,1,1,0,0,0
LTE,520,47,33053,76848673,0,100.557,13.739,1000,1,1,0,0,0
LTE,520,47,33053,76848671,0,100.557,13.739,1000,1,1,0,0,0
LTE,520,3,867,154890618,0,100.553,13.739,1000,1,1,0,0,0
UMTS,520,15,16021,41890244,0,100.553,13.739,1000,1,1,0,0,0
LTE,520,3,4020,39099,0,100.556,13.739,1000,1,1,0,0,0
UMTS,520,3,16025,41888795,0,100.556,13.739,7747,1,1,0,0,0
LTE,520,5,114,8960258,0,100.556,13.739,1000,1,1,0,0,0
GSM,520,1,24040,742,0,100.562,13.739,1000,1,1,0,0,0
LTE,520,3,867,154890619,0,100.552,13.739,1000,1,1,0,0,0
LTE,520,47,33053,78773771,0,100.558,13.739,1000,1,1,0,0,0
UMTS,520,15,16021,41895625,0,100.561,13.739,1000,1,1,0,0,0
LTE,520,47,33053,15301316,0,100.553,13.739,1000,1,1,0,0,0
UMTS,520,3,16025,42224789,0,100.556,13.739,1773,1,1,0,0,0
LTE,520,47,55001,78773771,0,100.557,13.739,1000,1,1,0,0,0
UMTS,520,5,1602,23344699,0,100.557,13.739,1000,1,1,0,0,0
UMTS,520,3,16025,41915268,0,100.558,13.739,1000,1,1,0,0,0
LTE,520,5,114,9003777,0,100.558,13.739,2265,1,1,0,0,0
UMTS,520,5,3053,23347251,0,100.554,13.739,1000,1,1,0,0,0
LTE,520,4,1002,1206047,0,100.556,13.739,1000,1,1,0,0,0
LTE,520,3,867,155033704,0,100.561,13.739,1181,1,1,0,0,0
LTE,520,4,867,154884711,0,100.559,13.739,1000,1,1,0,0,0
LTE,520,18,3052,62479873,0,100.557,13.739,3216,1,1,0,0,0
UMTS,520,3,16025,41890244,0,100.551,13.739,1000,1,1,0,0,0
LTE,520,47,33053,76848672,0,100.557,13.739,1000,1,1,0,0,0
LTE,520,47,33053,76806923,0,100.556,13.739,1000,1,1,0,0,0
UMTS,520,5,3051,23331452,0,100.562,13.739,5218,1,1,0,0,0
LTE,520,47,33053,78773772,0,100.558,13.739,1000,1,1,0,0,0
UMTS,520,5,3053,64525826,0,100.551,13.739,1000,1,1,0,0,0
UMTS,520,18,14612,7353237,0,100.559,13.739,1000,1,1,0,0,0
LTE,520,18,3052,64532481,0,100.564,13.739,9131,1,1,0,0,0
UMTS,520,3,16025,41887840,0,100.56,13.739,1000,1,1,0,0,0
LTE,520,3,397,9601213,0,100.562,13.739,1000,1,1,0,0,0
UMTS,520,5,3052,23359031,0,100.557,13.739,2866,1,1,0,0,0
LTE,520,4,2027,12167831,0,100.559,13.739,1000,1,1,0,0,0
GSM,520,18,14210,10207,0,100.563,13.739,1000,1,1,0,0,0
UMTS,520,0,18,7308998,0,100.557,13.739,1000,1,1,0,0,0
UMTS,520,5,3053,23337461,0,100.557,13.739,1615,1,1,0,0,0
LTE,520,3,867,154881648,0,100.556,13.739,1000,1,1,0,0,0
UMTS,520,18,14612,7347601,0,100.555,13.739,1000,1,1,0,0,0
UMTS,520,3,16025,41888364,0,100.558,13.739,1010,1,1,0,0,0
LTE,520,47,33053,78773773,0,100.558,13.739,1000,1,1,0,0,0
LTE,520,18,3052,62465026,0,100.564,13.739,3705,1,1,0,0,0
UMTS,520,3,16025,41891561,0,100.551,13.739,1801,1,1,0,0,0
UMTS,520,5,3053,23334022,0,100.555,13.739,1000,1,1,0,0,0
LTE,520,3,867,154886267,0,100.561,13.739,1000,1,1,0,0,0
UMTS,520,3,16025,41888326,0,100.561,13.739,1000,1,1,0,0,0
LTE,520,3,865,157186673,0,100.566,13.739,1320,1,1,0,0,0
UMTS,520,15,16021,41890471,0,100.559,13.739,1000,1,1,0,0,0
UMTS,520,5,3053,23347250,0,100.556,13.739,1000,1,1,0,0,0
UMTS,520,18,2002,2027806,0,100.557,13.739,1000,1,1,0,0,0
LTE,520,3,867,154892163,0,100.559,13.739,1000,1,1,0,0,0
LTE,520,5,114,8960259,0,100.555,13.739,1000,1,1,0,0,0
LTE,520,1,867,154881393,0,100.556,13.739,1000,1,1,0,0,0
UMTS,520,1,16025,41906256,0,100.556,13.739,1000,1,1,0,0,0
LTE,520,1,867,154884731,0,100.556,13.739,1000,1,1,0,0,0
LTE,520,1,867,154881403,0,100.556,13.739,1000,1,1,0,0,0
LTE,520,4,42001,2460478,0,100.559,13.739,1000,1,1,0,0,0
UMTS,520,18,14612,7340064,0,100.559,13.739,1546,1,1,0,0,0
UMTS,520,15,16021,41891577,0,100.562,13.739,1000,1,1,0,0,0
UMTS,520,15,16021,41887531,0,100.562,13.739,1000,1,1,0,0,0
UMTS,520,4,1602,137725543,0,100.562,13.739,3711,1,1,0,0,0
LTE,520,18,114,6392578,0,100.561,13.739,1000,1,1,0,0,0
UMTS,520,1,3052,64776706,0,100.561,13.739,1000,1,1,0,0,0
UMTS,520,3,14025,2983456,0,100.55,13.739,1000,1,1,0,0,0
UMTS,520,0,1017,10061829,0,100.55,13.739,1000,1,1,0,0,0
UMTS,520,0,1017,10072189,0,100.55,13.739,1000,1,1,0,0,0
UMTS,520,18,14721,8140674,0,100.55,13.739,1000,1,1,0,0,0
UMTS,520,18,14721,23354232,0,100.55,13.739,1000,1,1,0,0,0
LTE,520,5,114,4482818,0,100.55,13.739,1000,1,1,0,0,0
LTE,520,4,1002,8911647,0,100.55,13.739,1000,1,1,0,0,0
LTE,520,4,1002,8911617,0,100.55,13.739,1000,1,1,0,0,0
UMTS,520,5,3053,23343232,0,100.55,13.739,1000,1,1,0,0,0
UMTS,520,3,16025,41905781,0,100.552,13.739,1000,1,1,0,0,0
UMTS,520,3,14025,41381939,0,100.552,13.739,1000,1,1,0,0,0
LTE,520,4,1002,8911677,0,100.552,13.739,1000,1,1,0,0,0
GSM,520,18,11525,5842,0,100.553,13.739,1000,1,1,0,0,0
UMTS,520,0,1017,9998132,0,100.553,13.739,1000,1,1,0,0,0
UMTS,520,18,14721,8126497,0,100.553,13.739,1000,1,1,0,0,0
UMTS,520,18,14721,137725637,0,100.553,13.739,1000,1,1,0,0,0
UMTS,520,3,16025,41889587,0,100.553,13.739,1000,1,1,0,0,0
UMTS,520,5,3053,4006,0,100.553,13.739,1000,1,1,0,0,0
UMTS,520,15,1012,3889,0,100.553,13.739,1000,1,1,0,0,0
UMTS,520,0,18,10017999,0,100.553,13.739,1000,1,1,0,0,0
UMTS,520,4,1602,4006,0,100.554,13.739,1000,1,1,0,0,0
UMTS,520,18,14721,7340065,0,100.554,13.739,1000,1,1,0,0,0
UMTS,520,3,16025,41894925,0,100.554,13.739,1000,1,1,0,0,0
UMTS,520,0,18,7320403,0,100.554,13.739,1000,1,1,0,0,0
UMTS,520,0,18,7313166,0,100.554,13.739,1000,1,1,0,0,0
LTE,520,4,1002,1206077,0,100.554,13.739,1000,1,1,0,0,0
LTE,520,4,2002,1206017,0,100.554,13.739,1000,1,1,0,0,0
UMTS,520,0,18,10072603,0,100.554,13.739,1000,1,1,0,0,0
LTE,520,4,2002,1206018,0,100.554,13.739,1000,1,1,0,0,0
UMTS,520,4,1602,7318663,0,100.554,13.739,1000,1,1,0,0,0
UMTS,520,0,18,10066158,0,100.554,13.739,1000,1,1,0,0,0
LTE,520,4,20002,28646716,0,100.554,13.739,1000,1,1,0,0,0
UMTS,520,18,14721,8126499,0,100.556,13.739,1000,1,1,0,0,0
UMTS,520,5,3053,3887,0,100.556,13.739,1000,1,1,0,0,0
UMTS,520,18,5177,7340067,0,100.556,13.739,1000,1,1,0,0,0
UMTS,520,18,5177,7340064,0,100.556,13.739,1000,1,1,0,0,0
UMTS,520,15,18,7330781,0,100.556,13.739,1000,1,1,0,0,0
UMTS,520,15,1012,3887,0,100.556,13.739,1000,1,1,0,0,0
UMTS,520,0,18,7330783,0,100.556,13.739,1000,1,1,0,0,0
LTE,520,3,867,154891120,0,100.556,13.739,1000,1,1,0,0,0
UMTS,520,3,16025,41889491,0,100.556,13.739,1000,1,1,0,0,0
GSM,520,18,14003,1090,0,100.557,13.739,1000,1,1,0,0,0
UMTS,520,1,16025,41895617,0,100.557,13.739,1000,1,1,0,0,0
UMTS,520,4,1602,3887,0,100.557,13.739,1000,1,1,0,0,0
UMTS,520,18,14721,8139671,0,100.557,13.739,1000,1,1,0,0,0
UMTS,520,3,16025,41883654,0,100.557,13.739,1000,1,1,0,0,0
UMTS,520,3,16025,41884963,0,100.557,13.739,1000,1,1,0,0,0
UMTS,520,3,16025,41891446,0,100.557,13.739,1000,1,1,0,0,0
UMTS,520,3,16025,41895617,0,100.557,13.739,1000,1,1,0,0,0
UMTS,520,3,16025,41891456,0,100.557,13.739,1000,1,1,0,0,0
UMTS,520,3,16025,41905068,0,100.557,13.739,1000,1,1,0,0,0
UMTS,520,3,16025,41910685,0,100.557,13.739,1000,1,1,0,0,0
UMTS,520,3,16025,41906240,0,100.557,13.739,1000,1,1,0,0,0
UMTS,520,3,14025,41367158,0,100.557,13.739,1000,1,1,0,0,0
UMTS,520,5,3053,23334084,0,100.557,13.739,1000,1,1,0,0,0
UMTS,520,5,3053,23343796,0,100.557,13.739,1000,1,1,0,0,0
UMTS,520,5,3053,7353239,0,100.557,13.739,1000,1,1,0,0,0
UMTS,520,5,3053,23341884,0,100.557,13.739,1000,1,1,0,0,0
GSM,520,25,24040,613,0,100.557,13.739,1000,1,1,0,0,0
GSM,520,25,10010,533,0,100.557,13.739,1000,1,1,0,0,0
GSM,520,25,10010,1191,0,100.557,13.739,1000,1,1,0,0,0
GSM,520,25,10010,614,0,100.557,13.739,1000,1,1,0,0,0
GSM,520,23,10059,2333,0,100.557,13.739,1000,1,1,0,0,0
GSM,520,25,10010,678,0,100.557,13.739,1000,1,1,0,0,0
GSM,520,25,10010,535,0,100.557,13.739,1000,1,1,0,0,0
GSM,520,18,14003,10688,0,100.557,13.739,1000,1,1,0,0,0
GSM,520,18,14006,7671,0,100.557,13.739,1000,1,1,0,0,0
GSM,520,18,14210,149,0,100.557,13.739,1000,1,1,0,0,0
UMTS,520,0,18,7307803,0,100.557,13.739,1000,1,1,0,0,0
UMTS,520,0,18,7313306,0,100.557,13.739,1000,1,1,0,0,0
UMTS,520,0,18,7313316,0,100.557,13.739,1000,1,1,0,0,0
UMTS,520,0,18,7324316,0,100.557,13.739,1000,1,1,0,0,0
GSM,520,1,10010,535,0,100.557,13.739,1000,1,1,0,0,0
GSM,520,1,10010,678,0,100.557,13.739,1000,1,1,0,0,0
GSM,520,1,10059,2333,0,100.557,13.739,1000,1,1,0,0,0
GSM,520,1,24040,613,0,100.557,13.739,1000,1,1,0,0,0
UMTS,520,5,3052,23332790,0,100.557,13.739,1000,1,1,0,0,0
UMTS,520,5,3052,23347252,0,100.557,13.739,1000,1,1,0,0,0
UMTS,520,0,14210,5911,0,100.557,13.739,1000,1,1,0,0,0
GSM,520,99,1602,34830,0,100.557,13.739,1000,1,1,0,0,0
UMTS,520,4,1602,7307803,0,100.557,13.739,1000,1,1,0,0,0
UMTS,520,0,17,7318867,0,100.557,13.739,1000,1,1,0,0,0
UMTS,520,3,16025,41888925,0,100.559,13.739,1000,1,1,0,0,0
UMTS,520,3,16025,41887666,0,100.559,13.739,1000,1,1,0,0,0
UMTS,520,3,16025,41894185,0,100.559,13.739,1000,1,1,0,0,0
UMTS,520,3,16025,41898275,0,100.559,13.739,1000,1,1,0,0,0
UMTS,520,3,16025,41895625,0,100.559,13.739,1000,1,1,0,0,0
UMTS,520,3,16025,41895615,0,100.559,13.739,1000,1,1,0,0,0
UMTS,520,15,18,7307803,0,100.559,13.739,1000,1,1,0,0,0
GSM,520,23,10059,2238,0,100.559,13.739,1000,1,1,0,0,0
GSM,520,25,10010,534,0,100.559,13.739,1000,1,1,0,0,0
GSM,520,23,10059,2334,0,100.559,13.739,1000,1,1,0,0,0
GSM,520,23,10059,2335,0,100.559,13.739,1000,1,1,0,0,0
GSM,520,18,14210,2877,0,100.559,13.739,1000,1,1,0,0,0
UMTS,520,0,18,7315216,0,100.559,13.739,1000,1,1,0,0,0
UMTS,520,0,18,7318867,0,100.559,13.739,1000,1,1,0,0,0
GSM,520,1,10059,2334,0,100.559,13.739,1000,1,1,0,0,0
GSM,520,1,10059,2238,0,100.559,13.739,1000,1,1,0,0,0
GSM,520,1,10059,2335,0,100.559,13.739,1000,1,1,0,0,0
UMTS,520,5,3052,23337465,0,100.559,13.739,1000,1,1,0,0,0
UMTS,520,18,14612,23337462,0,100.559,13.739,1000,1,1,0,0,0
UMTS,520,18,14721,8141142,0,100.56,13.739,1000,1,1,0,0,0
UMTS,520,3,16025,41895595,0,100.56,13.739,1000,1,1,0,0,0
UMTS,520,3,16025,41910316,0,100.56,13.739,1000,1,1,0,0,0
UMTS,520,3,14025,41364497,0,100.56,13.739,1000,1,1,0,0,0
UMTS,520,3,14025,41366569,0,100.56,13.739,1000,1,1,0,0,0
LTE,520,4,1002,2460446,0,100.56,13.739,1000,1,1,0,0,0
GSM,520,18,14210,2077,0,100.56,13.739,1000,1,1,0,0,0
UMTS,520,3,16025,41883857,0,100.561,13.739,1000,1,1,0,0,0
UMTS,520,3,16025,41895590,0,100.561,13.739,1000,1,1,0,0,0
UMTS,520,3,16025,41902455,0,100.561,13.739,1000,1,1,0,0,0
UMTS,520,3,16025,41894725,0,100.561,13.739,1000,1,1,0,0,0
UMTS,520,3,16025,41905697,0,100.561,13.739,1000,1,1,0,0,0
UMTS,520,3,16025,41905707,0,100.561,13.739,1000,1,1,0,0,0
UMTS,520,3,16025,41912536,0,100.561,13.739,1000,1,1,0,0,0
UMTS,520,3,14025,41381419,0,100.561,13.739,1000,1,1,0,0,0
UMTS,520,5,3053,23341742,0,100.561,13.739,1000,1,1,0,0,0
UMTS,520,5,3053,23337528,0,100.561,13.739,1000,1,1,0,0,0
GSM,520,99,15062,18484,0,100.561,13.739,1000,1,1,0,0,0
UMTS,520,0,18,7307801,0,100.561,13.739,1000,1,1,0,0,0
UMTS,520,0,18,7335116,0,100.561,13.739,1000,1,1,0,0,0
GSM,520,1,10010,1273,0,100.561,13.739,1000,1,1,0,0,0
UMTS,520,18,14612,23337557,0,100.561,13.739,1000,1,1,0,0,0
UMTS,520,3,16025,41892221,0,100.561,13.739,1000,1,1,0,0,0
UMTS,520,0,18,7337896,0,100.561,13.739,1000,1,1,0,0,0
UMTS,520,0,18,7335236,0,100.561,13.739,1000,1,1,0,0,0
UMTS,520,3,16025,41908345,0,100.563,13.739,1000,1,1,0,0,0
UMTS,520,18,14612,7341491,0,100.563,13.739,1000,1,1,0,0,0
LTE,520,4,1002,2409277,0,100.563,13.739,1000,1,1,0,0,0
LTE,520,4,1002,1479997,0,100.563,13.739,1000,1,1,0,0,0
LTE,520,4,1002,28006716,0,100.563,13.739,1000,1,1,0,0,0
UMTS,520,4,18,137729907,0,100.563,13.739,1000,1,1,0,0,0
LTE,520,4,20002,2409277,0,100.563,13.739,1000,1,1,0,0,0
UMTS,520,0,18,7311836,0,100.564,13.739,1000,1,1,0,0,0
UMTS,520,0,17,7400298,0,100.564,13.739,1000,1,1,0,0,0
UMTS,520,3,16025,41893852,0,100.565,13.739,1000,1,1,0,0,0
UMTS,520,3,16025,41893845,0,100.565,13.739,1000,1,1,0,0,0
UMTS,520,3,16025,41893862,0,100.565,13.739,1000,1,1,0,0,0
UMTS,520,0,17,7307800,0,100.565,13.739,1000,1,1,0,0,0
UMTS,520,0,18,7396595,0,100.565,13.739,1000,1,1,0,0,0
UMTS,520,0,1622,7318861,0,100.565,13.739,1000,1,1,0,0,0
LTE,520,4,1002,10173699,0,100.565,13.739,1000,1,1,0,0,0
UMTS,520,5,3053,23355890,0,100.55,13.739,1000,1,1,0,0,0
GSM,520,18,14721,2287,0,100.55,13.739,1000,1,1,0,0,0
GSM,520,18,14003,2156,0,100.551,13.739,1000,1,1,0,0,0
UMTS,520,18,14721,8137377,0,100.551,13.739,1000,1,1,0,0,0
UMTS,520,3,16025,41890243,0,100.551,13.739,1000,1,1,0,0,0
LTE,520,4,20002,1206077,0,100.554,13.739,1000,1,1,0,0,0
UMTS,520,0,18,10068763,0,100.554,13.739,1000,1,1,0,0,0
UMTS,520,3,16025,41906235,0,100.557,13.739,1000,1,1,0,0,0
GSM,520,18,14210,1090,0,100.557,13.739,1000,1,1,0,0,0
UMTS,520,3,16025,41887631,0,100.558,13.739,1000,1,1,0,0,0
UMTS,520,5,3053,23337761,0,100.558,13.739,1000,1,1,0,0,0
LTE,520,4,1002,2460448,0,100.558,13.739,1000,1,1,0,0,0
UMTS,520,18,14612,7354708,0,100.559,13.739,1000,1,1,0,0,0
UMTS,520,0,18,7331038,0,100.56,13.739,1000,1,1,0,0,0
UMTS,520,0,18,7318863,0,100.561,13.739,1000,1,1,0,0,0
UMTS,520,3,16025,41895610,0,100.561,13.739,1000,1,1,0,0,0
GSM,520,99,1602,34770,0,100.562,13.739,1000,1,1,0,0,0
GSM,520,1,10010,589,0,100.562,13.739,1000,1,1,0,0,0
UMTS,520,0,18,7331047,0,100.565,13.739,1000,1,1,0,0,0
UMTS,520,0,17,7331104,0,100.566,13.739,1000,1,1,0,0,0
UMTS,520,0,18,7390163,0,100.566,13.739,1000,1,1,0,0,0
LTE,520,3,868,154887269,0,100.552,13.739,5101,1,1,0,0,0
UMTS,520,4,1602,137724441,0,100.561,13.739,1000,1,1,0,0,0
LTE,520,1,867,154884711,0,100.556,13.739,1000,1,1,0,0,0
LTE,520,4,2027,12167811,0,100.559,13.739,1000,1,1,0,0,0
UMTS,520,3,16025,41878799,0,100.56,13.739,1000,1,1,0,0,0
UMTS,520,5,18,7307803,0,100.558,13.739,1000,1,1,0,0,0
UMTS,520,18,113,5181697,0,100.565,13.739,1000,1,1,0,0,0
LTE,520,3,868,155024487,0,100.55,13.739,1000,1,1,0,0,0
LTE,520,1,10010,731,0,100.552,13.739,1000,1,1,0,0,0
LTE,520,3,867,154891198,0,100.553,13.739,1000,1,1,0,0,0
LTE,520,1,867,154881658,0,100.556,13.739,1000,1,1,0,0,0
LTE,520,47,33053,79079270,0,100.556,13.739,1000,1,1,0,0,0
LTE,520,18,3053,62479105,0,100.563,13.739,9805,1,1,0,0,0
UMTS,520,15,16021,41888368,0,100.555,13.739,1000,1,1,0,0,0
UMTS,520,4,1602,137698704,0,100.558,13.739,1000,1,1,0,0,0
LTE,520,4,2002,5785890,0,100.56,13.739,8452,1,1,0,0,0
UMTS,520,5,1006,10068763,0,100.553,13.739,1000,1,1,0,0,0
UMTS,520,5,1006,10086973,0,100.553,13.739,1000,1,1,0,0,0
LTE,520,1,865,155034981,0,100.562,13.739,1000,1,1,0,0,0
LTE,520,18,114,6392577,0,100.561,13.739,1000,1,1,0,0,0
LTE,520,3,867,154891121,0,100.554,13.739,1000,1,1,0,0,0
LTE,520,4,2002,1206047,0,100.555,13.739,1000,1,1,0,0,0
UMTS,520,4,1605,137729033,0,100.553,13.739,1000,1,1,0,0,0
UMTS,520,15,16021,41895627,0,100.558,13.739,1000,1,1,0,0,0
UMTS,520,0,17,7401502,0,100.561,13.739,2235,1,1,0,0,0
LTE,520,3,865,154890095,0,100.564,13.739,1000,1,1,0,0,0
UMTS,520,5,3053,23348605,0,100.559,13.739,1000,1,1,0,0,0
UMTS,520,15,16021,41894521,0,100.56,13.739,1000,1,1,0,0,0
LTE,520,1,867,154886245,0,100.556,13.739,1000,1,1,0,0,0
LTE,520,47,33053,76821013,0,100.557,13.739,1000,1,1,0,0,0
UMTS,520,15,16021,41888370,0,100.559,13.739,1000,1,1,0,0,0
UMTS,520,15,16021,41895600,0,100.561,13.739,1000,1,1,0,0,0
UMTS,520,3,16025,41893361,0,100.562,13.739,1000,1,1,0,0,0
LTE,520,1,867,154881383,0,100.556,13.739,1000,1,1,0,0,0
LTE,520,5,114,6392578,0,100.561,13.739,1000,1,1,0,0,0
UMTS,520,5,3051,23338307,0,100.556,13.739,8498,1,1,0,0,0
LTE,520,3,865,157185920,0,100.565,13.739,1000,1,1,0,0,0
LTE,520,47,33053,78475789,0,100.554,13.739,1000,1,1,0,0,0
LTE,520,4,2002,1206048,0,100.554,13.739,1000,1,1,0,0,0
GSM,520,1,24040,933,0,100.563,13.739,1000,1,1,0,0,0
LTE,520,4,20002,1206078,0,100.554,13.739,1000,1,1,0,0,0
LTE,520,3,10010,678,0,100.555,13.739,1000,1,1,0,0,0
LTE,520,3,866,156936293,0,100.566,13.739,4387,1,1,0,0,0
UMTS,520,5,3053,23346218,0,100.557,13.739,1000,1,1,0,0,0
LTE,520,5,114,7726337,0,100.556,13.739,1707,1,1,0,0,0
UMTS,520,0,17,7400297,0,100.565,13.739,1000,1,1,0,0,0
LTE,520,47,33053,76821014,0,100.557,13.739,1000,1,1,0,0,0
UMTS,520,15,16021,41893354,0,100.557,13.739,1000,1,1,0,0,0
UMTS,520,3,7,797656,0,100.554,13.739,3394,1,1,0,0,0
LTE,520,3,865,157193574,0,100.565,13.739,2754,1,1,0,0,0
LTE,520,47,33053,76821015,0,100.557,13.739,1000,1,1,0,0,0
UMTS,520,3,16025,41897826,0,100.553,13.739,4106,1,1,0,0,0
UMTS,520,5,3143,23923756,0,100.563,13.739,5871,1,1,0,0,0
UMTS,520,15,16021,41890469,0,100.556,13.739,1000,1,1,0,0,0
UMTS,520,15,16021,41889714,0,100.56,13.739,1000,1,1,0,0,0
UMTS,520,15,16021,41889711,0,100.561,13.739,1000,1,1,0,0,0
LTE,520,5,114,10644739,0,100.551,13.739,1000,1,1,0,0,0
LTE,520,47,33053,15301306,0,100.553,13.739,1000,1,1,0,0,0
LTE,520,3,867,154881408,0,100.557,13.739,1000,1,1,0,0,0
LTE,520,4,2027,12167812,0,100.558,13.739,1000,1,1,0,0,0
LTE,520,47,54001,78928302,0,100.562,13.739,1000,1,1,0,0,0
LTE,520,4,3002,5366016,0,100.552,13.739,1000,1,1,0,0,0
UMTS,520,18,14612,7340068,0,100.554,13.739,1000,1,1,0,0,0
LTE,520,3,867,154893414,0,100.557,13.739,4844,1,1,0,0,0
GSM,520,1,10010,614,0,100.557,13.739,1000,1,1,0,0,0
UMTS,520,15,16021,41889491,0,100.556,13.739,1000,1,1,0,0,0
UMTS,520,3,20025,43112449,0,100.553,13.739,1000,1,1,0,0,0
LTE,520,3,867,154884711,0,100.559,13.739,8569,1,1,0,0,0
UMTS,520,15,16021,41889452,0,100.554,13.739,1380,1,1,0,0,0
LTE,520,18,3053,64462849,0,100.556,13.739,6515,1,1,0,0,0
UMTS,520,15,16021,41888361,0,100.553,13.739,1000,1,1,0,0,0
UMTS,520,4,3002,5394208,0,100.553,13.739,1000,1,1,0,0,0
LTE,520,18,113,10119939,0,100.561,13.739,1000,1,1,0,0,0
UMTS,520,5,3053,64479489,0,100.558,13.739,1000,1,1,0,0,0
UMTS,520,15,16021,41893862,0,100.565,13.739,1000,1,1,0,0,0
GSM,520,99,1602,34240,0,100.563,13.739,1000,1,1,0,0,0
LTE,520,3,4020,38116,0,100.556,13.739,1000,1,1,0,0,0
UMTS,520,5,3052,23333987,0,100.565,13.739,1000,1,1,0,0,0
UMTS,520,5,3053,23355889,0,100.552,13.739,4092,1,1,0,0,0
UMTS,520,18,14612,7340065,0,100.554,13.739,1000,1,1,0,0,0
LTE,520,5,42001,14500156,0,100.557,13.739,1000,1,1,0,0,0
LTE,520,47,54001,77842608,0,100.562,13.739,1000,1,1,0,0,0
UMTS,520,4,1602,137729031,0,100.553,13.739,1000,1,1,0,0,0
UMTS,520,5,3053,23337757,0,100.555,13.739,5444,1,1,0,0,0
UMTS,520,4,1602,137702379,0,100.557,13.739,1000,1,1,0,0,0
LTE,520,5,113,9149697,0,100.562,13.739,1000,1,1,0,0,0
LTE,520,4,3002,8911646,0,100.551,13.739,7568,1,1,0,0,0
UMTS,520,4,1017,9998549,0,100.552,13.739,1163,1,1,0,0,0
UMTS,520,15,16021,41887840,0,100.56,13.739,1000,1,1,0,0,0
GSM,520,99,1602,33033,0,100.556,13.739,1037,1,1,0,0,0
UMTS,520,1,18,7310089,0,100.557,13.739,1000,1,1,0,0,0
UMTS,520,15,16021,41906250,0,100.56,13.739,1000,1,1,0,0,0
UMTS,520,0,18,7318859,0,100.562,13.739,1000,1,1,0,0,0
GSM,520,15,14210,1089,0,100.559,13.739,1000,1,1,0,0,0
UMTS,520,18,14612,7354710,0,100.557,13.739,1000,1,1,0,0,0
UMTS,520,3,16025,41893558,0,100.564,13.739,1000,1,1,0,0,0
LTE,520,3,867,154891111,0,100.552,13.739,5231,1,1,0,0,0
GSM,520,1,10010,679,0,100.552,13.739,1000,1,1,0,0,0
UMTS,520,5,3053,23347253,0,100.554,13.739,1000,1,1,0,0,0
GSM,520,18,14003,77,0,100.556,13.739,2332,1,1,0,0,0
LTE,520,3,868,154887013,0,100.554,13.739,9556,1,1,0,0,0
LTE,520,3,867,154888305,0,100.554,13.739,1000,1,1,0,0,0
LTE,520,4,3027,12155032,0,100.553,13.74,1000,1,1,0,0,0
LTE,520,4,3002,16850178,0,100.553,13.74,1000,1,1,0,0,0
UMTS,520,3,16025,42224940,0,100.562,13.74,1000,1,1,0,0,0
LTE,520,3,867,154886265,0,100.552,13.74,4727,1,1,0,0,0
UMTS,520,3,14025,41381929,0,100.551,13.74,1000,1,1,0,0,0
UMTS,520,5,114,249713,0,100.556,13.74,1000,1,1,0,0,0
UMTS,520,0,1017,10005490,0,100.553,13.74,1817,1,1,0,0,0
UMTS,520,3,16025,41890401,0,100.562,13.74,1000,1,1,0,0,0
UMTS,520,5,3053,23338590,0,100.551,13.74,1000,1,1,0,0,0
UMTS,520,5,3053,23334083,0,100.559,13.74,1000,1,1,0,0,0
UMTS,520,5,3053,23342301,0,100.553,13.74,1653,1,1,0,0,0
LTE,520,3,867,154891109,0,100.557,13.74,1000,1,1,0,0,0
LTE,520,3,865,155034981,0,100.562,13.74,1000,1,1,0,0,0
GSM,520,99,15062,3888,0,100.556,13.74,1000,1,1,0,0,0
LTE,520,4,20002,1206076,0,100.556,13.74,1000,1,1,0,0,0
GSM,520,99,15062,18485,0,100.561,13.74,1000,1,1,0,0,0
UMTS,520,0,17,7318861,0,100.566,13.74,1000,1,1,0,0,0
UMTS,520,18,16021,41899651,0,100.563,13.74,1000,1,1,0,0,0
UMTS,520,4,17,7351415,0,100.559,13.74,1000,1,1,0,0,0
UMTS,520,18,865,154890097,0,100.563,13.74,1000,1,1,0,0,0
LTE,520,3,865,154890085,0,100.563,13.74,1000,1,1,0,0,0
UMTS,520,15,16021,41888274,0,100.562,13.74,1000,1,1,0,0,0
LTE,520,47,33053,79052812,0,100.557,13.74,1000,1,1,0,0,0
UMTS,520,1,3052,62465026,0,100.563,13.74,1000,1,1,0,0,0
LTE,520,5,114,9246979,0,100.552,13.74,2611,1,1,0,0,0
UMTS,520,5,3053,23355681,0,100.555,13.74,1000,1,1,0,0,0
UMTS,520,0,18,7318861,0,100.563,13.74,1000,1,1,0,0,0
LTE,520,4,1002,3038977,0,100.553,13.74,1000,1,1,0,0,0
LTE,520,4,2002,11320351,0,100.557,13.74,1000,1,1,0,0,0
LTE,520,3,867,154884719,0,100.56,13.74,1000,1,1,0,0,0
LTE,520,4,20002,27981116,0,100.562,13.74,1257,1,1,0,0,0
LTE,520,1,867,154892153,0,100.556,13.74,1000,1,1,0,0,0
GSM,520,99,1602,33032,0,100.557,13.74,3256,1,1,0,0,0
UMTS,520,5,3053,23347252,0,100.557,13.74,1000,1,1,0,0,0
LTE,520,18,3053,64814082,0,100.557,13.74,1000,1,1,0,0,0
UMTS,520,3,16025,42224214,0,100.552,13.74,2206,1,1,0,0,0
LTE,520,47,55001,76848671,0,100.557,13.74,1000,1,1,0,0,0
UMTS,520,5,1602,23352147,0,100.557,13.74,1000,1,1,0,0,0
LTE,520,5,2002,8888352,0,100.557,13.74,1000,1,1,0,0,0
LTE,520,3,867,154881768,0,100.557,13.74,1000,1,1,0,0,0
LTE,520,5,2002,11320351,0,100.557,13.74,1000,1,1,0,0,0
LTE,520,4,20002,3079997,0,100.553,13.74,1000,1,1,0,0,0
UMTS,520,3,16025,41895637,0,100.557,13.74,1000,1,1,0,0,0
LTE,520,47,33053,79052811,0,100.557,13.74,1000,1,1,0,0,0
UMTS,520,5,18,7307800,0,100.563,13.74,1000,1,1,0,0,0
LTE,520,18,114,8960257,0,100.553,13.74,1000,1,1,0,0,0
LTE,520,5,114,6392577,0,100.558,13.74,1000,1,1,0,0,0
GSM,520,99,15062,3904,0,100.561,13.74,1000,1,1,0,0,0
UMTS,520,15,16021,41892414,0,100.562,13.74,1000,1,1,0,0,0
GSM,520,18,14240,2349,0,100.563,13.74,1000,1,1,0,0,0
UMTS,520,4,1622,137727927,0,100.565,13.74,1000,1,1,0,0,0
UMTS,520,5,3052,23349592,0,100.563,13.74,1000,1,1,0,0,0
LTE,520,47,33053,79052813,0,100.557,13.74,1000,1,1,0,0,0
LTE,520,18,3053,64814081,0,100.558,13.74,2770,1,1,0,0,0
LTE,520,5,3052,64776706,0,100.561,13.74,1000,1,1,0,0,0
LTE,520,5,114,8960257,0,100.554,13.74,1000,1,1,0,0,0
LTE,520,18,3052,64822018,0,100.562,13.74,1000,1,1,0,0,0
UMTS,520,1,867,154892134,0,100.556,13.74,1000,1,1,0,0,0
UMTS,520,15,16021,41906246,0,100.556,13.74,1000,1,1,0,0,0
UMTS,520,15,16021,41897069,0,100.558,13.74,1000,1,1,0,0,0
LTE,520,3,912,155060841,0,100.553,13.74,1000,1,1,0,0,0
UMTS,520,3,16025,41887837,0,100.56,13.74,1000,1,1,0,0,0
UMTS,520,15,16021,41888323,0,100.566,13.74,1000,1,1,0,0,0
GSM,520,18,14210,1085,0,100.558,13.74,1000,1,1,0,0,0
LTE,520,47,33053,79079269,0,100.556,13.74,1000,1,1,0,0,0
LTE,520,18,868,154887289,0,100.552,13.74,1000,1,1,0,0,0
UMTS,520,4,1602,137725638,0,100.555,13.74,1000,1,1,0,0,0
UMTS,520,5,3053,23347249,0,100.556,13.74,1000,1,1,0,0,0
GSM,520,99,1602,33034,0,100.556,13.74,1000,1,1,0,0,0
UMTS,520,4,1602,137724439,0,100.561,13.74,3756,1,1,0,0,0
LTE,520,3,867,155030888,0,100.557,13.74,1000,1,1,0,0,0
LTE,520,18,3053,62351619,0,100.558,13.74,1000,1,1,0,0,0
UMTS,520,4,1602,7308997,0,100.556,13.74,1000,1,1,0,0,0
UMTS,520,0,17,7320401,0,100.557,13.74,1000,1,1,0,0,0
UMTS,520,3,16025,41887676,0,100.558,13.74,1000,1,1,0,0,0
GSM,520,99,1602,33750,0,100.56,13.74,1000,1,1,0,0,0
GSM,520,99,15062,3902,0,100.562,13.74,1000,1,1,0,0,0
LTE,520,4,1004,10173699,0,100.565,13.74,1000,1,1,0,0,0
UMTS,520,0,17,7331047,0,100.565,13.74,1000,1,1,0,0,0
GSM,520,99,15062,3876,0,100.565,13.74,1000,1,1,0,0,0
UMTS,520,4,17,137727927,0,100.565,13.74,1000,1,1,0,0,0
LTE,520,3,867,154886246,0,100.554,13.74,1999,1,1,0,0,0
UMTS,520,0,18,7310087,0,100.554,13.74,2693,1,1,0,0,0
UMTS,520,3,16025,41910695,0,100.555,13.74,1000,1,1,0,0,0
LTE,520,47,33053,79052863,0,100.555,13.74,1000,1,1,0,0,0
LTE,520,4,3027,12221591,0,100.551,13.74,1000,1,1,0,0,0
LTE,520,5,2002,11320352,0,100.556,13.74,1000,1,1,0,0,0
UMTS,520,15,16021,41897816,0,100.557,13.74,1000,1,1,0,0,0
UMTS,520,4,1605,137724318,0,100.566,13.74,3369,1,1,0,0,0
UMTS,520,5,3053,23355489,0,100.561,13.74,1000,1,1,0,0,0
UMTS,520,15,16021,41888364,0,100.553,13.74,1000,1,1,0,0,0
LTE,520,3,867,155054201,0,100.553,13.74,1000,1,1,0,0,0
LTE,520,3,914,154778479,0,100.552,13.74,5638,1,1,0,0,0
UMTS,520,3,16025,41897618,0,100.55,13.74,4154,1,1,0,0,0
LTE,520,47,33053,79052841,0,100.557,13.74,1000,1,1,0,0,0
LTE,520,3,867,154886503,0,100.553,13.74,9473,1,1,0,0,0
GSM,520,18,14210,150,0,100.566,13.74,1000,1,1,0,0,0
UMTS,520,3,16025,41898816,0,100.558,13.74,5055,1,1,0,0,0
UMTS,520,15,13011,42620210,0,100.555,13.74,1000,1,1,0,0,0
UMTS,520,4,1602,137728843,0,100.557,13.74,6478,1,1,0,0,0
LTE,520,3,867,154890599,0,100.553,13.74,1000,1,1,0,0,0
UMTS,520,15,16021,41912672,0,100.566,13.74,1000,1,1,0,0,0
LTE,520,5,114,7828737,0,100.556,13.74,1000,1,1,0,0,0
LTE,520,3,867,155033701,0,100.56,13.74,6993,1,1,0,0,0
UMTS,520,18,14612,7353239,0,100.558,13.74,1000,1,1,0,0,0
LTE,520,47,33053,79041569,0,100.556,13.74,1000,1,1,0,0,0
LTE,520,4,3027,12155042,0,100.553,13.74,1000,1,1,0,0,0
LTE,520,4,3002,16850208,0,100.553,13.74,1000,1,1,0,0,0
UMTS,520,3,16025,42224795,0,100.554,13.74,1986,1,1,0,0,0
UMTS,520,3,16025,42226923,0,100.556,13.74,1793,1,1,0,0,0
UMTS,520,5,3053,23344903,0,100.555,13.74,6545,1,1,0,0,0
UMTS,520,3,16025,41887686,0,100.558,13.74,1000,1,1,0,0,0
LTE,520,3,865,155028345,0,100.562,13.74,1000,1,1,0,0,0
LTE,520,18,3053,64818433,0,100.551,13.74,6026,1,1,0,0,0
UMTS,520,15,16021,41906217,0,100.553,13.74,1000,1,1,0,0,0
UMTS,520,3,16025,41895065,0,100.558,13.74,4052,1,1,0,0,0
UMTS,520,15,16021,41888396,0,100.561,13.74,1000,1,1,0,0,0
UMTS,520,3,16025,41895627,0,100.556,13.74,1000,1,1,0,0,0
UMTS,520,3,16025,41905715,0,100.564,13.74,1000,1,1,0,0,0
UMTS,520,0,1006,10061829,0,100.551,13.74,1000,1,1,0,0,0
LTE,520,4,3002,5394178,0,100.553,13.74,1000,1,1,0,0,0
LTE,520,4,2002,1206046,0,100.557,13.74,1000,1,1,0,0,0
LTE,520,18,3053,62479106,0,100.55,13.74,2076,1,1,0,0,0
UMTS,520,5,3053,23355485,0,100.56,13.74,1000,1,1,0,0,0
LTE,520,4,2002,29184256,0,100.563,13.74,1000,1,1,0,0,0
LTE,520,4,3002,1666850,0,100.564,13.74,2058,1,1,0,0,0
LTE,520,4,2027,12068002,0,100.555,13.74,1000,1,1,0,0,0
LTE,520,4,3001,2125089,0,100.555,13.74,8979,1,1,0,0,0
GSM,520,99,15062,18471,0,100.553,13.74,1000,1,1,0,0,0
LTE,520,4,1002,1206078,0,100.554,13.74,1000,1,1,0,0,0
GSM,520,99,15062,3903,0,100.561,13.74,1000,1,1,0,0,0
UMTS,520,15,16021,41887631,0,100.557,13.74,1000,1,1,0,0,0
LTE,520,4,2002,2460448,0,100.557,13.74,2882,1,1,0,0,0
LTE,520,4,20002,28006716,0,100.562,13.74,1000,1,1,0,0,0
LTE,520,47,33052,77126688,0,100.566,13.74,1000,1,1,0,0,0
LTE,520,4,20002,8911677,0,100.551,13.74,1000,1,1,0,0,0
LTE,520,47,33053,76821004,0,100.554,13.74,1000,1,1,0,0,0
LTE,520,4,16010,607,0,100.555,13.74,1000,1,1,0,0,0
UMTS,520,0,1006,10083653,0,100.551,13.74,1000,1,1,0,0,0
UMTS,520,3,16025,41888495,0,100.562,13.74,3605,1,1,0,0,0
GSM,520,18,14003,149,0,100.562,13.74,2918,1,1,0,0,0
UMTS,520,0,18,7320401,0,100.557,13.74,1000,1,1,0,0,0
UMTS,520,0,18,7331121,0,100.561,13.74,1000,1,1,0,0,0
UMTS,520,15,16021,41890467,0,100.553,13.74,1000,1,1,0,0,0
UMTS,520,0,17,7381823,0,100.565,13.74,1000,1,1,0,0,0
UMTS,520,15,16021,41887998,0,100.562,13.74,1000,1,1,0,0,0
UMTS,520,4,1602,137725637,0,100.557,13.74,1000,1,1,0,0,0
UMTS,520,15,16025,41912672,0,100.566,13.74,1000,1,1,0,0,0
UMTS,520,15,16021,41890470,0,100.554,13.74,1000,1,1,0,0,0
LTE,520,4,1002,1206016,0,100.557,13.74,1000,1,1,0,0,0
LTE,520,4,3002,3039007,0,100.552,13.74,6905,1,1,0,0,0
LTE,520,4,2002,18672926,0,100.556,13.74,1000,1,1,0,0,0
LTE,520,18,3053,64814083,0,100.554,13.74,2616,1,1,0,0,0
LTE,520,3,865,154890105,0,100.564,13.74,1000,1,1,0,0,0
UMTS,520,3,16025,41888800,0,100.552,13.74,1720,1,1,0,0,0
UMTS,520,3,16025,41899651,0,100.562,13.74,1000,1,1,0,0,0
LTE,520,3,865,155028584,0,100.563,13.74,1000,1,1,0,0,0
UMTS,520,18,16025,41890495,0,100.552,13.74,1000,1,1,0,0,0
UMTS,520,18,16025,41890505,0,100.552,13.74,1000,1,1,0,0,0
LTE,520,18,868,154887269,0,100.552,13.74,1000,1,1,0,0,0
LTE,520,4,3002,3038977,0,100.554,13.74,9785,1,1,0,0,0
UMTS,520,1,55010,4328288,0,100.561,13.74,1000,1,1,0,0,0
UMTS,520,5,3053,23347248,0,100.554,13.74,1000,1,1,0,0,0
LTE,520,18,114,3699457,0,100.553,13.74,1000,1,1,0,0,0
UMTS,520,15,16021,41906826,0,100.557,13.74,1000,1,1,0,0,0
LTE,520,3,868,154887276,0,100.551,13.74,3462,1,1,0,0,0
UMTS,520,4,865,154890105,0,100.564,13.74,1000,1,1,0,0,0
LTE,520,5,3052,64743938,0,100.565,13.74,1000,1,1,0,0,0
LTE,520,3,868,154887279,0,100.55,13.74,1000,1,1,0,0,0
LTE,520,3,24040,679,0,100.564,13.74,1000,1,1,0,0,0
LTE,520,4,2002,2460416,0,100.557,13.74,2946,1,1,0,0,0
UMTS,520,5,3052,23337557,0,100.561,13.74,1000,1,1,0,0,0
GSM,520,18,14003,78,0,100.555,13.74,1000,1,1,0,0,0
LTE,520,3,867,154886268,0,100.555,13.74,1000,1,1,0,0,0
UMTS,520,18,14612,0,0,100.557,13.74,5845,1,1,0,0,0
UMTS,520,0,18,7308997,0,100.556,13.74,1000,1,1,0,0,0
UMTS,520,18,14612,7340761,0,100.558,13.74,1000,1,1,0,0,0
UMTS,520,0,17,7320446,0,100.557,13.74,1000,1,1,0,0,0
UMTS,520,15,10011,42217766,0,100.553,13.74,4849,1,1,0,0,0
UMTS,520,5,3053,23338593,0,100.55,13.74,1000,1,1,0,0,0
UMTS,520,5,3052,23349595,0,100.555,13.74,4598,1,1,0,0,0
LTE,520,4,2002,1346847,0,100.562,13.74,4819,1,1,0,0,0
LTE,520,3,867,154881669,0,100.556,13.74,1000,1,1,0,0,0
UMTS,520,3,16025,42222133,0,100.556,13.74,1000,1,1,0,0,0
LTE,520,3,867,154881769,0,100.556,13.74,1000,1,1,0,0,0
LTE,520,5,2002,18672928,0,100.556,13.74,1000,1,1,0,0,0
UMTS,520,15,16021,41888398,0,100.563,13.74,1000,1,1,0,0,0
LTE,520,3,868,154887299,0,100.551,13.74,1000,1,1,0,0,0
LTE,520,3,867,155028838,0,100.553,13.74,1000,1,1,0,0,0
UMTS,520,3,16025,41895605,0,100.561,13.74,1000,1,1,0,0,0
UMTS,520,5,3053,23334082,0,100.558,13.74,1000,1,1,0,0,0
LTE,520,47,33053,79052843,0,100.556,13.74,1000,1,1,0,0,0
LTE,520,5,114,9003780,0,100.556,13.74,1000,1,1,0,0,0
UMTS,520,15,16021,41890243,0,100.551,13.74,1000,1,1,0,0,0
LTE,520,5,104,7859457,0,100.566,13.74,1252,1,1,0,0,0
LTE,520,5,113,10119939,0,100.563,13.74,1000,1,1,0,0,0
UMTS,520,1,14721,8137374,0,100.555,13.74,1000,1,1,0,0,0
UMTS,520,3,16025,41891705,0,100.566,13.74,1000,1,1,0,0,0
LTE,520,1,24040,937,0,100.563,13.74,1000,1,1,0,0,0
LTE,520,47,33052,78928141,0,100.562,13.74,1000,1,1,0,0,0
UMTS,520,3,16025,41888088,0,100.552,13.74,1000,1,1,0,0,0
UMTS,520,18,14721,8126500,0,100.554,13.74,1000,1,1,0,0,0
LTE,520,3,867,155027813,0,100.558,13.74,1000,1,1,0,0,0
UMTS,520,3,16025,41889820,0,100.553,13.74,1000,1,1,0,0,0
UMTS,520,15,16021,41906247,0,100.554,13.74,1000,1,1,0,0,0
LTE,520,4,20002,3039037,0,100.553,13.74,1037,1,1,0,0,0
UMTS,520,15,16021,41887682,0,100.555,13.74,1000,1,1,0,0,0
LTE,520,4,2027,12098691,0,100.557,13.74,1000,1,1,0,0,0
LTE,520,47,33053,79052831,0,100.555,13.74,1000,1,1,0,0,0
GSM,520,99,1602,35180,0,100.561,13.74,1000,1,1,0,0,0
UMTS,520,15,10011,42217283,0,100.559,13.74,1286,1,1,0,0,0
GSM,520,99,1602,35253,0,100.551,13.74,1000,1,1,0,0,0
LTE,520,3,867,154884731,0,100.554,13.74,8726,1,1,0,0,0
LTE,520,4,2027,12068000,0,100.555,13.74,1000,1,1,0,0,0
LTE,520,47,54001,79041567,0,100.556,13.74,1000,1,1,0,0,0
UMTS,520,5,1602,23356323,0,100.556,13.74,1000,1,1,0,0,0
UMTS,520,3,4015,42150651,0,100.564,13.74,1000,1,1,0,0,0
LTE,520,3,867,154892155,0,100.554,13.74,2880,1,1,0,0,0
LTE,520,3,865,155028585,0,100.562,13.74,1000,1,1,0,0,0
UMTS,520,0,17,7392337,0,100.565,13.74,1000,1,1,0,0,0
LTE,520,3,865,157185905,0,100.562,13.74,1000,1,1,0,0,0
UMTS,520,3,16025,41891467,0,100.555,13.74,1000,1,1,0,0,0
UMTS,520,0,18,7330781,0,100.557,13.74,1000,1,1,0,0,0
UMTS,520,4,1602,137726511,0,100.555,13.74,4033,1,1,0,0,0
UMTS,520,18,18,7318859,0,100.561,13.74,1000,1,1,0,0,0
LTE,520,4,2027,12078211,0,100.56,13.74,8458,1,1,0,0,0
UMTS,520,3,16025,41890485,0,100.55,13.74,1000,1,1,0,0,0
GSM,520,18,14240,112,0,100.561,13.74,1000,1,1,0,0,0
LTE,520,3,866,154880103,0,100.559,13.74,7509,1,1,0,0,0
LTE,520,3,868,154888047,0,100.556,13.74,3699,1,1,0,0,0
UMTS,520,3,16025,41906260,0,100.56,13.74,1000,1,1,0,0,0
UMTS,520,5,3053,23344900,0,100.553,13.74,3105,1,1,0,0,0
LTE,520,3,867,155073895,0,100.556,13.74,1000,1,1,0,0,0
UMTS,520,15,20021,42112659,0,100.553,13.74,1000,1,1,0,0,0
LTE,520,47,33053,76839957,0,100.563,13.74,1000,1,1,0,0,0
LTE,520,18,3053,64492801,0,100.552,13.74,1000,1,1,0,0,0
LTE,520,18,3053,64836355,0,100.552,13.74,1000,1,1,0,0,0
UMTS,520,15,14240,2010,0,100.563,13.74,1000,1,1,0,0,0
LTE,520,3,865,154889830,0,100.559,13.74,1000,1,1,0,0,0
UMTS,520,0,1017,10002347,0,100.55,13.74,4119,1,1,0,0,0
UMTS,520,3,10015,42220399,0,100.556,13.74,2526,1,1,0,0,0
UMTS,520,0,18,7335977,0,100.556,13.74,1000,1,1,0,0,0
LTE,520,18,18,7318861,0,100.562,13.74,1000,1,1,0,0,0
UMTS,520,5,3053,23334081,0,100.558,13.74,1000,1,1,0,0,0
UMTS,520,15,16021,41887881,0,100.557,13.74,1000,1,1,0,0,0
UMTS,520,15,35011,42308985,0,100.556,13.74,1000,1,1,0,0,0
LTE,520,3,867,155030886,0,100.558,13.74,1000,1,1,0,0,0
LTE,520,18,112,12290819,0,100.56,13.74,1000,1,1,0,0,0
UMTS,520,15,16021,41890472,0,100.552,13.74,1534,1,1,0,0,0
UMTS,520,3,16025,41899116,0,100.559,13.74,3171,1,1,0,0,0
UMTS,520,15,16021,41892346,0,100.558,13.74,1000,1,1,0,0,0
LTE,520,5,3053,64655361,0,100.559,13.74,1000,1,1,0,0,0
UMTS,520,3,16025,41888977,0,100.562,13.74,1000,1,1,0,0,0
LTE,520,3,867,155024250,0,100.555,13.74,1000,1,1,0,0,0
LTE,520,4,2027,12167832,0,100.555,13.74,1000,1,1,0,0,0
LTE,520,3,868,154903940,0,100.556,13.74,1000,1,1,0,0,0
LTE,520,3,868,154885547,0,100.556,13.74,1000,1,1,0,0,0
LTE,520,3,868,154885609,0,100.556,13.74,1000,1,1,0,0,0
LTE,520,3,868,154885607,0,100.556,13.74,1000,1,1,0,0,0
LTE,520,3,868,154904040,0,100.556,13.74,1000,1,1,0,0,0
LTE,520,47,33053,15326896,0,100.556,13.74,1000,1,1,0,0,0
LTE,520,3,866,154880379,0,100.562,13.74,2602,1,1,0,0,0
UMTS,520,3,16025,41897828,0,100.555,13.74,1000,1,1,0,0,0
UMTS,520,0,18,7333766,0,100.557,13.74,1000,1,1,0,0,0
LTE,520,47,33053,79052832,0,100.555,13.74,1000,1,1,0,0,0
LTE,520,3,865,157185903,0,100.566,13.74,1000,1,1,0,0,0
UMTS,520,3,16025,41887881,0,100.557,13.74,1000,1,1,0,0,0
UMTS,520,15,16025,41887684,0,100.557,13.74,1000,1,1,0,0,0
UMTS,520,5,3052,62471169,0,100.562,13.74,1000,1,1,0,0,0
LTE,520,4,20002,26245436,0,100.563,13.74,1000,1,1,0,0,0
UMTS,520,0,18,7308999,0,100.554,13.74,1000,1,1,0,0,0
LTE,520,5,114,11310339,0,100.562,13.74,1000,1,1,0,0,0
LTE,520,5,114,10644737,0,100.553,13.74,1000,1,1,0,0,0
LTE,520,47,33053,78475788,0,100.553,13.74,1000,1,1,0,0,0
LTE,520,3,912,156937071,0,100.553,13.74,1000,1,1,0,0,0
LTE,520,47,33053,76821005,0,100.553,13.74,1000,1,1,0,0,0
LTE,520,18,3053,62351617,0,100.557,13.74,1000,1,1,0,0,0
UMTS,520,5,3053,23334085,0,100.558,13.74,1000,1,1,0,0,0
UMTS,520,5,3053,23332788,0,100.559,13.74,1000,1,1,0,0,0
UMTS,520,5,3053,23343715,0,100.552,13.74,1000,1,1,0,0,0
UMTS,520,15,16021,41892347,0,100.558,13.74,1000,1,1,0,0,0
LTE,520,47,33053,79052833,0,100.555,13.74,1000,1,1,0,0,0
GSM,520,99,1602,34470,0,100.555,13.74,1000,1,1,0,0,0
UMTS,520,0,18,7312325,0,100.555,13.74,1000,1,1,0,0,0
UMTS,520,0,18,7310089,0,100.555,13.74,1000,1,1,0,0,0
UMTS,520,0,18,7321799,0,100.556,13.74,1000,1,1,0,0,0
LTE,520,4,1002,1206046,0,100.557,13.74,1000,1,1,0,0,0
UMTS,520,0,18,7320456,0,100.558,13.74,1000,1,1,0,0,0
GSM,520,99,1602,33730,0,100.558,13.74,1000,1,1,0,0,0
UMTS,520,0,17,7333766,0,100.558,13.74,1000,1,1,0,0,0
UMTS,520,3,14025,41364512,0,100.56,13.74,1000,1,1,0,0,0
LTE,520,4,1002,2027806,0,100.562,13.74,1000,1,1,0,0,0
GSM,520,99,1602,33453,0,100.563,13.74,1000,1,1,0,0,0
GSM,520,99,15062,3901,0,100.564,13.74,1000,1,1,0,0,0
UMTS,520,0,18,7379163,0,100.566,13.74,1000,1,1,0,0,0
UMTS,520,4,1622,137730267,0,100.566,13.74,1000,1,1,0,0,0
GSM,520,18,14721,2263,0,100.55,13.74,1000,1,1,0,0,0
UMTS,520,3,20025,41890505,0,100.55,13.74,1000,1,1,0,0,0
UMTS,520,3,20025,41890495,0,100.55,13.74,1000,1,1,0,0,0
UMTS,520,3,39230,41890505,0,100.55,13.74,1000,1,1,0,0,0
UMTS,520,3,16025,41883796,0,100.55,13.74,1000,1,1,0,0,0
UMTS,520,3,16025,41884931,0,100.55,13.74,1000,1,1,0,0,0
UMTS,520,3,16025,42242196,0,100.55,13.74,1000,1,1,0,0,0
UMTS,520,15,1006,10072189,0,100.55,13.74,1000,1,1,0,0,0
GSM,520,23,10059,2321,0,100.55,13.74,1000,1,1,0,0,0
GSM,520,99,15062,5628,0,100.55,13.74,1000,1,1,0,0,0
UMTS,520,3,20025,41913405,0,100.55,13.74,1000,1,1,0,0,0
UMTS,520,18,14721,7340063,0,100.55,13.74,1000,1,1,0,0,0
UMTS,520,3,16025,41888363,0,100.55,13.74,1000,1,1,0,0,0
UMTS,520,3,16025,41888223,0,100.55,13.74,1000,1,1,0,0,0
UMTS,520,0,1008,7331028,0,100.55,13.74,1000,1,1,0,0,0
GSM,520,99,15062,5637,0,100.552,13.74,1000,1,1,0,0,0
GSM,520,99,15062,5654,0,100.552,13.74,1000,1,1,0,0,0
UMTS,520,3,16025,41890463,0,100.552,13.74,1000,1,1,0,0,0
UMTS,520,3,14025,3023039,0,100.553,13.74,1000,1,1,0,0,0
GSM,520,99,15062,4006,0,100.553,13.74,1000,1,1,0,0,0
UMTS,520,3,16025,41890861,0,100.553,13.74,1000,1,1,0,0,0
UMTS,520,3,16025,41906208,0,100.553,13.74,1000,1,1,0,0,0
UMTS,520,3,16025,41906218,0,100.553,13.74,1000,1,1,0,0,0
UMTS,520,3,16025,41906230,0,100.553,13.74,1000,1,1,0,0,0
UMTS,520,3,16025,41906220,0,100.553,13.74,1000,1,1,0,0,0
UMTS,520,18,14612,7342947,0,100.553,13.74,1000,1,1,0,0,0
GSM,520,18,14003,2308,0,100.553,13.74,1000,1,1,0,0,0
UMTS,520,0,18,9994597,0,100.553,13.74,1000,1,1,0,0,0
UMTS,520,0,1017,7318507,0,100.553,13.74,1000,1,1,0,0,0
UMTS,520,18,14612,41906225,0,100.553,13.74,1000,1,1,0,0,0
UMTS,520,5,3053,6753211,0,100.553,13.74,1000,1,1,0,0,0
UMTS,520,3,16025,36320786,0,100.553,13.74,1000,1,1,0,0,0
UMTS,520,0,1006,7335978,0,100.553,13.74,1000,1,1,0,0,0
UMTS,520,3,16025,41890461,0,100.553,13.74,1000,1,1,0,0,0
UMTS,520,4,1602,137725639,0,100.554,13.74,1000,1,1,0,0,0
UMTS,520,3,16025,41884952,0,100.554,13.74,1000,1,1,0,0,0
UMTS,520,3,16025,41883870,0,100.554,13.74,1000,1,1,0,0,0
UMTS,520,3,16025,41900015,0,100.554,13.74,1000,1,1,0,0,0
UMTS,520,3,16025,41899975,0,100.554,13.74,1000,1,1,0,0,0
UMTS,520,3,16025,41891447,0,100.554,13.74,1000,1,1,0,0,0
UMTS,520,3,16025,41906237,0,100.554,13.74,1000,1,1,0,0,0
UMTS,520,3,16025,41906250,0,100.554,13.74,1000,1,1,0,0,0
UMTS,520,3,16025,41906255,0,100.554,13.74,1000,1,1,0,0,0
UMTS,520,3,16025,41906247,0,100.554,13.74,1000,1,1,0,0,0
UMTS,520,3,14025,41381959,0,100.554,13.74,1000,1,1,0,0,0
UMTS,520,3,14025,41381967,0,100.554,13.74,1000,1,1,0,0,0
UMTS,520,3,14025,41381957,0,100.554,13.74,1000,1,1,0,0,0
LTE,520,4,1002,1206018,0,100.554,13.74,1000,1,1,0,0,0
LTE,520,4,1002,1206048,0,100.554,13.74,1000,1,1,0,0,0
UMTS,520,5,3053,7340063,0,100.554,13.74,1000,1,1,0,0,0
UMTS,520,18,3053,8126495,0,100.554,13.74,1000,1,1,0,0,0
UMTS,520,18,3053,23344900,0,100.554,13.74,1000,1,1,0,0,0
GSM,520,25,10010,679,0,100.554,13.74,1000,1,1,0,0,0
GSM,520,99,15062,3889,0,100.554,13.74,1000,1,1,0,0,0
UMTS,520,0,18,7321046,0,100.554,13.74,1000,1,1,0,0,0
UMTS,520,0,18,7314436,0,100.554,13.74,1000,1,1,0,0,0
UMTS,520,0,18,7329566,0,100.554,13.74,1000,1,1,0,0,0
UMTS,520,0,18,7321036,0,100.554,13.74,1000,1,1,0,0,0
UMTS,520,0,1006,7307504,0,100.554,13.74,1000,1,1,0,0,0
LTE,520,3,867,155021157,0,100.554,13.74,1000,1,1,0,0,0
GSM,520,99,1602,34190,0,100.554,13.74,1000,1,1,0,0,0
UMTS,520,3,39230,41891467,0,100.554,13.74,1000,1,1,0,0,0
UMTS,520,18,14612,7342950,0,100.554,13.74,1000,1,1,0,0,0
UMTS,520,0,1006,7310088,0,100.554,13.74,1000,1,1,0,0,0
GSM,520,99,1621,33613,0,100.554,13.74,1000,1,1,0,0,0
UMTS,520,0,18,10086973,0,100.554,13.74,1000,1,1,0,0,0
UMTS,520,18,14612,7342946,0,100.554,13.74,1000,1,1,0,0,0
UMTS,520,0,18,137726511,0,100.554,13.74,1000,1,1,0,0,0
UMTS,520,0,18,41899986,0,100.554,13.74,1000,1,1,0,0,0
UMTS,520,3,16025,41889492,0,100.554,13.74,1000,1,1,0,0,0
UMTS,520,3,16025,41893355,0,100.554,13.74,1000,1,1,0,0,0
UMTS,520,5,60427,23344903,0,100.554,13.74,1000,1,1,0,0,0
UMTS,520,0,1006,7330783,0,100.554,13.74,1000,1,1,0,0,0
UMTS,520,4,1602,386817,0,100.556,13.74,1000,1,1,0,0,0
UMTS,520,3,16025,3887,0,100.556,13.74,1000,1,1,0,0,0
UMTS,520,3,16025,41883874,0,100.556,13.74,1000,1,1,0,0,0
UMTS,520,3,16025,41899985,0,100.556,13.74,1000,1,1,0,0,0
UMTS,520,3,16025,42018967,0,100.556,13.74,1000,1,1,0,0,0
UMTS,520,3,16025,42018969,0,100.556,13.74,1000,1,1,0,0,0
UMTS,520,3,16025,41906245,0,100.556,13.74,1000,1,1,0,0,0
UMTS,520,3,16025,42023679,0,100.556,13.74,1000,1,1,0,0,0
UMTS,520,3,14025,41364489,0,100.556,13.74,1000,1,1,0,0,0
UMTS,520,3,14025,41381947,0,100.556,13.74,1000,1,1,0,0,0
UMTS,520,18,3053,23344700,0,100.556,13.74,1000,1,1,0,0,0
UMTS,520,18,14612,7340066,0,100.556,13.74,1000,1,1,0,0,0
UMTS,520,18,14612,8134590,0,100.556,13.74,1000,1,1,0,0,0
UMTS,520,15,18,7320401,0,100.556,13.74,1000,1,1,0,0,0
GSM,520,23,10059,2270,0,100.556,13.74,1000,1,1,0,0,0
GSM,520,25,10010,613,0,100.556,13.74,1000,1,1,0,0,0
GSM,520,25,10010,730,0,100.556,13.74,1000,1,1,0,0,0
GSM,520,25,10010,677,0,100.556,13.74,1000,1,1,0,0,0
GSM,520,25,10010,615,0,100.556,13.74,1000,1,1,0,0,0
UMTS,520,0,1006,7308997,0,100.556,13.74,1000,1,1,0,0,0
UMTS,520,5,3052,23347251,0,100.556,13.74,1000,1,1,0,0,0
UMTS,520,99,16025,41914821,0,100.556,13.74,1000,1,1,0,0,0
UMTS,520,0,18,7310088,0,100.556,13.74,1000,1,1,0,0,0
UMTS,520,0,18,7321797,0,100.556,13.74,1000,1,1,0,0,0
UMTS,520,0,14003,76,0,100.556,13.74,1000,1,1,0,0,0
UMTS,520,0,18,7335978,0,100.556,13.74,1000,1,1,0,0,0
UMTS,520,0,18,7321798,0,100.556,13.74,1000,1,1,0,0,0
UMTS,520,0,18,7335979,0,100.556,13.74,1000,1,1,0,0,0
UMTS,520,0,1006,7321798,0,100.556,13.74,1000,1,1,0,0,0
UMTS,520,18,14612,7342979,0,100.556,13.74,1000,1,1,0,0,0
UMTS,520,0,18,7312355,0,100.556,13.74,1000,1,1,0,0,0
UMTS,520,0,18,7312365,0,100.556,13.74,1000,1,1,0,0,0
LTE,520,5,114,9004036,0,100.556,13.74,1000,1,1,0,0,0
UMTS,520,3,16025,41893354,0,100.556,13.74,1000,1,1,0,0,0
UMTS,520,3,16025,41889848,0,100.556,13.74,1000,1,1,0,0,0
UMTS,520,3,16025,41889850,0,100.556,13.74,1000,1,1,0,0,0
UMTS,520,3,16025,41893356,0,100.556,13.74,1000,1,1,0,0,0
GSM,520,18,11526,852,0,100.557,13.74,1000,1,1,0,0,0
UMTS,520,3,16025,41887695,0,100.557,13.74,1000,1,1,0,0,0
UMTS,520,3,16025,41883590,0,100.557,13.74,1000,1,1,0,0,0
UMTS,520,3,16025,41883592,0,100.557,13.74,1000,1,1,0,0,0
UMTS,520,3,16025,41884917,0,100.557,13.74,1000,1,1,0,0,0
UMTS,520,3,16025,41884945,0,100.557,13.74,1000,1,1,0,0,0
UMTS,520,3,16025,41910575,0,100.557,13.74,1000,1,1,0,0,0
UMTS,520,3,16025,41910565,0,100.557,13.74,1000,1,1,0,0,0
LTE,520,4,1002,2027778,0,100.557,13.74,1000,1,1,0,0,0
UMTS,520,0,18,7324306,0,100.557,13.74,1000,1,1,0,0,0
UMTS,520,3,16025,41910555,0,100.557,13.74,1000,1,1,0,0,0
UMTS,520,99,17,7396578,0,100.557,13.74,1000,1,1,0,0,0
UMTS,520,0,17,7323676,0,100.557,13.74,1000,1,1,0,0,0
UMTS,520,4,1602,7309446,0,100.557,13.74,1000,1,1,0,0,0
UMTS,520,0,17,7309446,0,100.557,13.74,1000,1,1,0,0,0
UMTS,520,4,1602,7390113,0,100.557,13.74,1000,1,1,0,0,0
LTE,520,5,114,28419,0,100.559,13.74,1000,1,1,0,0,0
GSM,520,99,15062,3913,0,100.559,13.74,1000,1,1,0,0,0
UMTS,520,0,18,7309456,0,100.559,13.74,1000,1,1,0,0,0
GSM,520,1,10059,2270,0,100.559,13.74,1000,1,1,0,0,0
UMTS,520,4,1602,7307801,0,100.559,13.74,1000,1,1,0,0,0
UMTS,520,0,1006,7324498,0,100.559,13.74,1000,1,1,0,0,0
UMTS,520,4,1602,7308386,0,100.559,13.74,1000,1,1,0,0,0
UMTS,520,0,18,7319376,0,100.559,13.74,1000,1,1,0,0,0
UMTS,520,3,16025,41878797,0,100.56,13.74,1000,1,1,0,0,0
UMTS,520,3,16025,41887665,0,100.56,13.74,1000,1,1,0,0,0
UMTS,520,3,16025,41887685,0,100.56,13.74,1000,1,1,0,0,0
UMTS,520,3,16025,41895585,0,100.56,13.74,1000,1,1,0,0,0
UMTS,520,3,16025,41914828,0,100.56,13.74,1000,1,1,0,0,0
UMTS,520,3,14025,41363377,0,100.56,13.74,1000,1,1,0,0,0
UMTS,520,3,14025,41363387,0,100.56,13.74,1000,1,1,0,0,0
LTE,520,4,1002,2027776,0,100.56,13.74,1000,1,1,0,0,0
UMTS,520,3,16025,41883846,0,100.561,13.74,1000,1,1,0,0,0
UMTS,520,3,16025,41884971,0,100.561,13.74,1000,1,1,0,0,0
UMTS,520,3,16025,41888935,0,100.561,13.74,1000,1,1,0,0,0
UMTS,520,3,16025,41907126,0,100.561,13.74,1000,1,1,0,0,0
UMTS,520,3,14025,41363397,0,100.561,13.74,1000,1,1,0,0,0
UMTS,520,3,14025,41380078,0,100.561,13.74,1000,1,1,0,0,0
UMTS,520,3,14025,41381409,0,100.561,13.74,1000,1,1,0,0,0
UMTS,520,3,14025,41380068,0,100.561,13.74,1000,1,1,0,0,0
LTE,520,4,1002,5785861,0,100.561,13.74,1000,1,1,0,0,0
UMTS,520,5,3053,23337560,0,100.561,13.74,1000,1,1,0,0,0
UMTS,520,5,3053,23337557,0,100.561,13.74,1000,1,1,0,0,0
UMTS,520,5,3052,23355489,0,100.561,13.74,1000,1,1,0,0,0
UMTS,520,0,18,7307799,0,100.561,13.74,1000,1,1,0,0,0
UMTS,520,0,18,7323566,0,100.561,13.74,1000,1,1,0,0,0
UMTS,520,0,18,137724439,0,100.561,13.74,1000,1,1,0,0,0
UMTS,520,0,18,7334566,0,100.561,13.74,1000,1,1,0,0,0
UMTS,520,3,16025,41913767,0,100.561,13.74,1000,1,1,0,0,0
LTE,520,4,20002,26521917,0,100.561,13.74,1000,1,1,0,0,0
UMTS,520,3,16025,41884985,0,100.563,13.74,1000,1,1,0,0,0
UMTS,520,3,16025,41898206,0,100.563,13.74,1000,1,1,0,0,0
UMTS,520,3,16025,41904346,0,100.563,13.74,1000,1,1,0,0,0
UMTS,520,3,16025,41907106,0,100.563,13.74,1000,1,1,0,0,0
UMTS,520,3,16025,41907116,0,100.563,13.74,1000,1,1,0,0,0
UMTS,520,3,14025,41380058,0,100.563,13.74,1000,1,1,0,0,0
UMTS,520,5,3052,23337528,0,100.563,13.74,1000,1,1,0,0,0
UMTS,520,0,18,7307800,0,100.563,13.74,1000,1,1,0,0,0
GSM,520,1,10059,2142,0,100.563,13.74,1000,1,1,0,0,0
GSM,520,18,14240,2348,0,100.563,13.74,1000,1,1,0,0,0
GSM,520,99,15062,18461,0,100.563,13.74,1000,1,1,0,0,0
LTE,520,3,865,155028583,0,100.563,13.74,1000,1,1,0,0,0
GSM,520,99,1602,34230,0,100.563,13.74,1000,1,1,0,0,0
LTE,520,3,865,155028582,0,100.563,13.74,1000,1,1,0,0,0
UMTS,520,3,16025,41905705,0,100.564,13.74,1000,1,1,0,0,0
UMTS,520,3,16025,41905695,0,100.564,13.74,1000,1,1,0,0,0
GSM,520,99,1618,4034,0,100.564,13.74,1000,1,1,0,0,0
UMTS,520,3,16025,41891695,0,100.565,13.74,1000,1,1,0,0,0
UMTS,520,3,16025,41897361,0,100.565,13.74,1000,1,1,0,0,0
UMTS,520,3,16025,41891685,0,100.565,13.74,1000,1,1,0,0,0
GSM,520,4,1622,3823,0,100.565,13.74,1000,1,1,0,0,0
UMTS,520,0,17,7379163,0,100.565,13.74,1000,1,1,0,0,0
UMTS,520,4,17,137732928,0,100.565,13.74,1000,1,1,0,0,0
LTE,520,3,865,154884729,0,100.56,13.74,1000,1,1,0,0,0
UMTS,520,4,1602,137726207,0,100.561,13.74,4640,1,1,0,0,0
UMTS,520,5,1021,19875229,0,100.552,13.74,4641,1,1,0,0,0
LTE,520,4,2002,1346848,0,100.56,13.74,2817,1,1,0,0,0
LTE,520,3,867,155030885,0,100.558,13.74,1000,1,1,0,0,0
LTE,520,5,42027,8960327,0,100.552,13.741,1000,1,1,0,0,0
LTE,520,47,53001,78507019,0,100.552,13.741,1000,1,1,0,0,0
LTE,520,4,2027,12167810,0,100.559,13.741,8447,1,1,0,0,0
LTE,520,3,867,155033702,0,100.562,13.741,7177,1,1,0,0,0
UMTS,520,15,16021,41896205,0,100.562,13.741,1000,1,1,0,0,0
LTE,520,3,867,154892145,0,100.561,13.741,3201,1,1,0,0,0
UMTS,520,4,2002,26726656,0,100.557,13.741,1000,1,1,0,0,0
LTE,520,4,20002,26726716,0,100.558,13.741,1000,1,1,0,0,0
GSM,520,18,14003,337,0,100.556,13.741,1000,1,1,0,0,0
UMTS,520,15,16021,41892968,0,100.564,13.741,1000,1,1,0,0,0
UMTS,520,4,17,7380052,0,100.565,13.741,1000,1,1,0,0,0
UMTS,520,3,16025,41915494,0,100.552,13.741,5163,1,1,0,0,0
GSM,520,18,14003,76,0,100.556,13.741,1000,1,1,0,0,0
LTE,520,3,865,157390437,0,100.566,13.741,1000,1,1,0,0,0
LTE,520,5,114,9003779,0,100.555,13.741,1000,1,1,0,0,0
UMTS,520,5,3053,23355490,0,100.559,13.741,1000,1,1,0,0,0
LTE,520,3,912,155060859,0,100.553,13.741,1000,1,1,0,0,0
UMTS,520,3,14025,41381927,0,100.553,13.741,1000,1,1,0,0,0
UMTS,520,15,16021,41889847,0,100.556,13.741,1000,1,1,0,0,0
LTE,520,3,867,154881668,0,100.555,13.741,1000,1,1,0,0,0
LTE,520,3,867,154886247,0,100.555,13.741,1000,1,1,0,0,0
GSM,520,1,24040,679,0,100.563,13.741,7994,1,1,0,0,0
UMTS,520,5,3053,23334465,0,100.552,13.741,3640,1,1,0,0,0
UMTS,520,5,14612,7342945,0,100.555,13.741,1000,1,1,0,0,0
LTE,520,3,867,155027047,0,100.559,13.741,1000,1,1,0,0,0
UMTS,520,5,3052,23349593,0,100.564,13.741,1000,1,1,0,0,0
UMTS,520,15,16021,41889810,0,100.553,13.741,1000,1,1,0,0,0
LTE,520,18,3052,62310145,0,100.563,13.741,3880,1,1,0,0,0
UMTS,520,5,3053,23355680,0,100.556,13.741,1000,1,1,0,0,0
LTE,520,3,867,154886250,0,100.555,13.741,1000,1,1,0,0,0
LTE,520,47,33053,79041567,0,100.556,13.741,1000,1,1,0,0,0
UMTS,520,4,1602,137726086,0,100.557,13.741,1000,1,1,0,0,0
LTE,520,4,114,3115849,0,100.553,13.741,1000,1,1,0,0,0
LTE,520,4,114,8960327,0,100.553,13.741,1000,1,1,0,0,0
LTE,520,47,55001,76821023,0,100.555,13.741,1000,1,1,0,0,0
UMTS,520,15,16021,41891695,0,100.565,13.741,1000,1,1,0,0,0
LTE,520,3,867,155030905,0,100.558,13.741,1000,1,1,0,0,0
LTE,520,4,3002,5366046,0,100.551,13.741,3407,1,1,0,0,0
LTE,520,5,114,8394498,0,100.556,13.741,1000,1,1,0,0,0
UMTS,520,5,3053,23355486,0,100.559,13.741,1000,1,1,0,0,0
UMTS,520,15,16021,41889850,0,100.555,13.741,1000,1,1,0,0,0
UMTS,520,5,3052,23341779,0,100.562,13.741,1000,1,1,0,0,0
GSM,520,1,24040,743,0,100.562,13.741,1000,1,1,0,0,0
LTE,520,47,33053,76824085,0,100.551,13.741,1000,1,1,0,0,0
UMTS,520,5,3052,23338033,0,100.562,13.741,1000,1,1,0,0,0
UMTS,520,5,3052,23353562,0,100.556,13.741,1000,1,1,0,0,0
LTE,520,3,867,154889839,0,100.56,13.741,1000,1,1,0,0,0
LTE,520,3,867,154891200,0,100.553,13.741,1000,1,1,0,0,0
GSM,520,99,1602,34224,0,100.553,13.741,1000,1,1,0,0,0
LTE,520,3,867,155023993,0,100.554,13.741,1000,1,1,0,0,0
LTE,520,5,114,3115778,0,100.553,13.741,1000,1,1,0,0,0
LTE,520,47,33052,78928140,0,100.562,13.741,1000,1,1,0,0,0
UMTS,520,15,16021,41887675,0,100.56,13.741,1000,1,1,0,0,0
LTE,520,3,867,154889851,0,100.559,13.741,1000,1,1,0,0,0
LTE,520,3,14003,242,0,100.556,13.741,1000,1,1,0,0,0
LTE,520,5,124,3364099,0,100.551,13.741,7938,1,1,0,0,0
GSM,520,99,15062,3908,0,100.559,13.741,1000,1,1,0,0,0
UMTS,520,5,3053,23342297,0,100.561,13.741,1695,1,1,0,0,0
LTE,520,5,3002,29389093,0,100.553,13.741,1000,1,1,0,0,0
LTE,520,3,912,155060861,0,100.554,13.741,1000,1,1,0,0,0
LTE,520,3,867,154886248,0,100.554,13.741,2423,1,1,0,0,0
UMTS,520,15,10011,42220372,0,100.555,13.741,1000,1,1,0,0,0
UMTS,520,5,3053,23332785,0,100.559,13.741,1000,1,1,0,0,0
UMTS,520,3,16025,41889075,0,100.558,13.741,1000,1,1,0,0,0
LTE,520,3,865,154888816,0,100.562,13.741,1000,1,1,0,0,0
UMTS,520,0,18,7309446,0,100.557,13.741,1000,1,1,0,0,0
LTE,520,47,33052,78928139,0,100.562,13.741,1000,1,1,0,0,0
UMTS,520,15,16021,41887684,0,100.557,13.741,1000,1,1,0,0,0
LTE,520,18,17,7381397,0,100.562,13.741,1000,1,1,0,0,0
UMTS,520,4,1602,137732928,0,100.565,13.741,1000,1,1,0,0,0
LTE,520,3,867,154889829,0,100.56,13.741,1000,1,1,0,0,0
UMTS,520,18,14612,7353488,0,100.562,13.741,1000,1,1,0,0,0
LTE,520,3,865,155027047,0,100.558,13.741,1000,1,1,0,0,0
UMTS,520,3,16025,41893858,0,100.565,13.741,1000,1,1,0,0,0
UMTS,520,3,16025,41910726,0,100.559,13.741,1000,1,1,0,0,0
LTE,520,18,3052,62471170,0,100.562,13.741,1000,1,1,0,0,0
UMTS,520,3,16025,41887684,0,100.556,13.741,1000,1,1,0,0,0
LTE,520,3,399,9597903,0,100.557,13.741,1000,1,1,0,0,0
LTE,520,4,20002,28288316,0,100.553,13.741,1000,1,1,0,0,0
UMTS,520,4,1612,131175240,0,100.565,13.741,1000,1,1,0,0,0
LTE,520,3,18720,53796976,0,100.551,13.741,1000,1,1,0,0,0
LTE,520,3,865,157185900,0,100.567,13.738,1000,1,1,0,0,0
GSM,520,1,4020,39167,0,100.567,13.738,1000,1,1,0,0,0
LTE,520,3,831,157440121,0,100.581,13.738,7083,1,1,0,0,0
LTE,520,47,33052,77154069,0,100.57,13.738,1000,1,1,0,0,0
LTE,520,3,865,157194617,0,100.575,13.738,4751,1,1,0,0,0
UMTS,520,18,14612,7354418,0,100.567,13.738,1000,1,1,0,0,0
UMTS,520,15,16021,41890434,0,100.567,13.738,8977,1,1,0,0,0
LTE,520,18,3052,64289282,0,100.573,13.738,1809,1,1,0,0,0
GSM,520,99,16061,3962,0,100.578,13.738,1204,1,1,0,0,0
LTE,520,3,865,157194728,0,100.57,13.738,1000,1,1,0,0,0
LTE,520,4,2004,2383647,0,100.575,13.738,1437,1,1,0,0,0
LTE,520,4,2004,46545921,0,100.582,13.738,1000,1,1,0,0,0
UMTS,520,18,14612,7354419,0,100.567,13.738,1292,1,1,0,0,0
UMTS,520,15,16021,41904027,0,100.576,13.738,1000,1,1,0,0,0
GSM,520,99,1622,33667,0,100.569,13.738,1000,1,1,0,0,0
LTE,520,5,121,1184586,0,100.579,13.738,1000,1,1,0,0,0
UMTS,520,18,14612,7354162,0,100.573,13.738,1694,1,1,0,0,0
GSM,520,99,1622,33622,0,100.582,13.738,1000,1,1,0,0,0
UMTS,520,5,1023,19862551,0,100.582,13.738,1000,1,1,0,0,0
UMTS,520,5,3101,23662781,0,100.579,13.738,1988,1,1,0,0,0
LTE,520,3,865,157190247,0,100.578,13.738,1000,1,1,0,0,0
LTE,520,3,864,157186417,0,100.582,13.738,1000,1,1,0,0,0
LTE,520,3,865,157184620,0,100.572,13.738,1000,1,1,0,0,0
LTE,520,5,105,1198338,0,100.583,13.738,1000,1,1,0,0,0
UMTS,520,3,16021,41887892,0,100.581,13.738,1000,1,1,0,0,0
LTE,520,3,865,157184640,0,100.572,13.738,1000,1,1,0,0,0
UMTS,520,18,847,164870779,0,100.569,13.738,3990,1,1,0,0,0
LTE,520,4,2004,2383617,0,100.583,13.738,1000,1,1,0,0,0
GSM,520,99,16061,3879,0,100.57,13.738,1000,1,1,0,0,0
LTE,520,18,3052,64403715,0,100.569,13.738,2099,1,1,0,0,0
UMTS,520,3,16025,41892620,0,100.573,13.738,1000,1,1,0,0,0
UMTS,520,5,1023,19862553,0,100.583,13.738,1000,1,1,0,0,0
UMTS,520,18,14781,9117483,0,100.581,13.738,1082,1,1,0,0,0
LTE,520,18,1023,64374530,0,100.582,13.738,1550,1,1,0,0,0
UMTS,520,4,1602,137730267,0,100.581,13.739,1399,1,1,0,0,0
UMTS,520,3,16025,41892145,0,100.576,13.739,2425,1,1,0,0,0
UMTS,520,0,17,7373204,0,100.579,13.739,1000,1,1,0,0,0
LTE,520,3,865,157185893,0,100.567,13.739,1320,1,1,0,0,0
UMTS,520,3,16021,41899465,0,100.582,13.739,1000,1,1,0,0,0
LTE,520,4,2004,46545922,0,100.581,13.739,1000,1,1,0,0,0
LTE,520,5,105,1198339,0,100.581,13.739,1000,1,1,0,0,0
LTE,520,4,24040,578,0,100.579,13.739,1000,1,1,0,0,0
LTE,520,5,113,8998727,0,100.572,13.739,1000,1,1,0,0,0
UMTS,520,18,14781,9117486,0,100.581,13.739,1452,1,1,0,0,0
UMTS,520,15,16021,41893026,0,100.57,13.739,9629,1,1,0,0,0
UMTS,520,15,16021,41889732,0,100.582,13.739,1000,1,1,0,0,0
UMTS,520,5,3052,23332563,0,100.574,13.739,1000,1,1,0,0,0
LTE,520,47,52021,77938608,0,100.581,13.739,1000,1,1,0,0,0
LTE,520,4,41021,14756156,0,100.581,13.739,1000,1,1,0,0,0
UMTS,520,3,16025,41888257,0,100.567,13.739,7197,1,1,0,0,0
LTE,520,5,121,1198340,0,100.583,13.739,1000,1,1,0,0,0
LTE,520,47,33052,79414805,0,100.579,13.739,1000,1,1,0,0,0
UMTS,520,15,16021,41887787,0,100.58,13.739,1000,1,1,0,0,0
UMTS,520,15,13011,42622619,0,100.583,13.739,5210,1,1,0,0,0
LTE,520,18,105,1198338,0,100.583,13.739,1000,1,1,0,0,0
UMTS,520,5,3052,0,0,100.571,13.739,8127,1,1,0,0,0
UMTS,520,5,3052,23338903,0,100.568,13.739,1000,1,1,0,0,0
LTE,520,5,1004,14838049,0,100.572,13.739,1000,1,1,0,0,0
UMTS,520,5,3052,23362245,0,100.578,13.739,1000,1,1,0,0,0
LTE,520,4,1004,4316417,0,100.58,13.739,1000,1,1,0,0,0
LTE,520,3,865,157190760,0,100.572,13.739,1000,1,1,0,0,0
UMTS,520,3,16025,41899477,0,100.581,13.739,1607,1,1,0,0,0
LTE,520,3,864,157191275,0,100.572,13.739,3136,1,1,0,0,0
LTE,520,4,1004,1590018,0,100.57,13.739,1000,1,1,0,0,0
UMTS,520,15,16021,41897381,0,100.568,13.739,1000,1,1,0,0,0
UMTS,520,15,16021,41888577,0,100.578,13.739,1608,1,1,0,0,0
LTE,520,3,912,155011685,0,100.573,13.739,6357,1,1,0,0,0
UMTS,520,3,16025,41891068,0,100.572,13.739,1000,1,1,0,0,0
LTE,520,4,2004,46545952,0,100.581,13.739,1000,1,1,0,0,0
LTE,520,47,33052,76870668,0,100.572,13.739,1000,1,1,0,0,0
UMTS,520,3,14025,41369577,0,100.567,13.739,1000,1,1,0,0,0
UMTS,520,0,18,7384246,0,100.567,13.739,1000,1,1,0,0,0
UMTS,520,0,17,7313691,0,100.567,13.739,1000,1,1,0,0,0
UMTS,520,3,14025,41388018,0,100.57,13.739,1000,1,1,0,0,0
UMTS,520,4,1622,137724327,0,100.571,13.739,1000,1,1,0,0,0
UMTS,520,4,1622,137724323,0,100.572,13.739,1000,1,1,0,0,0
UMTS,520,3,16025,41896317,0,100.572,13.739,1000,1,1,0,0,0
UMTS,520,3,16025,41914772,0,100.572,13.739,1000,1,1,0,0,0
UMTS,520,0,17,7396624,0,100.572,13.739,1000,1,1,0,0,0
UMTS,520,0,17,7373219,0,100.572,13.739,1000,1,1,0,0,0
UMTS,520,0,17,7384229,0,100.575,13.739,1000,1,1,0,0,0
UMTS,520,0,17,7384227,0,100.578,13.739,1000,1,1,0,0,0
LTE,520,5,113,1198339,0,100.579,13.739,1000,1,1,0,0,0
LTE,520,5,113,1198337,0,100.582,13.739,1000,1,1,0,0,0
UMTS,520,0,17,7384390,0,100.582,13.739,1000,1,1,0,0,0
GSM,520,99,16061,3961,0,100.583,13.739,1000,1,1,0,0,0
LTE,520,5,113,1198338,0,100.583,13.739,1000,1,1,0,0,0
UMTS,520,3,16025,41882551,0,100.583,13.739,1000,1,1,0,0,0
UMTS,520,3,16025,41893065,0,100.583,13.739,1000,1,1,0,0,0
UMTS,520,18,14612,7352611,0,100.583,13.739,1000,1,1,0,0,0
UMTS,520,3,10015,41882550,0,100.583,13.739,1000,1,1,0,0,0
UMTS,520,3,10015,41882551,0,100.583,13.739,1000,1,1,0,0,0
UMTS,520,0,19,7396616,0,100.583,13.739,1000,1,1,0,0,0
UMTS,520,5,1023,19889070,0,100.58,13.739,1000,1,1,0,0,0
LTE,520,5,1004,14838046,0,100.573,13.739,1000,1,1,0,0,0
UMTS,520,3,10015,42222325,0,100.569,13.739,3074,1,1,0,0,0
UMTS,520,15,16021,41896340,0,100.57,13.739,1000,1,1,0,0,0
UMTS,520,15,16021,41892963,0,100.568,13.739,1000,1,1,0,0,0
UMTS,520,3,16025,41895607,0,100.568,13.739,3616,1,1,0,0,0
LTE,520,5,121,1198339,0,100.582,13.739,1000,1,1,0,0,0
LTE,520,4,3002,3039006,0,100.573,13.739,6443,1,1,0,0,0
UMTS,520,15,13011,42615951,0,100.579,13.739,8997,1,1,0,0,0
UMTS,520,15,10011,42217983,0,100.58,13.739,4176,1,1,0,0,0
UMTS,520,15,16021,41890477,0,100.577,13.739,1000,1,1,0,0,0
UMTS,520,15,16021,41899467,0,100.582,13.739,1000,1,1,0,0,0
GSM,520,99,1622,33665,0,100.572,13.739,1000,1,1,0,0,0
UMTS,520,0,17,137724437,0,100.583,13.739,1000,1,1,0,0,0
LTE,520,4,1004,1590048,0,100.572,13.739,1000,1,1,0,0,0
LTE,520,3,865,157190780,0,100.573,13.739,1000,1,1,0,0,0
UMTS,520,3,16025,41914782,0,100.568,13.739,3093,1,1,0,0,0
LTE,520,5,125,3346177,0,100.58,13.739,3832,1,1,0,0,0
UMTS,520,3,16025,41899467,0,100.582,13.739,1000,1,1,0,0,0
UMTS,520,18,14721,8140687,0,100.567,13.739,4243,1,1,0,0,0
GSM,520,99,1622,33636,0,100.567,13.739,1000,1,1,0,0,0
GSM,520,99,15062,3874,0,100.567,13.739,1000,1,1,0,0,0
UMTS,520,5,3052,23336495,0,100.57,13.739,1517,1,1,0,0,0
UMTS,520,0,17,7390183,0,100.581,13.74,1000,1,1,0,0,0
LTE,520,3,865,157190502,0,100.579,13.74,1000,1,1,0,0,0
LTE,520,4,1004,4316446,0,100.575,13.74,1138,1,1,0,0,0
UMTS,520,15,16021,41889701,0,100.568,13.74,1000,1,1,0,0,0
UMTS,520,0,17,7373206,0,100.575,13.74,1000,1,1,0,0,0
UMTS,520,5,3023,23138122,0,100.58,13.74,7574,1,1,0,0,0
LTE,520,3,865,157194598,0,100.571,13.74,1000,1,1,0,0,0
LTE,520,5,1004,14838048,0,100.572,13.74,1000,1,1,0,0,0
UMTS,520,3,16025,41898894,0,100.575,13.74,1000,1,1,0,0,0
LTE,520,47,33101,77938473,0,100.58,13.74,1000,1,1,0,0,0
UMTS,520,3,6353,3281766,0,100.574,13.74,1000,1,1,0,0,0
UMTS,520,4,1622,137724437,0,100.581,13.74,1000,1,1,0,0,0
LTE,520,3,865,157192806,0,100.567,13.74,1000,1,1,0,0,0
UMTS,520,5,1622,137732723,0,100.571,13.74,1000,1,1,0,0,0
UMTS,520,5,3052,23354849,0,100.568,13.74,1149,1,1,0,0,0
LTE,520,5,121,1198337,0,100.581,13.74,1000,1,1,0,0,0
UMTS,520,4,1622,137730287,0,100.579,13.74,7040,1,1,0,0,0
LTE,520,18,1023,64374529,0,100.572,13.74,4888,1,1,0,0,0
LTE,520,4,1004,9994527,0,100.569,13.74,1000,1,1,0,0,0
UMTS,520,15,20021,42113282,0,100.577,13.74,18946,1,1,0,0,0
UMTS,520,15,16021,41897371,0,100.568,13.74,1000,1,1,0,0,0
GSM,520,18,14210,716,0,100.571,13.74,1000,1,1,0,0,0
LTE,520,3,824,157188967,0,100.583,13.74,1000,1,1,0,0,0
LTE,520,3,397,9953822,0,100.574,13.74,1000,1,1,0,0,0
UMTS,520,15,16021,41891070,0,100.572,13.74,1000,1,1,0,0,0
LTE,520,47,33052,77154059,0,100.571,13.74,1000,1,1,0,0,0
UMTS,520,0,17,7396618,0,100.574,13.74,1000,1,1,0,0,0
UMTS,520,3,3931,3325155,0,100.574,13.74,1000,1,1,0,0,0
LTE,520,3,397,9951522,0,100.58,13.74,1000,1,1,0,0,0
UMTS,520,15,16021,41889780,0,100.568,13.74,1000,1,1,0,0,0
LTE,520,5,113,6139209,0,100.573,13.74,1000,1,1,0,0,0
UMTS,520,5,1622,137738943,0,100.571,13.74,1000,1,1,0,0,0
LTE,520,4,7024,6604833,0,100.571,13.74,8853,1,1,0,0,0
LTE,520,4,1004,1590046,0,100.57,13.74,3426,1,1,0,0,0
LTE,520,47,33101,77938443,0,100.58,13.74,1000,1,1,0,0,0
UMTS,520,18,14782,9121539,0,100.576,13.74,4235,1,1,0,0,0
LTE,520,3,824,157188987,0,100.583,13.74,1000,1,1,0,0,0
GSM,520,1,24040,1231,0,100.573,13.74,1000,1,1,0,0,0
LTE,520,47,31023,79218217,0,100.58,13.74,1000,1,1,0,0,0
UMTS,520,15,16021,41892993,0,100.578,13.74,1000,1,1,0,0,0
UMTS,520,15,16021,41892978,0,100.568,13.74,1000,1,1,0,0,0
GSM,520,18,14240,849,0,100.571,13.74,1000,1,1,0,0,0
GSM,520,1,24040,733,0,100.575,13.74,2877,1,1,0,0,0
UMTS,520,15,10011,42216047,0,100.578,13.74,1000,1,1,0,0,0
UMTS,520,15,16021,41890480,0,100.577,13.74,1000,1,1,0,0,0
UMTS,520,15,16021,41889708,0,100.568,13.74,1000,1,1,0,0,0
LTE,520,5,113,440578,0,100.571,13.74,1000,1,1,0,0,0
UMTS,520,3,16025,41897227,0,100.567,13.74,1000,1,1,0,0,0
UMTS,520,0,17,7396595,0,100.567,13.74,1000,1,1,0,0,0
UMTS,520,0,17,7390163,0,100.567,13.74,1000,1,1,0,0,0
LTE,520,4,1004,9994497,0,100.567,13.74,1000,1,1,0,0,0
UMTS,520,4,1622,137730257,0,100.567,13.74,1000,1,1,0,0,0
GSM,520,99,16063,4209,0,100.567,13.74,1000,1,1,0,0,0
UMTS,520,3,16025,41893855,0,100.567,13.74,1000,1,1,0,0,0
UMTS,520,3,16025,41897371,0,100.567,13.74,1000,1,1,0,0,0
UMTS,520,3,14025,41373088,0,100.567,13.74,1000,1,1,0,0,0
UMTS,520,0,17,7321667,0,100.567,13.74,1000,1,1,0,0,0
LTE,520,4,1004,9994558,0,100.567,13.74,1000,1,1,0,0,0
UMTS,520,4,1622,7384246,0,100.571,13.74,1000,1,1,0,0,0
LTE,520,3,865,157312377,0,100.571,13.74,1000,1,1,0,0,0
UMTS,520,3,16025,41893408,0,100.572,13.74,1000,1,1,0,0,0
UMTS,520,3,16025,41903005,0,100.572,13.74,1000,1,1,0,0,0
UMTS,520,0,17,7384244,0,100.572,13.74,1000,1,1,0,0,0
UMTS,520,3,16025,41907346,0,100.574,13.74,1000,1,1,0,0,0
UMTS,520,3,16025,41905871,0,100.575,13.74,1000,1,1,0,0,0
LTE,520,5,105,2992899,0,100.581,13.74,1000,1,1,0,0,0
UMTS,520,3,16025,41904026,0,100.581,13.74,1000,1,1,0,0,0
UMTS,520,5,1023,19862552,0,100.581,13.74,1000,1,1,0,0,0
LTE,520,3,865,157190246,0,100.581,13.74,1000,1,1,0,0,0
UMTS,520,3,5025,41512070,0,100.582,13.74,1000,1,1,0,0,0
UMTS,520,3,16025,41915481,0,100.583,13.74,1000,1,1,0,0,0
UMTS,520,15,16021,41912753,0,100.57,13.74,1000,1,1,0,0,0
LTE,520,18,3052,64632579,0,100.572,13.74,1000,1,1,0,0,0
UMTS,520,5,3023,23149415,0,100.569,13.741,7150,1,1,0,0,0
LTE,520,47,33052,78813984,0,100.573,13.741,1000,1,1,0,0,0
LTE,520,3,865,157186682,0,100.567,13.741,1000,1,1,0,0,0
UMTS,520,5,1622,137732722,0,100.571,13.741,1000,1,1,0,0,0
UMTS,520,4,20009,11489597,0,100.567,13.741,6140,1,1,0,0,0
LTE,520,3,865,157186667,0,100.567,13.741,1000,1,1,0,0,0
UMTS,520,18,14781,9122082,0,100.583,13.741,1000,1,1,0,0,0
LTE,520,4,20004,25679676,0,100.578,13.741,3680,1,1,0,0,0
UMTS,520,5,3052,23336492,0,100.57,13.741,2112,1,1,0,0,0
UMTS,520,15,16021,41893855,0,100.568,13.741,1000,1,1,0,0,0
UMTS,520,15,16021,41893858,0,100.568,13.741,1000,1,1,0,0,0
UMTS,520,5,3143,23949909,0,100.57,13.741,6807,1,1,0,0,0
LTE,520,3,866,156936313,0,100.568,13.741,3578,1,1,0,0,0
UMTS,520,5,1023,19857951,0,100.576,13.741,1000,1,1,0,0,0
LTE,520,5,113,6139139,0,100.572,13.741,1000,1,1,0,0,0
LTE,520,3,865,157194599,0,100.57,13.741,1000,1,1,0,0,0
UMTS,520,18,14781,9118347,0,100.57,13.741,1012,1,1,0,0,0
GSM,520,99,1622,33651,0,100.576,13.741,1166,1,1,0,0,0
LTE,520,3,865,157190759,0,100.572,13.741,1075,1,1,0,0,0
LTE,520,3,375,11052722,0,100.579,13.741,4306,1,1,0,0,0
UMTS,520,15,10011,42218277,0,100.582,13.741,1000,1,1,0,0,0
LTE,520,3,866,154881135,0,100.577,13.741,2688,1,1,0,0,0
LTE,520,3,824,157185145,0,100.583,13.741,2218,1,1,0,0,0
UMTS,520,5,1023,19862549,0,100.582,13.741,1000,1,1,0,0,0
UMTS,520,5,14612,7352746,0,100.568,13.741,1000,1,1,0,0,0
UMTS,520,4,865,157194617,0,100.571,13.741,1000,1,1,0,0,0
LTE,520,3,866,157065329,0,100.575,13.741,7363,1,1,0,0,0
UMTS,520,18,1622,137730287,0,100.577,13.741,1000,1,1,0,0,0
UMTS,520,3,16025,41893868,0,100.568,13.741,1000,1,1,0,0,0
UMTS,520,0,17,7396594,0,100.569,13.741,1000,1,1,0,0,0
LTE,520,3,865,157192805,0,100.568,13.741,1000,1,1,0,0,0
LTE,520,3,864,157186405,0,100.581,13.741,2706,1,1,0,0,0
UMTS,520,15,10011,42218231,0,100.58,13.741,1000,1,1,0,0,0
UMTS,520,15,16021,41887783,0,100.576,13.741,7252,1,1,0,0,0
UMTS,520,5,3052,23332561,0,100.572,13.741,1170,1,1,0,0,0
GSM,520,18,14240,4681,0,100.581,13.741,1788,1,1,0,0,0
UMTS,520,3,16025,41914777,0,100.568,13.741,3430,1,1,0,0,0
UMTS,520,3,10015,41892988,0,100.577,13.741,1000,1,1,0,0,0
UMTS,520,15,16021,41890499,0,100.576,13.741,1000,1,1,0,0,0
UMTS,520,15,5011,0,0,100.581,13.741,6662,1,1,0,0,0
LTE,520,18,3052,64403714,0,100.572,13.741,1944,1,1,0,0,0
UMTS,520,15,16025,41907366,0,100.577,13.741,1000,1,1,0,0,0
LTE,520,47,33052,76870667,0,100.571,13.741,1000,1,1,0,0,0
LTE,520,3,831,157450106,0,100.578,13.741,1000,1,1,0,0,0
UMTS,520,0,17,7379183,0,100.579,13.741,1000,1,1,0,0,0
LTE,520,18,1023,64458754,0,100.579,13.741,8984,1,1,0,0,0
UMTS,520,3,16021,41889732,0,100.582,13.741,1000,1,1,0,0,0
UMTS,520,15,10011,42242691,0,100.577,13.741,1000,1,1,0,0,0
UMTS,520,15,10011,42217497,0,100.577,13.741,1000,1,1,0,0,0
LTE,520,3,865,157190779,0,100.573,13.741,1000,1,1,0,0,0
GSM,520,1,24040,737,0,100.568,13.741,1000,1,1,0,0,0
GSM,520,1,24040,1271,0,100.572,13.741,1000,1,1,0,0,0
UMTS,520,18,3927,3324384,0,100.583,13.741,1000,1,1,0,0,0
LTE,520,3,865,157194597,0,100.571,13.742,1000,1,1,0,0,0
UMTS,520,3,16025,41897223,0,100.568,13.742,1000,1,1,0,0,0
UMTS,520,3,16025,41904035,0,100.578,13.742,1000,1,1,0,0,0
LTE,520,5,113,12436737,0,100.568,13.742,8071,1,1,0,0,0
UMTS,520,3,16025,41907347,0,100.57,13.742,1000,1,1,0,0,0
UMTS,520,15,16025,41904035,0,100.578,13.742,1000,1,1,0,0,0
UMTS,520,15,16021,41904025,0,100.578,13.742,1000,1,1,0,0,0
LTE,520,3,914,153870694,0,100.572,13.742,8387,1,1,0,0,0
UMTS,520,18,14612,7352745,0,100.569,13.742,1000,1,1,0,0,0
LTE,520,3,377,11052602,0,100.569,13.742,1000,1,1,0,0,0
GSM,520,99,1622,33648,0,100.579,13.742,1305,1,1,0,0,0
UMTS,520,99,824,157456997,0,100.58,13.742,1000,1,1,0,0,0
UMTS,520,15,16021,41904035,0,100.577,13.742,1000,1,1,0,0,0
LTE,520,3,865,157190265,0,100.578,13.742,1000,1,1,0,0,0
UMTS,520,3,14025,41373078,0,100.567,13.742,1000,1,1,0,0,0
UMTS,520,3,7975,42238507,0,100.567,13.742,1000,1,1,0,0,0
LTE,520,5,113,1505538,0,100.568,13.742,1000,1,1,0,0,0
UMTS,520,3,16025,41897366,0,100.568,13.742,1000,1,1,0,0,0
UMTS,520,15,16021,41892975,0,100.568,13.742,1000,1,1,0,0,0
UMTS,520,4,1004,937217,0,100.57,13.742,1000,1,1,0,0,0
UMTS,520,3,16025,41900635,0,100.571,13.742,1000,1,1,0,0,0
UMTS,520,5,3052,7352746,0,100.571,13.742,1000,1,1,0,0,0
GSM,520,18,11530,23983,0,100.572,13.742,1000,1,1,0,0,0
GSM,520,18,14210,5883,0,100.572,13.742,1000,1,1,0,0,0
UMTS,520,4,1622,137732941,0,100.572,13.742,1000,1,1,0,0,0
UMTS,520,0,17,7381837,0,100.572,13.742,1000,1,1,0,0,0
UMTS,520,0,17,7385617,0,100.572,13.742,1000,1,1,0,0,0
UMTS,520,0,19,7400327,0,100.572,13.742,1000,1,1,0,0,0
UMTS,520,4,1622,7381837,0,100.574,13.742,1000,1,1,0,0,0
UMTS,520,3,16025,41907366,0,100.574,13.742,1000,1,1,0,0,0
UMTS,520,0,17,7396607,0,100.578,13.742,1000,1,1,0,0,0
UMTS,520,3,10015,41904026,0,100.581,13.742,1000,1,1,0,0,0
UMTS,520,18,14612,7354036,0,100.582,13.742,1000,1,1,0,0,0
UMTS,520,4,1004,2383648,0,100.582,13.742,1000,1,1,0,0,0
UMTS,520,3,20025,41889895,0,100.583,13.742,1000,1,1,0,0,0
LTE,520,4,1004,9994496,0,100.569,13.742,1000,1,1,0,0,0
GSM,520,99,15062,3821,0,100.569,13.742,1000,1,1,0,0,0
LTE,520,4,2004,5156098,0,100.581,13.742,1000,1,1,0,0,0
LTE,520,3,824,157188985,0,100.582,13.742,3742,1,1,0,0,0
LTE,520,3,865,157186662,0,100.568,13.742,1000,1,1,0,0,0
UMTS,520,0,17,7373066,0,100.577,13.742,1000,1,1,0,0,0
UMTS,520,5,1622,23354844,0,100.571,13.742,1000,1,1,0,0,0
LTE,520,5,1004,13993246,0,100.573,13.742,1000,1,1,0,0,0
LTE,520,4,2004,463393,0,100.583,13.742,5669,1,1,0,0,0
LTE,520,5,113,6139207,0,100.573,13.742,1000,1,1,0,0,0
UMTS,520,18,14612,7352746,0,100.569,13.742,1328,1,1,0,0,0
UMTS,520,15,16021,41890474,0,100.579,13.742,1000,1,1,0,0,0
LTE,520,5,113,1505539,0,100.567,13.742,1000,1,1,0,0,0
GSM,520,18,14210,1057,0,100.572,13.742,1000,1,1,0,0,0
UMTS,520,15,16021,41910598,0,100.577,13.742,3185,1,1,0,0,0
UMTS,520,15,16021,41892988,0,100.578,13.742,1000,1,1,0,0,0
UMTS,520,15,16021,41888407,0,100.577,13.742,1000,1,1,0,0,0
GSM,520,99,1622,35350,0,100.572,13.742,1000,1,1,0,0,0
LTE,520,4,20004,1590076,0,100.573,13.742,1000,1,1,0,0,0
UMTS,520,3,16025,41909477,0,100.567,13.742,6356,1,1,0,0,0
UMTS,520,3,5660,1873,0,100.583,13.742,1000,1,1,0,0,0
LTE,520,3,397,9953721,0,100.579,13.742,1000,1,1,0,0,0
GSM,520,18,14240,845,0,100.577,13.742,1000,1,1,0,0,0
UMTS,520,15,10011,42217458,0,100.577,13.742,4964,1,1,0,0,0
LTE,520,3,824,157449574,0,100.583,13.742,1000,1,1,0,0,0
LTE,520,3,831,156673147,0,100.574,13.742,9046,1,1,0,0,0
UMTS,520,15,5660,1873,0,100.583,13.742,1000,1,1,0,0,0
UMTS,520,15,16021,41889444,0,100.573,13.742,8427,1,1,0,0,0
UMTS,520,5,3052,23354846,0,100.578,13.742,4992,1,1,0,0,0
LTE,520,3,397,9951502,0,100.578,13.742,1000,1,1,0,0,0
UMTS,520,3,16025,41896128,0,100.569,13.742,1215,1,1,0,0,0
LTE,520,18,1023,64458755,0,100.574,13.742,1000,1,1,0,0,0
LTE,520,3,865,157190245,0,100.578,13.742,1000,1,1,0,0,0
LTE,520,4,1004,937247,0,100.571,13.742,1000,1,1,0,0,0
UMTS,520,3,16025,41907357,0,100.573,13.742,1000,1,1,0,0,0
UMTS,520,5,3052,23337531,0,100.568,13.742,6067,1,1,0,0,0
LTE,520,4,2004,5156128,0,100.581,13.742,1708,1,1,0,0,0
LTE,520,3,363,9992801,0,100.576,13.742,1000,1,1,0,0,0
UMTS,520,5,1023,19874226,0,100.576,13.742,1000,1,1,0,0,0
LTE,520,47,33052,77126677,0,100.572,13.742,1000,1,1,0,0,0
LTE,520,5,114,8960516,0,100.58,13.742,3454,1,1,0,0,0
UMTS,520,0,17,7384246,0,100.571,13.742,1000,1,1,0,0,0
UMTS,520,0,17,7396626,0,100.571,13.743,1000,1,1,0,0,0
UMTS,520,15,10011,42216149,0,100.583,13.743,1000,1,1,0,0,0
UMTS,520,4,865,157194597,0,100.572,13.743,1000,1,1,0,0,0
GSM,520,99,16061,3825,0,100.57,13.743,1000,1,1,0,0,0
UMTS,520,3,65534,157190255,0,100.578,13.743,1000,1,1,0,0,0
LTE,520,15,865,157190245,0,100.578,13.743,1000,1,1,0,0,0
UMTS,520,0,17,7390143,0,100.57,13.743,1000,1,1,0,0,0
GSM,520,99,1622,33641,0,100.57,13.743,1000,1,1,0,0,0
UMTS,520,0,17,7380857,0,100.583,13.743,1537,1,1,0,0,0
LTE,520,4,1004,937216,0,100.573,13.743,1000,1,1,0,0,0
GSM,520,99,1622,33643,0,100.572,13.743,1000,1,1,0,0,0
UMTS,520,18,14781,9123508,0,100.582,13.743,1000,1,1,0,0,0
LTE,520,3,865,157190255,0,100.578,13.743,1000,1,1,0,0,0
UMTS,520,5,3101,23670856,0,100.567,13.743,8882,1,1,0,0,0
UMTS,520,15,10011,42216048,0,100.57,13.743,3202,1,1,0,0,0
LTE,520,4,1004,9997087,0,100.578,13.743,1000,1,1,0,0,0
LTE,520,3,831,156676711,0,100.567,13.743,6845,1,1,0,0,0
LTE,520,4,20004,9994556,0,100.572,13.743,1000,1,1,0,0,0
UMTS,520,5,1336,2002247,0,100.569,13.743,1000,1,1,0,0,0
GSM,520,18,14209,10353,0,100.578,13.743,1043,1,1,0,0,0
LTE,520,5,1004,13993257,0,100.573,13.743,1000,1,1,0,0,0
UMTS,520,0,17,7373223,0,100.571,13.743,1000,1,1,0,0,0
UMTS,520,18,14781,9118350,0,100.571,13.743,1000,1,1,0,0,0
UMTS,520,15,16021,41892617,0,100.572,13.743,1000,1,1,0,0,0
UMTS,520,3,16025,41897376,0,100.569,13.743,1000,1,1,0,0,0
UMTS,520,15,3927,3334644,0,100.582,13.743,1000,1,1,0,0,0
LTE,520,3,865,157194853,0,100.57,13.743,500,1,1,0,0,0
LTE,520,3,865,157194873,0,100.571,13.743,1000,1,1,0,0,0
LTE,520,3,865,157190523,0,100.572,13.743,1000,1,1,0,0,0
UMTS,520,5,1023,19887511,0,100.579,13.743,1000,1,1,0,0,0
UMTS,520,5,1023,19874765,0,100.583,13.743,1000,1,1,0,0,0
LTE,520,3,865,157190503,0,100.573,13.743,3149,1,1,0,0,0
LTE,520,4,1004,4316416,0,100.577,13.743,1000,1,1,0,0,0
UMTS,520,15,10011,42218227,0,100.583,13.743,1000,1,1,0,0,0
UMTS,520,5,3052,23332564,0,100.572,13.743,1000,1,1,0,0,0
UMTS,520,3,397,9953812,0,100.574,13.743,1000,1,1,0,0,0
UMTS,520,3,16025,41907367,0,100.573,13.743,2924,1,1,0,0,0
UMTS,520,18,1004,9997087,0,100.578,13.743,1000,1,1,0,0,0
LTE,520,4,1004,9997057,0,100.578,13.743,1000,1,1,0,0,0
UMTS,520,15,16021,41912747,0,100.567,13.743,1000,1,1,0,0,0
UMTS,520,4,1622,137727938,0,100.567,13.743,1000,1,1,0,0,0
UMTS,520,3,16025,41897372,0,100.567,13.743,1000,1,1,0,0,0
UMTS,520,3,16025,41897382,0,100.567,13.743,1000,1,1,0,0,0
UMTS,520,3,14025,41373079,0,100.567,13.743,1000,1,1,0,0,0
UMTS,520,3,14025,41369567,0,100.567,13.743,1000,1,1,0,0,0
GSM,520,99,1602,35460,0,100.567,13.743,1000,1,1,0,0,0
UMTS,520,0,17,7391867,0,100.568,13.743,1000,1,1,0,0,0
UMTS,520,4,1622,137731971,0,100.57,13.743,1000,1,1,0,0,0
UMTS,520,3,16025,41888197,0,100.57,13.743,1000,1,1,0,0,0
UMTS,520,3,16025,41897365,0,100.57,13.743,1000,1,1,0,0,0
UMTS,520,3,16025,41900645,0,100.57,13.743,1000,1,1,0,0,0
UMTS,520,5,3053,23336491,0,100.57,13.743,1000,1,1,0,0,0
UMTS,520,4,1622,137732942,0,100.571,13.743,1000,1,1,0,0,0
UMTS,520,3,16025,41883665,0,100.571,13.743,1000,1,1,0,0,0
UMTS,520,3,16025,41897356,0,100.571,13.743,1000,1,1,0,0,0
UMTS,520,3,14025,41376347,0,100.571,13.743,1000,1,1,0,0,0
UMTS,520,0,17,7396597,0,100.571,13.743,1000,1,1,0,0,0
UMTS,520,3,16025,41889779,0,100.571,13.743,1000,1,1,0,0,0
UMTS,520,3,3025,41907357,0,100.572,13.743,1000,1,1,0,0,0
UMTS,520,3,3025,41907362,0,100.572,13.743,1000,1,1,0,0,0
UMTS,520,18,14612,7348875,0,100.572,13.743,1000,1,1,0,0,0
GSM,520,99,16061,18375,0,100.572,13.743,1000,1,1,0,0,0
LTE,520,4,20004,28057916,0,100.574,13.743,1000,1,1,0,0,0
UMTS,520,3,15025,41691512,0,100.575,13.743,1000,1,1,0,0,0
UMTS,520,3,3025,42003742,0,100.578,13.743,1000,1,1,0,0,0
UMTS,520,3,16025,41892988,0,100.578,13.743,1000,1,1,0,0,0
UMTS,520,5,3052,23332562,0,100.579,13.743,1000,1,1,0,0,0
GSM,520,99,1622,35200,0,100.579,13.743,1000,1,1,0,0,0
UMTS,520,4,1622,131176677,0,100.581,13.743,1000,1,1,0,0,0
LTE,520,5,105,1198337,0,100.582,13.743,1000,1,1,0,0,0
UMTS,520,18,14612,7352049,0,100.582,13.743,1000,1,1,0,0,0
LTE,520,5,113,1505537,0,100.567,13.743,1000,1,1,0,0,0
UMTS,520,0,17,7396598,0,100.569,13.743,1000,1,1,0,0,0
GSM,520,99,1622,35360,0,100.57,13.743,1000,1,1,0,0,0
UMTS,520,5,3052,23354844,0,100.571,13.743,1000,1,1,0,0,0
UMTS,520,3,16025,41907352,0,100.572,13.743,1000,1,1,0,0,0
LTE,520,4,1004,11394817,0,100.572,13.743,1000,1,1,0,0,0
UMTS,520,0,17,7400327,0,100.573,13.743,1000,1,1,0,0,0
GSM,520,1,24040,579,0,100.576,13.743,1000,1,1,0,0,0
UMTS,520,15,10011,42242446,0,100.582,13.743,1000,1,1,0,0,0
UMTS,520,5,1023,19887512,0,100.578,13.743,1000,1,1,0,0,0
LTE,520,5,105,2992898,0,100.578,13.743,1000,1,1,0,0,0
LTE,520,18,1023,64779777,0,100.579,13.743,3882,1,1,0,0,0
GSM,520,18,14240,5882,0,100.568,13.743,1000,1,1,0,0,0
LTE,520,4,1004,11394847,0,100.572,13.743,1000,1,1,0,0,0
GSM,520,18,14240,5883,0,100.567,13.743,1000,1,1,0,0,0
UMTS,520,0,17,7391857,0,100.571,13.743,1000,1,1,0,0,0
GSM,520,1,24040,702,0,100.568,13.743,1000,1,1,0,0,0
GSM,520,99,1622,33635,0,100.569,13.743,1000,1,1,0,0,0
UMTS,520,3,16025,41897375,0,100.568,13.743,1000,1,1,0,0,0
UMTS,520,0,17,7395038,0,100.578,13.743,1000,1,1,0,0,0
UMTS,520,15,16021,41888408,0,100.573,13.743,2959,1,1,0,0,0
UMTS,520,4,1620,8608073,0,100.579,13.743,1000,1,1,0,0,0
LTE,520,47,33052,78813963,0,100.573,13.743,1000,1,1,0,0,0
UMTS,520,15,10011,42218228,0,100.581,13.743,1000,1,1,0,0,0
GSM,520,18,14240,840,0,100.571,13.743,1000,1,1,0,0,0
LTE,520,5,113,6139137,0,100.572,13.743,1000,1,1,0,0,0
GSM,520,18,14240,2268,0,100.567,13.743,1000,1,1,0,0,0
GSM,520,18,14240,11693,0,100.572,13.743,1000,1,1,0,0,0
UMTS,520,4,17,7380847,0,100.571,13.743,1000,1,1,0,0,0
UMTS,520,3,10011,42216047,0,100.578,13.743,1000,1,1,0,0,0
UMTS,520,3,10015,42217626,0,100.577,13.743,1000,1,1,0,0,0
UMTS,520,4,1605,137699523,0,100.581,13.743,5640,1,1,0,0,0
UMTS,520,5,1622,23332561,0,100.572,13.744,1000,1,1,0,0,0
UMTS,520,18,17,7380847,0,100.578,13.744,1000,1,1,0,0,0
LTE,520,3,865,157190508,0,100.573,13.744,1000,1,1,0,0,0
UMTS,520,18,17,7384063,0,100.578,13.744,1000,1,1,0,0,0
UMTS,520,4,1622,137731951,0,100.57,13.744,1000,1,1,0,0,0
LTE,520,4,1004,9997058,0,100.577,13.744,1000,1,1,0,0,0
UMTS,520,0,17,7384214,0,100.575,13.744,1000,1,1,0,0,0
GSM,520,18,14240,567,0,100.567,13.744,1000,1,1,0,0,0
UMTS,520,3,10015,42216047,0,100.579,13.744,1000,1,1,0,0,0
LTE,520,3,865,157190633,0,100.573,13.744,1000,1,1,0,0,0
UMTS,520,3,16025,41907372,0,100.572,13.744,1000,1,1,0,0,0
UMTS,520,15,10011,42241877,0,100.578,13.744,1000,1,1,0,0,0
UMTS,520,5,1023,19874766,0,100.583,13.744,1000,1,1,0,0,0
GSM,520,1,24040,527,0,100.569,13.744,1000,1,1,0,0,0
LTE,520,3,865,157186681,0,100.567,13.744,1000,1,1,0,0,0
UMTS,520,15,10011,42216150,0,100.582,13.744,1000,1,1,0,0,0
LTE,520,3,831,157448315,0,100.579,13.744,3841,1,1,0,0,0
UMTS,520,15,16021,41897365,0,100.567,13.744,1000,1,1,0,0,0
UMTS,520,15,10011,42242447,0,100.582,13.744,1000,1,1,0,0,0
UMTS,520,3,10015,42242460,0,100.583,13.744,1000,1,1,0,0,0
GSM,520,18,14240,103,0,100.58,13.744,1000,1,1,0,0,0
UMTS,520,5,3101,23682701,0,100.568,13.744,6452,1,1,0,0,0
UMTS,520,3,10015,42242457,0,100.582,13.744,1000,1,1,0,0,0
UMTS,520,4,1622,137727937,0,100.567,13.744,1000,1,1,0,0,0
GSM,520,99,1622,1210,0,100.568,13.744,1000,1,1,0,0,0
LTE,520,4,1004,9997088,0,100.577,13.744,1000,1,1,0,0,0
LTE,520,3,865,157190513,0,100.571,13.744,1000,1,1,0,0,0
LTE,520,3,824,157449595,0,100.581,13.744,1000,1,1,0,0,0
UMTS,520,0,17,7384063,0,100.576,13.744,1518,1,1,0,0,0
GSM,520,1,24040,714,0,100.568,13.744,1000,1,1,0,0,0
UMTS,520,15,16021,41907355,0,100.574,13.744,1000,1,1,0,0,0
LTE,520,3,356,9953201,0,100.577,13.744,1093,1,1,0,0,0
LTE,520,4,1004,8681217,0,100.567,13.744,1000,1,1,0,0,0
GSM,520,99,1622,33652,0,100.581,13.744,1212,1,1,0,0,0
UMTS,520,3,10015,42242447,0,100.581,13.744,1000,1,1,0,0,0
UMTS,520,5,3052,23336491,0,100.567,13.744,1000,1,1,0,0,0
UMTS,520,3,16025,41907365,0,100.574,13.744,1000,1,1,0,0,0
UMTS,520,0,17,7379143,0,100.57,13.744,1000,1,1,0,0,0
GSM,520,1,24040,526,0,100.58,13.744,1133,1,1,0,0,0
LTE,520,3,865,157186661,0,100.567,13.744,1136,1,1,0,0,0
UMTS,520,0,17,7401424,0,100.567,13.744,1000,1,1,0,0,0
UMTS,520,0,17,7373190,0,100.575,13.744,1000,1,1,0,0,0
UMTS,520,3,10015,42241887,0,100.578,13.744,1000,1,1,0,0,0
UMTS,520,4,1622,137730277,0,100.579,13.744,1000,1,1,0,0,0
UMTS,520,0,17,7351042,0,100.57,13.744,1000,1,1,0,0,0
UMTS,520,18,10011,42217381,0,100.581,13.744,1000,1,1,0,0,0
GSM,520,99,1622,33642,0,100.567,13.744,1000,1,1,0,0,0
UMTS,520,3,10015,42239577,0,100.583,13.744,3269,1,1,0,0,0
LTE,520,3,865,157186666,0,100.569,13.744,1000,1,1,0,0,0
UMTS,520,15,10011,42218269,0,100.577,13.744,1000,1,1,0,0,0
UMTS,520,3,10015,42242696,0,100.577,13.744,1000,1,1,0,0,0
LTE,520,18,1023,62511363,0,100.574,13.744,1708,1,1,0,0,0
UMTS,520,0,17,7396593,0,100.57,13.744,1000,1,1,0,0,0
UMTS,520,0,17,7387284,0,100.567,13.744,1000,1,1,0,0,0
UMTS,520,0,17,7380867,0,100.568,13.744,1000,1,1,0,0,0
UMTS,520,4,1622,137730297,0,100.578,13.744,1000,1,1,0,0,0
UMTS,520,15,10011,42223035,0,100.577,13.744,1705,1,1,0,0,0
UMTS,520,0,17,7401423,0,100.568,13.744,1000,1,1,0,0,0
LTE,520,4,3052,23332561,0,100.569,13.744,1000,1,1,0,0,0
GSM,520,1,24040,715,0,100.568,13.744,1000,1,1,0,0,0
LTE,520,15,1249,157186786,0,100.569,13.744,1000,1,1,0,0,0
UMTS,520,0,17,7376834,0,100.567,13.744,1000,1,1,0,0,0
UMTS,520,5,3052,23336496,0,100.568,13.744,1000,1,1,0,0,0
LTE,520,3,865,157190521,0,100.574,13.744,1000,1,1,0,0,0
LTE,520,18,1023,64276739,0,100.58,13.744,2354,1,1,0,0,0
GSM,520,1,24040,713,0,100.568,13.744,1000,1,1,0,0,0
UMTS,520,5,1622,23368342,0,100.573,13.744,1000,1,1,0,0,0
UMTS,520,15,10011,42217293,0,100.58,13.744,2258,1,1,0,0,0
LTE,520,4,1004,11394848,0,100.567,13.744,1000,1,1,0,0,0
GSM,520,1,24040,1257,0,100.572,13.744,1000,1,1,0,0,0
UMTS,520,0,17,7396633,0,100.568,13.744,1000,1,1,0,0,0
GSM,520,99,1622,1230,0,100.567,13.744,1000,1,1,0,0,0
UMTS,520,3,16025,41896124,0,100.568,13.744,2714,1,1,0,0,0
GSM,520,99,1622,1180,0,100.567,13.744,1000,1,1,0,0,0
UMTS,520,0,17,7376833,0,100.568,13.744,1000,1,1,0,0,0
LTE,520,3,865,157186686,0,100.569,13.744,1000,1,1,0,0,0
LTE,520,18,1023,62511361,0,100.581,13.745,1000,1,1,0,0,0
LTE,520,18,3053,64816129,0,100.574,13.745,5608,1,1,0,0,0
LTE,520,5,105,63236,0,100.577,13.745,1000,1,1,0,0,0
UMTS,520,15,16021,41892977,0,100.569,13.745,1000,1,1,0,0,0
UMTS,520,1,113,440579,0,100.572,13.745,1000,1,1,0,0,0
UMTS,520,4,1622,137728380,0,100.576,13.745,1000,1,1,0,0,0
UMTS,520,15,16021,41888409,0,100.573,13.745,1000,1,1,0,0,0
UMTS,520,3,10015,42241877,0,100.579,13.745,1000,1,1,0,0,0
LTE,520,3,824,157449575,0,100.577,13.745,3967,1,1,0,0,0
UMTS,520,5,3052,23348170,0,100.578,13.745,1000,1,1,0,0,0
GSM,520,1,24040,577,0,100.579,13.745,1000,1,1,0,0,0
UMTS,520,18,14612,7352610,0,100.581,13.745,1000,1,1,0,0,0
GSM,520,99,1622,1170,0,100.567,13.745,1000,1,1,0,0,0
GSM,520,99,1622,1250,0,100.567,13.745,1000,1,1,0,0,0
LTE,520,4,1004,11394878,0,100.568,13.745,1000,1,1,0,0,0
UMTS,520,3,16025,41893848,0,100.57,13.745,1000,1,1,0,0,0
UMTS,520,18,14612,7340052,0,100.571,13.745,1000,1,1,0,0,0
UMTS,520,5,3052,23348174,0,100.572,13.745,1000,1,1,0,0,0
UMTS,520,3,16025,41376347,0,100.572,13.745,1000,1,1,0,0,0
UMTS,520,3,16025,41907362,0,100.572,13.745,1000,1,1,0,0,0
UMTS,520,3,16025,41997421,0,100.572,13.745,1000,1,1,0,0,0
UMTS,520,3,16025,41914915,0,100.572,13.745,1000,1,1,0,0,0
UMTS,520,0,17,7393752,0,100.572,13.745,1000,1,1,0,0,0
UMTS,520,3,10015,41907372,0,100.572,13.745,1000,1,1,0,0,0
LTE,520,5,105,2992900,0,100.574,13.745,1000,1,1,0,0,0
UMTS,520,0,17,7396604,0,100.575,13.745,1000,1,1,0,0,0
UMTS,520,3,16025,41905866,0,100.576,13.745,1000,1,1,0,0,0
UMTS,520,3,10015,42242675,0,100.576,13.745,1000,1,1,0,0,0
UMTS,520,3,10015,42242702,0,100.576,13.745,1000,1,1,0,0,0
UMTS,520,3,10015,42242695,0,100.576,13.745,1000,1,1,0,0,0
UMTS,520,5,3052,7342381,0,100.576,13.745,1000,1,1,0,0,0
UMTS,520,5,3052,4112,0,100.576,13.745,1000,1,1,0,0,0
LTE,520,5,105,2992897,0,100.578,13.745,1000,1,1,0,0,0
LTE,520,5,113,2992897,0,100.578,13.745,1000,1,1,0,0,0
UMTS,520,3,10015,42242680,0,100.578,13.745,1000,1,1,0,0,0
UMTS,520,3,10015,42242681,0,100.578,13.745,1000,1,1,0,0,0
UMTS,520,5,3052,23331357,0,100.578,13.745,1000,1,1,0,0,0
UMTS,520,5,3052,23331360,0,100.578,13.745,1000,1,1,0,0,0
UMTS,520,0,19,7379193,0,100.578,13.745,1000,1,1,0,0,0
UMTS,520,3,10015,42238937,0,100.579,13.745,1000,1,1,0,0,0
UMTS,520,5,3052,23348173,0,100.579,13.745,1000,1,1,0,0,0
UMTS,520,3,10015,42210305,0,100.579,13.745,1000,1,1,0,0,0
UMTS,520,3,10015,42238947,0,100.581,13.745,1000,1,1,0,0,0
UMTS,520,3,10015,42242437,0,100.581,13.745,1000,1,1,0,0,0
UMTS,520,5,3052,23335960,0,100.581,13.745,1000,1,1,0,0,0
UMTS,520,5,3052,23348169,0,100.581,13.745,1000,1,1,0,0,0
GSM,520,18,14240,11692,0,100.581,13.745,1000,1,1,0,0,0
UMTS,520,0,17,7396606,0,100.581,13.745,1000,1,1,0,0,0
UMTS,520,3,7975,42242457,0,100.581,13.745,1000,1,1,0,0,0
UMTS,520,0,19,7390173,0,100.581,13.745,1000,1,1,0,0,0
UMTS,520,0,17,7379173,0,100.581,13.745,1000,1,1,0,0,0
UMTS,520,18,14781,9121521,0,100.582,13.745,1000,1,1,0,0,0
